month,day,year,player,from_team,to_team,got_back,note,verified,source
1,5,1920,Babe Ruth,Boston Red Sox,New York Yankees,"$100,000 + a Fenway loan","Announced Jan 5 (agreed ~Dec 26, 1919); 86-year Boston drought.",yes,SABR; History.com
1,27,1982,Ryne Sandberg,Philadelphia Phillies,Chicago Cubs,Ivan DeJesus,HOF second baseman for a shortstop; Bowa went to Chicago too.,yes,Baseball HOF
6,15,1964,Lou Brock,Chicago Cubs,St. Louis Cardinals,Ernie Broglio,'Brock for Broglio' -- Broglio's elbow was already going.,yes,Baseball HOF; Wikipedia
7,30,2021,Pete Crow-Armstrong,New York Mets,Chicago Cubs,Javier Baez + Trevor Williams,19-yo for a half-season rental; PCA became a 30-30 All-Star.,yes,MLB.com; Marquee
8,12,1987,John Smoltz,Detroit Tigers,Atlanta Braves,Doyle Alexander,"The rental worked (9-0, AL East) and still cost a HOF arm.",yes,Baseball HOF; BR Bullpen
8,30,1990,Jeff Bagwell,Boston Red Sox,Houston Astros,Larry Andersen,A future HOFer for one month of a reliever.,yes,Baseball HOF; SI
11,19,1993,Pedro Martinez,Los Angeles Dodgers,Montreal Expos,Delino DeShields,One-for-one young talent; Pedro became an all-time great.,yes,This Day in Baseball; SI
12,9,1965,Frank Robinson,Cincinnati Reds,Baltimore Orioles,"Milt Pappas, Jack Baldschun, Dick Simpson",Reds called him 'an old 30'; he won the Triple Crown + WS in 1966.,yes,SABR; Baseball HOF
12,10,1971,Nolan Ryan,New York Mets,California Angels,Jim Fregosi,Widely called one of the worst trades ever.,yes,MLB.com; Baseball HOF
