season,team_id,team,w,l
1901,145,White Sox,83,53
1901,111,Americans,79,57
1901,116,Tigers,74,61
1901,133,Athletics,74,62
1901,298,Orioles,68,65
1901,142,Senators,61,72
1901,114,Blues,54,82
1901,110,Brewers,48,89
1901,134,Pirates,90,49
1901,143,Phillies,83,57
1901,119,Superbas,79,57
1901,138,Cardinals,76,64
1901,144,Beaneaters,69,69
1901,112,Orphans,53,86
1901,137,Giants,52,85
1901,113,Reds,52,87
1902,133,Athletics,83,53
1902,110,Browns,78,58
1902,111,Americans,77,60
1902,145,White Sox,74,60
1902,114,Bronchos,69,67
1902,142,Senators,61,75
1902,116,Tigers,52,83
1902,298,Orioles,50,88
1902,134,Pirates,103,36
1902,119,Superbas,75,63
1902,144,Beaneaters,73,64
1902,113,Reds,70,70
1902,112,Orphans,68,69
1902,138,Cardinals,56,78
1902,143,Phillies,56,81
1902,137,Giants,48,90
1903,111,Americans,91,47
1903,133,Athletics,75,60
1903,114,Naps,77,63
1903,147,Highlanders,72,62
1903,116,Tigers,65,71
1903,110,Browns,65,74
1903,145,White Sox,60,77
1903,142,Senators,43,94
1903,134,Pirates,91,49
1903,137,Giants,84,55
1903,112,Cubs,82,56
1903,113,Reds,74,65
1903,119,Superbas,70,66
1903,144,Beaneaters,58,80
1903,143,Phillies,49,86
1903,138,Cardinals,43,94
1904,111,Americans,95,59
1904,147,Highlanders,92,59
1904,145,White Sox,89,65
1904,114,Naps,86,65
1904,133,Athletics,81,70
1904,110,Browns,65,87
1904,116,Tigers,62,90
1904,142,Senators,38,113
1904,137,Giants,106,47
1904,112,Cubs,93,60
1904,113,Reds,88,65
1904,134,Pirates,87,66
1904,138,Cardinals,75,79
1904,119,Superbas,56,97
1904,144,Beaneaters,55,98
1904,143,Phillies,52,100
1905,133,Athletics,92,56
1905,145,White Sox,92,60
1905,116,Tigers,79,74
1905,111,Americans,78,74
1905,114,Naps,76,78
1905,147,Highlanders,71,78
1905,142,Senators,64,87
1905,110,Browns,54,99
1905,137,Giants,105,48
1905,134,Pirates,96,57
1905,112,Cubs,92,61
1905,143,Phillies,83,69
1905,113,Reds,79,74
1905,138,Cardinals,58,96
1905,144,Beaneaters,51,103
1905,119,Superbas,48,104
1906,145,White Sox,93,58
1906,147,Highlanders,90,61
1906,114,Naps,89,64
1906,133,Athletics,78,67
1906,110,Browns,76,73
1906,116,Tigers,71,78
1906,142,Senators,55,95
1906,111,Americans,49,105
1906,112,Cubs,116,36
1906,137,Giants,96,56
1906,134,Pirates,93,60
1906,143,Phillies,71,82
1906,119,Superbas,66,86
1906,113,Reds,64,87
1906,138,Cardinals,52,98
1906,144,Beaneaters,49,102
1907,116,Tigers,92,58
1907,133,Athletics,88,57
1907,145,White Sox,87,64
1907,114,Naps,85,67
1907,147,Highlanders,70,78
1907,110,Browns,69,83
1907,111,Red Sox,59,90
1907,142,Senators,49,102
1907,112,Cubs,107,45
1907,134,Pirates,91,63
1907,143,Phillies,83,64
1907,137,Giants,82,71
1907,119,Superbas,65,83
1907,113,Reds,66,87
1907,144,Doves,58,90
1907,138,Cardinals,52,101
1908,116,Tigers,90,63
1908,114,Naps,90,64
1908,145,White Sox,88,64
1908,110,Browns,83,69
1908,111,Red Sox,75,79
1908,133,Athletics,68,85
1908,142,Senators,67,85
1908,147,Highlanders,51,103
1908,112,Cubs,99,55
1908,137,Giants,98,56
1908,134,Pirates,98,56
1908,143,Phillies,83,71
1908,113,Reds,73,81
1908,144,Doves,63,91
1908,119,Superbas,53,101
1908,138,Cardinals,49,105
1909,116,Tigers,98,54
1909,133,Athletics,95,58
1909,111,Red Sox,88,63
1909,145,White Sox,78,74
1909,147,Highlanders,74,77
1909,114,Naps,71,82
1909,110,Browns,61,89
1909,142,Senators,42,110
1909,134,Pirates,110,42
1909,112,Cubs,104,49
1909,137,Giants,92,61
1909,113,Reds,77,76
1909,143,Phillies,74,79
1909,119,Superbas,55,98
1909,138,Cardinals,54,98
1909,144,Doves,45,108
1910,133,Athletics,102,48
1910,147,Highlanders,88,63
1910,116,Tigers,86,68
1910,111,Red Sox,81,72
1910,114,Naps,71,81
1910,145,White Sox,68,85
1910,142,Senators,66,85
1910,110,Browns,47,107
1910,112,Cubs,104,50
1910,137,Giants,91,63
1910,134,Pirates,86,67
1910,143,Phillies,78,75
1910,113,Reds,75,79
1910,119,Superbas,64,90
1910,138,Cardinals,63,90
1910,144,Doves,53,100
1911,133,Athletics,101,50
1911,116,Tigers,89,65
1911,114,Naps,80,73
1911,145,White Sox,77,74
1911,111,Red Sox,78,75
1911,147,Highlanders,76,76
1911,142,Senators,64,90
1911,110,Browns,45,107
1911,137,Giants,99,54
1911,112,Cubs,92,62
1911,134,Pirates,85,69
1911,143,Phillies,79,73
1911,138,Cardinals,75,74
1911,113,Reds,70,83
1911,119,Dodgers,64,86
1911,144,Rustlers,44,107
1912,111,Red Sox,105,47
1912,142,Senators,91,61
1912,133,Athletics,90,62
1912,145,White Sox,78,76
1912,114,Naps,75,78
1912,116,Tigers,69,84
1912,110,Browns,53,101
1912,147,Highlanders,50,102
1912,137,Giants,103,48
1912,134,Pirates,93,58
1912,112,Cubs,91,59
1912,113,Reds,75,78
1912,143,Phillies,73,79
1912,138,Cardinals,63,90
1912,119,Dodgers,58,95
1912,144,Braves,52,101
1913,133,Athletics,96,57
1913,142,Senators,90,64
1913,114,Naps,86,66
1913,111,Red Sox,79,71
1913,145,White Sox,78,74
1913,116,Tigers,66,87
1913,147,Yankees,57,94
1913,110,Browns,57,96
1913,137,Giants,101,51
1913,143,Phillies,88,63
1913,112,Cubs,88,65
1913,134,Pirates,78,71
1913,144,Braves,69,82
1913,119,Superbas,65,84
1913,113,Reds,64,89
1913,138,Cardinals,51,99
1914,133,Athletics,99,53
1914,111,Red Sox,91,62
1914,142,Senators,81,73
1914,116,Tigers,80,73
1914,110,Browns,71,82
1914,145,White Sox,70,84
1914,147,Yankees,70,84
1914,114,Naps,51,102
1914,144,Braves,94,59
1914,137,Giants,84,70
1914,138,Cardinals,81,72
1914,112,Cubs,78,76
1914,119,Robins,75,79
1914,143,Phillies,74,80
1914,134,Pirates,69,85
1914,113,Reds,60,94
1915,111,Red Sox,101,50
1915,116,Tigers,100,54
1915,145,White Sox,93,61
1915,142,Senators,85,68
1915,147,Yankees,69,83
1915,110,Browns,63,91
1915,114,Indians,57,95
1915,133,Athletics,43,109
1915,143,Phillies,90,62
1915,144,Braves,83,69
1915,119,Robins,80,72
1915,112,Cubs,73,80
1915,134,Pirates,73,81
1915,138,Cardinals,72,81
1915,113,Reds,71,83
1915,137,Giants,69,83
1916,111,Red Sox,91,63
1916,145,White Sox,89,65
1916,116,Tigers,87,67
1916,147,Yankees,80,74
1916,110,Browns,79,75
1916,114,Indians,77,77
1916,142,Senators,76,77
1916,133,Athletics,36,117
1916,119,Robins,94,60
1916,143,Phillies,91,62
1916,144,Braves,89,63
1916,137,Giants,86,66
1916,112,Cubs,67,86
1916,134,Pirates,65,89
1916,138,Cardinals,60,93
1916,113,Reds,60,93
1917,145,White Sox,100,54
1917,111,Red Sox,90,62
1917,114,Indians,88,66
1917,116,Tigers,78,75
1917,142,Senators,74,79
1917,147,Yankees,71,82
1917,110,Browns,57,97
1917,133,Athletics,55,98
1917,137,Giants,98,56
1917,143,Phillies,87,65
1917,138,Cardinals,82,70
1917,113,Reds,78,76
1917,112,Cubs,74,80
1917,144,Braves,72,81
1917,119,Robins,70,81
1917,134,Pirates,51,103
1918,111,Red Sox,75,51
1918,114,Indians,73,54
1918,142,Senators,72,56
1918,147,Yankees,60,63
1918,110,Browns,58,64
1918,145,White Sox,57,67
1918,116,Tigers,55,71
1918,133,Athletics,52,76
1918,112,Cubs,84,45
1918,137,Giants,71,53
1918,113,Reds,68,60
1918,134,Pirates,65,60
1918,119,Robins,57,69
1918,143,Phillies,55,68
1918,144,Braves,53,71
1918,138,Cardinals,51,78
1919,145,White Sox,88,52
1919,114,Indians,84,55
1919,147,Yankees,80,59
1919,116,Tigers,80,60
1919,110,Browns,67,72
1919,111,Red Sox,66,71
1919,142,Senators,56,84
1919,133,Athletics,36,104
1919,113,Reds,96,44
1919,137,Giants,87,53
1919,112,Cubs,75,65
1919,134,Pirates,71,68
1919,119,Robins,69,71
1919,144,Braves,57,82
1919,138,Cardinals,54,83
1919,143,Phillies,47,90
1920,114,Indians,98,56
1920,145,White Sox,96,58
1920,147,Yankees,95,59
1920,110,Browns,76,77
1920,111,Red Sox,72,81
1920,142,Senators,68,84
1920,116,Tigers,61,93
1920,133,Athletics,48,106
1920,119,Robins,93,61
1920,137,Giants,86,68
1920,113,Reds,82,71
1920,134,Pirates,79,75
1920,138,Cardinals,75,79
1920,112,Cubs,75,79
1920,144,Braves,62,90
1920,143,Phillies,62,91
1921,147,Yankees,98,55
1921,114,Indians,94,60
1921,110,Browns,81,73
1921,142,Senators,80,73
1921,111,Red Sox,75,79
1921,116,Tigers,71,82
1921,145,White Sox,62,92
1921,133,Athletics,53,100
1921,137,Giants,94,59
1921,134,Pirates,90,63
1921,138,Cardinals,87,66
1921,144,Braves,79,74
1921,119,Robins,77,75
1921,113,Reds,70,83
1921,112,Cubs,64,89
1921,143,Phillies,51,103
1922,147,Yankees,94,60
1922,110,Browns,93,61
1922,116,Tigers,79,75
1922,114,Indians,78,76
1922,145,White Sox,77,77
1922,142,Senators,69,85
1922,133,Athletics,65,89
1922,111,Red Sox,61,93
1922,137,Giants,93,61
1922,113,Reds,86,68
1922,138,Cardinals,85,69
1922,134,Pirates,85,69
1922,112,Cubs,80,74
1922,119,Robins,76,78
1922,143,Phillies,57,96
1922,144,Braves,53,100
1923,147,Yankees,98,54
1923,116,Tigers,83,71
1923,114,Indians,82,71
1923,142,Senators,75,78
1923,110,Browns,74,78
1923,133,Athletics,69,83
1923,145,White Sox,69,85
1923,111,Red Sox,61,91
1923,137,Giants,95,58
1923,113,Reds,91,63
1923,134,Pirates,87,67
1923,112,Cubs,83,71
1923,138,Cardinals,79,74
1923,119,Robins,76,78
1923,144,Braves,54,100
1923,143,Phillies,50,104
1924,142,Senators,92,62
1924,147,Yankees,89,63
1924,116,Tigers,86,68
1924,110,Browns,74,79
1924,133,Athletics,71,81
1924,114,Indians,67,86
1924,111,Red Sox,67,87
1924,145,White Sox,66,87
1924,137,Giants,93,60
1924,119,Robins,92,62
1924,134,Pirates,90,63
1924,113,Reds,83,70
1924,112,Cubs,81,72
1924,138,Cardinals,65,89
1924,143,Phillies,55,96
1924,144,Braves,53,100
1925,142,Senators,96,55
1925,133,Athletics,88,64
1925,110,Browns,82,71
1925,116,Tigers,81,73
1925,145,White Sox,79,75
1925,114,Indians,70,84
1925,147,Yankees,69,85
1925,111,Red Sox,47,105
1925,134,Pirates,95,58
1925,137,Giants,86,66
1925,113,Reds,80,73
1925,138,Cardinals,77,76
1925,144,Braves,70,83
1925,119,Robins,68,85
1925,143,Phillies,68,85
1925,112,Cubs,68,86
1926,147,Yankees,91,63
1926,114,Indians,88,66
1926,133,Athletics,83,67
1926,142,Senators,81,69
1926,145,White Sox,81,72
1926,116,Tigers,79,75
1926,110,Browns,62,92
1926,111,Red Sox,46,107
1926,138,Cardinals,89,65
1926,113,Reds,87,67
1926,134,Pirates,84,69
1926,112,Cubs,82,72
1926,137,Giants,74,77
1926,119,Robins,71,82
1926,144,Braves,64,86
1926,143,Phillies,58,91
1927,147,Yankees,110,44
1927,133,Athletics,91,63
1927,142,Senators,85,69
1927,116,Tigers,82,71
1927,145,White Sox,70,83
1927,114,Indians,66,87
1927,110,Browns,59,94
1927,111,Red Sox,51,103
1927,134,Pirates,94,60
1927,138,Cardinals,92,61
1927,137,Giants,92,62
1927,112,Cubs,85,68
1927,113,Reds,75,78
1927,119,Robins,65,88
1927,144,Braves,60,94
1927,143,Phillies,51,103
1928,147,Yankees,101,53
1928,133,Athletics,98,55
1928,110,Browns,82,72
1928,142,Senators,75,79
1928,145,White Sox,72,82
1928,116,Tigers,68,86
1928,114,Indians,62,92
1928,111,Red Sox,57,96
1928,138,Cardinals,95,59
1928,137,Giants,93,61
1928,112,Cubs,91,63
1928,134,Pirates,85,67
1928,113,Reds,78,74
1928,119,Robins,77,76
1928,144,Braves,50,103
1928,143,Phillies,43,109
1929,133,Athletics,104,46
1929,147,Yankees,88,66
1929,114,Indians,81,71
1929,110,Browns,79,73
1929,142,Senators,71,81
1929,116,Tigers,70,84
1929,145,White Sox,59,93
1929,111,Red Sox,58,96
1929,112,Cubs,98,54
1929,134,Pirates,88,65
1929,137,Giants,84,67
1929,138,Cardinals,78,74
1929,143,Phillies,71,82
1929,119,Robins,70,83
1929,113,Reds,66,88
1929,144,Braves,56,98
1930,133,Athletics,102,52
1930,142,Senators,94,60
1930,147,Yankees,86,68
1930,114,Indians,81,73
1930,116,Tigers,75,79
1930,110,Browns,64,90
1930,145,White Sox,62,92
1930,111,Red Sox,52,102
1930,138,Cardinals,92,62
1930,112,Cubs,90,64
1930,137,Giants,87,67
1930,119,Robins,86,68
1930,134,Pirates,80,74
1930,144,Braves,70,84
1930,113,Reds,59,95
1930,143,Phillies,52,102
1931,133,Athletics,107,45
1931,147,Yankees,94,59
1931,142,Senators,92,62
1931,114,Indians,78,76
1931,110,Browns,63,91
1931,111,Red Sox,62,90
1931,116,Tigers,61,93
1931,145,White Sox,56,97
1931,138,Cardinals,101,53
1931,137,Giants,87,65
1931,112,Cubs,84,70
1931,119,Robins,79,73
1931,134,Pirates,75,79
1931,143,Phillies,66,88
1931,144,Braves,64,90
1931,113,Reds,58,96
1932,147,Yankees,107,47
1932,133,Athletics,94,60
1932,142,Senators,93,61
1932,114,Indians,87,65
1932,116,Tigers,76,75
1932,110,Browns,63,91
1932,145,White Sox,49,102
1932,111,Red Sox,43,111
1932,112,Cubs,90,64
1932,134,Pirates,86,68
1932,119,Dodgers,81,73
1932,143,Phillies,78,76
1932,144,Braves,77,77
1932,137,Giants,72,82
1932,138,Cardinals,72,82
1932,113,Reds,60,94
1933,142,Senators,99,53
1933,147,Yankees,91,59
1933,133,Athletics,79,72
1933,114,Indians,75,76
1933,116,Tigers,75,79
1933,145,White Sox,67,83
1933,111,Red Sox,63,86
1933,110,Browns,55,96
1933,137,Giants,91,61
1933,134,Pirates,87,67
1933,112,Cubs,86,68
1933,144,Braves,83,71
1933,138,Cardinals,82,71
1933,119,Dodgers,65,88
1933,143,Phillies,60,92
1933,113,Reds,58,94
1934,116,Tigers,101,53
1934,147,Yankees,94,60
1934,114,Indians,85,69
1934,111,Red Sox,76,76
1934,133,Athletics,68,82
1934,110,Browns,67,85
1934,142,Senators,66,86
1934,145,White Sox,53,99
1934,138,Cardinals,95,58
1934,137,Giants,93,60
1934,112,Cubs,86,65
1934,144,Braves,78,73
1934,134,Pirates,74,76
1934,119,Dodgers,71,81
1934,143,Phillies,56,93
1934,113,Reds,52,99
1935,116,Tigers,93,58
1935,147,Yankees,89,60
1935,114,Indians,82,71
1935,111,Red Sox,78,75
1935,145,White Sox,74,78
1935,142,Senators,67,86
1935,110,Browns,65,87
1935,133,Athletics,58,91
1935,112,Cubs,100,54
1935,138,Cardinals,96,58
1935,137,Giants,91,62
1935,134,Pirates,86,67
1935,119,Dodgers,70,83
1935,113,Reds,68,85
1935,143,Phillies,64,89
1935,144,Braves,38,115
1936,147,Yankees,102,51
1936,116,Tigers,83,71
1936,145,White Sox,81,70
1936,142,Senators,82,71
1936,114,Indians,80,74
1936,111,Red Sox,74,80
1936,110,Browns,57,95
1936,133,Athletics,53,100
1936,137,Giants,92,62
1936,138,Cardinals,87,67
1936,112,Cubs,87,67
1936,134,Pirates,84,70
1936,113,Reds,74,80
1936,144,Bees,71,83
1936,119,Dodgers,67,87
1936,143,Phillies,54,100
1937,147,Yankees,102,52
1937,116,Tigers,89,65
1937,145,White Sox,86,68
1937,114,Indians,83,71
1937,111,Red Sox,80,72
1937,142,Senators,73,80
1937,133,Athletics,54,97
1937,110,Browns,46,108
1937,137,Giants,95,57
1937,112,Cubs,93,61
1937,134,Pirates,86,68
1937,138,Cardinals,81,73
1937,144,Bees,79,73
1937,119,Dodgers,62,91
1937,143,Phillies,61,92
1937,113,Reds,56,98
1938,147,Yankees,99,53
1938,111,Red Sox,88,61
1938,114,Indians,86,66
1938,116,Tigers,84,70
1938,142,Senators,75,76
1938,145,White Sox,65,83
1938,110,Browns,55,97
1938,133,Athletics,53,99
1938,112,Cubs,89,63
1938,134,Pirates,86,64
1938,137,Giants,83,67
1938,113,Reds,82,68
1938,144,Bees,77,75
1938,138,Cardinals,71,80
1938,119,Dodgers,69,80
1938,143,Phillies,45,105
1939,147,Yankees,106,45
1939,111,Red Sox,89,62
1939,114,Indians,87,67
1939,145,White Sox,85,69
1939,116,Tigers,81,73
1939,142,Senators,65,88
1939,133,Athletics,55,97
1939,110,Browns,43,111
1939,113,Reds,97,57
1939,138,Cardinals,92,61
1939,119,Dodgers,84,69
1939,112,Cubs,84,70
1939,137,Giants,77,74
1939,134,Pirates,68,85
1939,144,Bees,63,88
1939,143,Phillies,45,106
1940,116,Tigers,90,64
1940,114,Indians,89,65
1940,147,Yankees,88,66
1940,111,Red Sox,82,72
1940,145,White Sox,82,72
1940,110,Browns,67,87
1940,142,Senators,64,90
1940,133,Athletics,54,100
1940,113,Reds,100,53
1940,119,Dodgers,88,65
1940,138,Cardinals,84,69
1940,134,Pirates,78,76
1940,112,Cubs,75,79
1940,137,Giants,72,80
1940,144,Bees,65,87
1940,143,Phillies,50,103
1941,147,Yankees,101,53
1941,111,Red Sox,84,70
1941,145,White Sox,77,77
1941,116,Tigers,75,79
1941,114,Indians,75,79
1941,110,Browns,70,84
1941,142,Senators,70,84
1941,133,Athletics,64,90
1941,119,Dodgers,100,54
1941,138,Cardinals,97,56
1941,113,Reds,88,66
1941,134,Pirates,81,73
1941,137,Giants,74,79
1941,112,Cubs,70,84
1941,144,Braves,62,92
1941,143,Phillies,43,111
1942,147,Yankees,103,51
1942,111,Red Sox,93,59
1942,110,Browns,82,69
1942,114,Indians,75,79
1942,116,Tigers,73,81
1942,145,White Sox,66,82
1942,142,Senators,62,89
1942,133,Athletics,55,99
1942,138,Cardinals,106,48
1942,119,Dodgers,104,50
1942,137,Giants,85,67
1942,113,Reds,76,76
1942,134,Pirates,66,81
1942,112,Cubs,68,86
1942,144,Braves,59,89
1942,143,Phillies,42,109
1943,147,Yankees,98,56
1943,142,Senators,84,69
1943,114,Indians,82,71
1943,145,White Sox,82,72
1943,116,Tigers,78,76
1943,110,Browns,72,80
1943,111,Red Sox,68,84
1943,133,Athletics,49,105
1943,138,Cardinals,105,49
1943,113,Reds,87,67
1943,119,Dodgers,81,72
1943,134,Pirates,80,74
1943,112,Cubs,74,79
1943,144,Braves,68,85
1943,143,Phillies,64,90
1943,137,Giants,55,98
1944,110,Browns,89,65
1944,116,Tigers,88,66
1944,147,Yankees,83,71
1944,111,Red Sox,77,77
1944,114,Indians,72,82
1944,133,Athletics,72,82
1944,145,White Sox,71,83
1944,142,Senators,64,90
1944,138,Cardinals,105,49
1944,134,Pirates,90,63
1944,113,Reds,89,65
1944,112,Cubs,75,79
1944,137,Giants,67,87
1944,144,Braves,65,89
1944,119,Dodgers,63,91
1944,143,Phillies,61,92
1945,116,Tigers,88,65
1945,142,Senators,87,67
1945,110,Browns,81,70
1945,147,Yankees,81,71
1945,114,Indians,73,72
1945,145,White Sox,71,78
1945,111,Red Sox,71,83
1945,133,Athletics,52,98
1945,112,Cubs,98,56
1945,138,Cardinals,95,59
1945,119,Dodgers,87,67
1945,134,Pirates,82,72
1945,137,Giants,78,74
1945,144,Braves,67,85
1945,113,Reds,61,93
1945,143,Phillies,46,108
1946,111,Red Sox,104,50
1946,116,Tigers,92,62
1946,147,Yankees,87,67
1946,142,Senators,76,78
1946,145,White Sox,74,80
1946,114,Indians,68,86
1946,110,Browns,66,88
1946,133,Athletics,49,105
1946,138,Cardinals,96,58
1946,119,Dodgers,96,58
1946,112,Cubs,82,71
1946,144,Braves,81,72
1946,143,Phillies,69,85
1946,113,Reds,67,87
1946,134,Pirates,63,91
1946,137,Giants,61,93
1947,147,Yankees,97,57
1947,116,Tigers,85,69
1947,111,Red Sox,83,71
1947,114,Indians,80,74
1947,133,Athletics,78,76
1947,145,White Sox,70,84
1947,142,Senators,64,90
1947,110,Browns,59,95
1947,119,Dodgers,94,60
1947,138,Cardinals,89,65
1947,144,Braves,86,68
1947,137,Giants,81,73
1947,113,Reds,73,81
1947,112,Cubs,69,85
1947,143,Phillies,62,92
1947,134,Pirates,62,92
1948,114,Indians,97,58
1948,111,Red Sox,96,59
1948,147,Yankees,94,60
1948,133,Athletics,84,70
1948,116,Tigers,78,76
1948,110,Browns,59,94
1948,142,Senators,56,97
1948,145,White Sox,51,101
1948,144,Braves,91,62
1948,138,Cardinals,85,69
1948,119,Dodgers,84,70
1948,134,Pirates,83,71
1948,137,Giants,78,76
1948,143,Phillies,66,88
1948,113,Reds,64,89
1948,112,Cubs,64,90
1949,147,Yankees,97,57
1949,111,Red Sox,96,58
1949,114,Indians,89,65
1949,116,Tigers,87,67
1949,133,Athletics,81,73
1949,145,White Sox,63,91
1949,110,Browns,53,101
1949,142,Senators,50,104
1949,119,Dodgers,97,57
1949,138,Cardinals,96,58
1949,143,Phillies,81,73
1949,144,Braves,75,79
1949,137,Giants,73,81
1949,134,Pirates,71,83
1949,113,Reds,62,92
1949,112,Cubs,61,93
1950,147,Yankees,98,56
1950,116,Tigers,95,59
1950,111,Red Sox,94,60
1950,114,Indians,92,62
1950,142,Senators,67,87
1950,145,White Sox,60,94
1950,110,Browns,58,96
1950,133,Athletics,52,102
1950,143,Phillies,91,63
1950,119,Dodgers,89,65
1950,137,Giants,86,68
1950,144,Braves,83,71
1950,138,Cardinals,78,75
1950,113,Reds,66,87
1950,112,Cubs,64,89
1950,134,Pirates,57,96
1951,147,Yankees,98,56
1951,114,Indians,93,61
1951,111,Red Sox,87,67
1951,145,White Sox,81,73
1951,116,Tigers,73,81
1951,133,Athletics,70,84
1951,142,Senators,62,92
1951,110,Browns,52,102
1951,137,Giants,98,59
1951,119,Dodgers,97,60
1951,138,Cardinals,81,73
1951,144,Braves,76,78
1951,143,Phillies,73,81
1951,113,Reds,68,86
1951,134,Pirates,64,90
1951,112,Cubs,62,92
1952,147,Yankees,95,59
1952,114,Indians,93,61
1952,145,White Sox,81,73
1952,133,Athletics,79,75
1952,142,Senators,78,76
1952,111,Red Sox,76,78
1952,110,Browns,64,90
1952,116,Tigers,50,104
1952,119,Dodgers,96,57
1952,137,Giants,92,62
1952,138,Cardinals,88,66
1952,143,Phillies,87,67
1952,112,Cubs,77,77
1952,113,Reds,69,85
1952,144,Braves,64,89
1952,134,Pirates,42,112
1953,147,Yankees,99,52
1953,114,Indians,92,62
1953,145,White Sox,89,65
1953,111,Red Sox,84,69
1953,142,Senators,76,76
1953,116,Tigers,60,94
1953,133,Athletics,59,95
1953,110,Browns,54,100
1953,119,Dodgers,105,49
1953,144,Braves,92,62
1953,143,Phillies,83,71
1953,138,Cardinals,83,71
1953,137,Giants,70,84
1953,113,Reds,68,86
1953,112,Cubs,65,89
1953,134,Pirates,50,104
1954,114,Indians,111,43
1954,147,Yankees,103,51
1954,145,White Sox,94,60
1954,111,Red Sox,69,85
1954,116,Tigers,68,86
1954,142,Senators,66,88
1954,110,Orioles,54,100
1954,133,Athletics,51,103
1954,137,Giants,97,57
1954,119,Dodgers,92,62
1954,144,Braves,89,65
1954,143,Phillies,75,79
1954,113,Redlegs,74,80
1954,138,Cardinals,72,82
1954,112,Cubs,64,90
1954,134,Pirates,53,101
1955,147,Yankees,96,58
1955,114,Indians,93,61
1955,145,White Sox,91,63
1955,111,Red Sox,84,70
1955,116,Tigers,79,75
1955,133,Athletics,63,91
1955,110,Orioles,57,97
1955,142,Senators,53,101
1955,119,Dodgers,98,55
1955,144,Braves,85,69
1955,137,Giants,80,74
1955,143,Phillies,77,77
1955,113,Redlegs,75,79
1955,112,Cubs,72,81
1955,138,Cardinals,68,86
1955,134,Pirates,60,94
1956,147,Yankees,97,57
1956,114,Indians,88,66
1956,145,White Sox,85,69
1956,111,Red Sox,84,70
1956,116,Tigers,82,72
1956,110,Orioles,69,85
1956,142,Senators,59,95
1956,133,Athletics,52,102
1956,119,Dodgers,93,61
1956,144,Braves,92,62
1956,113,Redlegs,91,63
1956,138,Cardinals,76,78
1956,143,Phillies,71,83
1956,137,Giants,67,87
1956,134,Pirates,66,88
1956,112,Cubs,60,94
1957,147,Yankees,98,56
1957,145,White Sox,90,64
1957,111,Red Sox,82,72
1957,116,Tigers,78,76
1957,110,Orioles,76,76
1957,114,Indians,76,77
1957,133,Athletics,59,94
1957,142,Senators,55,99
1957,144,Braves,95,59
1957,138,Cardinals,87,67
1957,119,Dodgers,84,70
1957,113,Redlegs,80,74
1957,143,Phillies,77,77
1957,137,Giants,69,85
1957,112,Cubs,62,92
1957,134,Pirates,62,92
1958,147,Yankees,92,62
1958,145,White Sox,82,72
1958,111,Red Sox,79,75
1958,114,Indians,77,76
1958,116,Tigers,77,77
1958,110,Orioles,74,79
1958,133,Athletics,73,81
1958,142,Senators,61,93
1958,144,Braves,92,62
1958,134,Pirates,84,70
1958,137,Giants,80,74
1958,113,Redlegs,76,78
1958,138,Cardinals,72,82
1958,112,Cubs,72,82
1958,119,Dodgers,71,83
1958,143,Phillies,69,85
1959,145,White Sox,94,60
1959,114,Indians,89,65
1959,147,Yankees,79,75
1959,116,Tigers,76,78
1959,111,Red Sox,75,79
1959,110,Orioles,74,80
1959,133,Athletics,66,88
1959,142,Senators,63,91
1959,119,Dodgers,88,68
1959,144,Braves,86,70
1959,137,Giants,83,71
1959,134,Pirates,78,76
1959,113,Redlegs,74,80
1959,112,Cubs,74,80
1959,138,Cardinals,71,83
1959,143,Phillies,64,90
1960,147,Yankees,97,57
1960,110,Orioles,89,65
1960,145,White Sox,87,67
1960,114,Indians,76,78
1960,142,Senators,73,81
1960,116,Tigers,71,83
1960,111,Red Sox,65,89
1960,133,Athletics,58,96
1960,134,Pirates,95,59
1960,144,Braves,88,66
1960,138,Cardinals,86,68
1960,119,Dodgers,82,72
1960,137,Giants,79,75
1960,113,Reds,67,87
1960,112,Cubs,60,94
1960,143,Phillies,59,95
1961,147,Yankees,109,53
1961,116,Tigers,101,61
1961,110,Orioles,95,67
1961,145,White Sox,86,76
1961,114,Indians,78,83
1961,111,Red Sox,76,86
1961,142,Twins,70,90
1961,108,Angels,70,91
1961,133,Athletics,61,100
1961,140,Senators,61,100
1961,113,Reds,93,61
1961,119,Dodgers,89,65
1961,137,Giants,85,69
1961,144,Braves,83,71
1961,138,Cardinals,80,74
1961,134,Pirates,75,79
1961,112,Cubs,64,90
1961,143,Phillies,47,107
1962,147,Yankees,96,66
1962,142,Twins,91,71
1962,108,Angels,86,76
1962,116,Tigers,85,76
1962,145,White Sox,85,77
1962,114,Indians,80,82
1962,110,Orioles,77,85
1962,111,Red Sox,76,84
1962,133,Athletics,72,90
1962,140,Senators,60,101
1962,119,Dodgers,101,61
1962,137,Giants,101,61
1962,113,Reds,98,64
1962,134,Pirates,93,68
1962,144,Braves,86,76
1962,138,Cardinals,84,78
1962,143,Phillies,81,80
1962,117,Colt 45's,64,96
1962,112,Cubs,59,103
1962,121,Mets,40,120
1963,147,Yankees,104,57
1963,145,White Sox,94,68
1963,142,Twins,91,70
1963,110,Orioles,86,76
1963,114,Indians,79,83
1963,116,Tigers,79,83
1963,111,Red Sox,76,85
1963,133,Athletics,73,89
1963,108,Angels,70,91
1963,140,Senators,56,106
1963,119,Dodgers,99,63
1963,138,Cardinals,93,69
1963,137,Giants,88,74
1963,143,Phillies,87,75
1963,113,Reds,86,76
1963,144,Braves,84,78
1963,112,Cubs,82,80
1963,134,Pirates,74,88
1963,117,Colt 45's,66,96
1963,121,Mets,51,111
1964,147,Yankees,99,63
1964,145,White Sox,98,64
1964,110,Orioles,97,65
1964,116,Tigers,85,77
1964,108,Angels,82,80
1964,114,Indians,79,83
1964,142,Twins,79,83
1964,111,Red Sox,72,90
1964,140,Senators,62,100
1964,133,Athletics,57,105
1964,138,Cardinals,93,69
1964,113,Reds,92,70
1964,143,Phillies,92,70
1964,137,Giants,90,72
1964,144,Braves,88,74
1964,119,Dodgers,80,82
1964,134,Pirates,80,82
1964,112,Cubs,76,86
1964,117,Colt 45's,66,96
1964,121,Mets,53,109
1965,142,Twins,102,60
1965,145,White Sox,95,67
1965,110,Orioles,94,68
1965,116,Tigers,89,73
1965,114,Indians,87,75
1965,147,Yankees,77,85
1965,108,Angels,75,87
1965,140,Senators,70,92
1965,111,Red Sox,62,100
1965,133,Athletics,59,103
1965,119,Dodgers,97,65
1965,137,Giants,95,67
1965,134,Pirates,90,72
1965,113,Reds,89,73
1965,144,Braves,86,76
1965,143,Phillies,85,76
1965,138,Cardinals,80,81
1965,112,Cubs,72,90
1965,117,Astros,65,97
1965,121,Mets,50,112
1966,110,Orioles,97,63
1966,142,Twins,89,73
1966,116,Tigers,88,74
1966,145,White Sox,83,79
1966,114,Indians,81,81
1966,108,Angels,80,82
1966,133,Athletics,74,86
1966,140,Senators,71,88
1966,111,Red Sox,72,90
1966,147,Yankees,70,89
1966,119,Dodgers,95,67
1966,137,Giants,93,68
1966,134,Pirates,92,70
1966,143,Phillies,87,75
1966,144,Braves,85,77
1966,138,Cardinals,83,79
1966,113,Reds,76,84
1966,117,Astros,72,90
1966,121,Mets,66,95
1966,112,Cubs,59,103
1967,111,Red Sox,92,70
1967,142,Twins,91,71
1967,116,Tigers,91,71
1967,145,White Sox,89,73
1967,108,Angels,84,77
1967,110,Orioles,76,85
1967,140,Senators,76,85
1967,114,Indians,75,87
1967,147,Yankees,72,90
1967,133,Athletics,62,99
1967,138,Cardinals,101,60
1967,137,Giants,91,71
1967,112,Cubs,87,74
1967,113,Reds,87,75
1967,143,Phillies,82,80
1967,134,Pirates,81,81
1967,144,Braves,77,85
1967,119,Dodgers,73,89
1967,117,Astros,69,93
1967,121,Mets,61,101
1968,116,Tigers,103,59
1968,110,Orioles,91,71
1968,114,Indians,86,75
1968,111,Red Sox,86,76
1968,147,Yankees,83,79
1968,133,Athletics,82,80
1968,142,Twins,79,83
1968,145,White Sox,67,95
1968,108,Angels,67,95
1968,140,Senators,65,96
1968,138,Cardinals,97,65
1968,137,Giants,88,74
1968,112,Cubs,84,78
1968,113,Reds,83,79
1968,144,Braves,81,81
1968,134,Pirates,80,82
1968,119,Dodgers,76,86
1968,143,Phillies,76,86
1968,121,Mets,73,89
1968,117,Astros,72,90
1969,110,Orioles,109,53
1969,116,Tigers,90,72
1969,111,Red Sox,87,75
1969,140,Senators,86,76
1969,147,Yankees,80,81
1969,114,Indians,62,99
1969,142,Twins,97,65
1969,133,Athletics,88,74
1969,108,Angels,71,91
1969,118,Royals,69,93
1969,145,White Sox,68,94
1969,158,Pilots,64,98
1969,121,Mets,100,62
1969,112,Cubs,92,70
1969,134,Pirates,88,74
1969,138,Cardinals,87,75
1969,143,Phillies,63,99
1969,120,Expos,52,110
1969,144,Braves,93,69
1969,137,Giants,90,72
1969,113,Reds,89,73
1969,119,Dodgers,85,77
1969,117,Astros,81,81
1969,135,Padres,52,110
1970,110,Orioles,108,54
1970,147,Yankees,93,69
1970,111,Red Sox,87,75
1970,116,Tigers,79,83
1970,114,Indians,76,86
1970,140,Senators,70,92
1970,142,Twins,98,64
1970,133,Athletics,89,73
1970,108,Angels,86,76
1970,118,Royals,65,97
1970,158,Brewers,65,97
1970,145,White Sox,56,106
1970,134,Pirates,89,73
1970,112,Cubs,84,78
1970,121,Mets,83,79
1970,138,Cardinals,76,86
1970,143,Phillies,73,88
1970,120,Expos,73,89
1970,113,Reds,102,60
1970,119,Dodgers,87,74
1970,137,Giants,86,76
1970,117,Astros,79,83
1970,144,Braves,76,86
1970,135,Padres,63,99
1971,110,Orioles,101,57
1971,116,Tigers,91,71
1971,111,Red Sox,85,77
1971,147,Yankees,82,80
1971,140,Senators,63,96
1971,114,Indians,60,102
1971,133,Athletics,101,60
1971,118,Royals,85,76
1971,145,White Sox,79,83
1971,108,Angels,76,86
1971,142,Twins,74,86
1971,158,Brewers,69,92
1971,134,Pirates,97,65
1971,138,Cardinals,90,72
1971,112,Cubs,83,79
1971,121,Mets,83,79
1971,120,Expos,71,90
1971,143,Phillies,67,95
1971,137,Giants,90,72
1971,119,Dodgers,89,73
1971,144,Braves,82,80
1971,117,Astros,79,83
1971,113,Reds,79,83
1971,135,Padres,61,100
1972,116,Tigers,86,70
1972,111,Red Sox,85,70
1972,110,Orioles,80,74
1972,147,Yankees,79,76
1972,114,Indians,72,84
1972,158,Brewers,65,91
1972,133,Athletics,93,62
1972,145,White Sox,87,67
1972,142,Twins,77,77
1972,118,Royals,76,78
1972,108,Angels,75,80
1972,140,Rangers,54,100
1972,134,Pirates,96,59
1972,112,Cubs,85,70
1972,121,Mets,83,73
1972,138,Cardinals,75,81
1972,120,Expos,70,86
1972,143,Phillies,59,97
1972,113,Reds,95,59
1972,117,Astros,84,69
1972,119,Dodgers,85,70
1972,144,Braves,70,84
1972,137,Giants,69,86
1972,135,Padres,58,95
1973,110,Orioles,97,65
1973,111,Red Sox,89,73
1973,116,Tigers,85,77
1973,147,Yankees,80,82
1973,158,Brewers,74,88
1973,114,Indians,71,91
1973,133,Athletics,94,68
1973,118,Royals,88,74
1973,142,Twins,81,81
1973,108,Angels,79,83
1973,145,White Sox,77,85
1973,140,Rangers,57,105
1973,121,Mets,82,79
1973,138,Cardinals,81,81
1973,134,Pirates,80,82
1973,120,Expos,79,83
1973,112,Cubs,77,84
1973,143,Phillies,71,91
1973,113,Reds,99,63
1973,119,Dodgers,95,66
1973,137,Giants,88,74
1973,117,Astros,82,80
1973,144,Braves,76,85
1973,135,Padres,60,102
1974,110,Orioles,91,71
1974,147,Yankees,89,73
1974,111,Red Sox,84,78
1974,114,Indians,77,85
1974,158,Brewers,76,86
1974,116,Tigers,72,90
1974,133,Athletics,90,72
1974,140,Rangers,84,76
1974,142,Twins,82,80
1974,145,White Sox,80,80
1974,118,Royals,77,85
1974,108,Angels,68,94
1974,134,Pirates,88,74
1974,138,Cardinals,86,75
1974,143,Phillies,80,82
1974,120,Expos,79,82
1974,121,Mets,71,91
1974,112,Cubs,66,96
1974,119,Dodgers,102,60
1974,113,Reds,98,64
1974,144,Braves,88,74
1974,117,Astros,81,81
1974,137,Giants,72,90
1974,135,Padres,60,102
1975,111,Red Sox,95,65
1975,110,Orioles,90,69
1975,147,Yankees,83,77
1975,114,Indians,79,80
1975,158,Brewers,68,94
1975,116,Tigers,57,102
1975,133,Athletics,98,64
1975,118,Royals,91,71
1975,140,Rangers,79,83
1975,142,Twins,76,83
1975,145,White Sox,75,86
1975,108,Angels,72,89
1975,134,Pirates,92,69
1975,143,Phillies,86,76
1975,121,Mets,82,80
1975,138,Cardinals,82,80
1975,112,Cubs,75,87
1975,120,Expos,75,87
1975,113,Reds,108,54
1975,119,Dodgers,88,74
1975,137,Giants,80,81
1975,135,Padres,71,91
1975,144,Braves,67,94
1975,117,Astros,64,97
1976,147,Yankees,97,62
1976,110,Orioles,88,74
1976,111,Red Sox,83,79
1976,114,Indians,81,78
1976,116,Tigers,74,87
1976,158,Brewers,66,95
1976,118,Royals,90,72
1976,133,Athletics,87,74
1976,142,Twins,85,77
1976,108,Angels,76,86
1976,140,Rangers,76,86
1976,145,White Sox,64,97
1976,143,Phillies,101,61
1976,134,Pirates,92,70
1976,121,Mets,86,76
1976,112,Cubs,75,87
1976,138,Cardinals,72,90
1976,120,Expos,55,107
1976,113,Reds,102,60
1976,119,Dodgers,92,70
1976,117,Astros,80,82
1976,137,Giants,74,88
1976,135,Padres,73,89
1976,144,Braves,70,92
1977,147,Yankees,100,62
1977,111,Red Sox,97,64
1977,110,Orioles,97,64
1977,116,Tigers,74,88
1977,114,Indians,71,90
1977,158,Brewers,67,95
1977,141,Blue Jays,54,107
1977,118,Royals,102,60
1977,140,Rangers,94,68
1977,145,White Sox,90,72
1977,142,Twins,84,77
1977,108,Angels,74,88
1977,136,Mariners,64,98
1977,133,Athletics,63,98
1977,143,Phillies,101,61
1977,134,Pirates,96,66
1977,138,Cardinals,83,79
1977,112,Cubs,81,81
1977,120,Expos,75,87
1977,121,Mets,64,98
1977,119,Dodgers,98,64
1977,113,Reds,88,74
1977,117,Astros,81,81
1977,137,Giants,75,87
1977,135,Padres,69,93
1977,144,Braves,61,101
1978,147,Yankees,100,63
1978,111,Red Sox,99,64
1978,158,Brewers,93,69
1978,110,Orioles,90,71
1978,116,Tigers,86,76
1978,114,Indians,69,90
1978,141,Blue Jays,59,102
1978,118,Royals,92,70
1978,140,Rangers,87,75
1978,108,Angels,87,75
1978,142,Twins,73,89
1978,145,White Sox,71,90
1978,133,Athletics,69,93
1978,136,Mariners,56,104
1978,143,Phillies,90,72
1978,134,Pirates,88,73
1978,112,Cubs,79,83
1978,120,Expos,76,86
1978,138,Cardinals,69,93
1978,121,Mets,66,96
1978,119,Dodgers,95,67
1978,113,Reds,92,69
1978,137,Giants,89,73
1978,135,Padres,84,78
1978,117,Astros,74,88
1978,144,Braves,69,93
1979,110,Orioles,102,57
1979,158,Brewers,95,66
1979,111,Red Sox,91,69
1979,147,Yankees,89,71
1979,116,Tigers,85,76
1979,114,Indians,81,80
1979,141,Blue Jays,53,109
1979,108,Angels,88,74
1979,118,Royals,85,77
1979,140,Rangers,83,79
1979,142,Twins,82,80
1979,145,White Sox,73,87
1979,136,Mariners,67,95
1979,133,Athletics,54,108
1979,134,Pirates,98,64
1979,120,Expos,95,65
1979,138,Cardinals,86,76
1979,143,Phillies,84,78
1979,112,Cubs,80,82
1979,121,Mets,63,99
1979,113,Reds,90,71
1979,117,Astros,89,73
1979,119,Dodgers,79,83
1979,137,Giants,71,91
1979,135,Padres,68,93
1979,144,Braves,66,94
1980,147,Yankees,103,59
1980,110,Orioles,100,62
1980,158,Brewers,86,76
1980,111,Red Sox,83,77
1980,116,Tigers,84,78
1980,114,Indians,79,81
1980,141,Blue Jays,67,95
1980,118,Royals,97,65
1980,133,Athletics,83,79
1980,142,Twins,77,84
1980,140,Rangers,76,85
1980,145,White Sox,70,90
1980,108,Angels,65,95
1980,136,Mariners,59,103
1980,143,Phillies,91,71
1980,120,Expos,90,72
1980,134,Pirates,83,79
1980,138,Cardinals,74,88
1980,121,Mets,67,95
1980,112,Cubs,64,98
1980,117,Astros,93,70
1980,119,Dodgers,92,71
1980,113,Reds,89,73
1980,144,Braves,81,80
1980,137,Giants,75,86
1980,135,Padres,73,89
1981,158,Brewers,62,47
1981,110,Orioles,59,46
1981,147,Yankees,59,48
1981,116,Tigers,60,49
1981,111,Red Sox,59,49
1981,114,Indians,52,51
1981,141,Blue Jays,37,69
1981,133,Athletics,64,45
1981,140,Rangers,57,48
1981,145,White Sox,54,52
1981,118,Royals,50,53
1981,108,Angels,51,59
1981,136,Mariners,44,65
1981,142,Twins,41,68
1981,138,Cardinals,59,43
1981,120,Expos,60,48
1981,143,Phillies,59,48
1981,134,Pirates,46,56
1981,121,Mets,41,62
1981,112,Cubs,38,65
1981,113,Reds,66,42
1981,119,Dodgers,63,47
1981,117,Astros,61,49
1981,137,Giants,56,55
1981,144,Braves,50,56
1981,135,Padres,41,69
1982,158,Brewers,95,67
1982,110,Orioles,94,68
1982,111,Red Sox,89,73
1982,116,Tigers,83,79
1982,147,Yankees,79,83
1982,114,Indians,78,84
1982,141,Blue Jays,78,84
1982,108,Angels,93,69
1982,118,Royals,90,72
1982,145,White Sox,87,75
1982,136,Mariners,76,86
1982,133,Athletics,68,94
1982,140,Rangers,64,98
1982,142,Twins,60,102
1982,138,Cardinals,92,70
1982,143,Phillies,89,73
1982,120,Expos,86,76
1982,134,Pirates,84,78
1982,112,Cubs,73,89
1982,121,Mets,65,97
1982,144,Braves,89,73
1982,119,Dodgers,88,74
1982,137,Giants,87,75
1982,135,Padres,81,81
1982,117,Astros,77,85
1982,113,Reds,61,101
1983,110,Orioles,98,64
1983,116,Tigers,92,70
1983,147,Yankees,91,71
1983,141,Blue Jays,89,73
1983,158,Brewers,87,75
1983,111,Red Sox,78,84
1983,114,Indians,70,92
1983,145,White Sox,99,63
1983,118,Royals,79,83
1983,140,Rangers,77,85
1983,133,Athletics,74,88
1983,142,Twins,70,92
1983,108,Angels,70,92
1983,136,Mariners,60,102
1983,143,Phillies,90,72
1983,134,Pirates,84,78
1983,120,Expos,82,80
1983,138,Cardinals,79,83
1983,112,Cubs,71,91
1983,121,Mets,68,94
1983,119,Dodgers,91,71
1983,144,Braves,88,74
1983,117,Astros,85,77
1983,135,Padres,81,81
1983,137,Giants,79,83
1983,113,Reds,74,88
1984,116,Tigers,104,58
1984,141,Blue Jays,89,73
1984,147,Yankees,87,75
1984,111,Red Sox,86,76
1984,110,Orioles,85,77
1984,114,Indians,75,87
1984,158,Brewers,67,94
1984,118,Royals,84,78
1984,142,Twins,81,81
1984,108,Angels,81,81
1984,133,Athletics,77,85
1984,136,Mariners,74,88
1984,145,White Sox,74,88
1984,140,Rangers,69,92
1984,112,Cubs,96,65
1984,121,Mets,90,72
1984,138,Cardinals,84,78
1984,143,Phillies,81,81
1984,120,Expos,78,83
1984,134,Pirates,75,87
1984,135,Padres,92,70
1984,144,Braves,80,82
1984,117,Astros,80,82
1984,119,Dodgers,79,83
1984,113,Reds,70,92
1984,137,Giants,66,96
1985,141,Blue Jays,99,62
1985,147,Yankees,97,64
1985,116,Tigers,84,77
1985,110,Orioles,83,78
1985,111,Red Sox,81,81
1985,158,Brewers,71,90
1985,114,Indians,60,102
1985,118,Royals,91,71
1985,108,Angels,90,72
1985,145,White Sox,85,77
1985,142,Twins,77,85
1985,133,Athletics,77,85
1985,136,Mariners,74,88
1985,140,Rangers,62,99
1985,138,Cardinals,101,61
1985,121,Mets,98,64
1985,120,Expos,84,77
1985,112,Cubs,77,84
1985,143,Phillies,75,87
1985,134,Pirates,57,104
1985,119,Dodgers,95,67
1985,113,Reds,89,72
1985,117,Astros,83,79
1985,135,Padres,83,79
1985,144,Braves,66,96
1985,137,Giants,62,100
1986,111,Red Sox,95,66
1986,147,Yankees,90,72
1986,116,Tigers,87,75
1986,141,Blue Jays,86,76
1986,114,Indians,84,78
1986,158,Brewers,77,84
1986,110,Orioles,73,89
1986,108,Angels,92,70
1986,140,Rangers,87,75
1986,118,Royals,76,86
1986,133,Athletics,76,86
1986,145,White Sox,72,90
1986,142,Twins,71,91
1986,136,Mariners,67,95
1986,121,Mets,108,54
1986,143,Phillies,86,75
1986,138,Cardinals,79,82
1986,120,Expos,78,83
1986,112,Cubs,70,90
1986,134,Pirates,64,98
1986,117,Astros,96,66
1986,113,Reds,86,76
1986,137,Giants,83,79
1986,135,Padres,74,88
1986,119,Dodgers,73,89
1986,144,Braves,72,89
1987,116,Tigers,98,64
1987,141,Blue Jays,96,66
1987,158,Brewers,91,71
1987,147,Yankees,89,73
1987,111,Red Sox,78,84
1987,110,Orioles,67,95
1987,114,Indians,61,101
1987,142,Twins,85,77
1987,118,Royals,83,79
1987,133,Athletics,81,81
1987,136,Mariners,78,84
1987,145,White Sox,77,85
1987,140,Rangers,75,87
1987,108,Angels,75,87
1987,138,Cardinals,95,67
1987,121,Mets,92,70
1987,120,Expos,91,71
1987,143,Phillies,80,82
1987,134,Pirates,80,82
1987,112,Cubs,76,85
1987,137,Giants,90,72
1987,113,Reds,84,78
1987,117,Astros,76,86
1987,119,Dodgers,73,89
1987,144,Braves,69,92
1987,135,Padres,65,97
1988,111,Red Sox,89,73
1988,116,Tigers,88,74
1988,158,Brewers,87,75
1988,141,Blue Jays,87,75
1988,147,Yankees,85,76
1988,114,Indians,78,84
1988,110,Orioles,54,107
1988,133,Athletics,104,58
1988,142,Twins,91,71
1988,118,Royals,84,77
1988,108,Angels,75,87
1988,145,White Sox,71,90
1988,140,Rangers,70,91
1988,136,Mariners,68,93
1988,121,Mets,100,60
1988,134,Pirates,85,75
1988,120,Expos,81,81
1988,112,Cubs,77,85
1988,138,Cardinals,76,86
1988,143,Phillies,65,96
1988,119,Dodgers,94,67
1988,113,Reds,87,74
1988,135,Padres,83,78
1988,137,Giants,83,79
1988,117,Astros,82,80
1988,144,Braves,54,106
1989,141,Blue Jays,89,73
1989,110,Orioles,87,75
1989,111,Red Sox,83,79
1989,158,Brewers,81,81
1989,147,Yankees,74,87
1989,114,Indians,73,89
1989,116,Tigers,59,103
1989,133,Athletics,99,63
1989,118,Royals,92,70
1989,108,Angels,91,71
1989,140,Rangers,83,79
1989,142,Twins,80,82
1989,136,Mariners,73,89
1989,145,White Sox,69,92
1989,112,Cubs,93,69
1989,121,Mets,87,75
1989,138,Cardinals,86,76
1989,120,Expos,81,81
1989,134,Pirates,74,88
1989,143,Phillies,67,95
1989,137,Giants,92,70
1989,135,Padres,89,73
1989,117,Astros,86,76
1989,119,Dodgers,77,83
1989,113,Reds,75,87
1989,144,Braves,63,97
1990,111,Red Sox,88,74
1990,141,Blue Jays,86,76
1990,116,Tigers,79,83
1990,114,Indians,77,85
1990,110,Orioles,76,85
1990,158,Brewers,74,88
1990,147,Yankees,67,95
1990,133,Athletics,103,59
1990,145,White Sox,94,68
1990,140,Rangers,83,79
1990,108,Angels,80,82
1990,136,Mariners,77,85
1990,118,Royals,75,86
1990,142,Twins,74,88
1990,134,Pirates,95,67
1990,121,Mets,91,71
1990,120,Expos,85,77
1990,112,Cubs,77,85
1990,143,Phillies,77,85
1990,138,Cardinals,70,92
1990,113,Reds,91,71
1990,119,Dodgers,86,76
1990,137,Giants,85,77
1990,135,Padres,75,87
1990,117,Astros,75,87
1990,144,Braves,65,97
1991,141,Blue Jays,91,71
1991,116,Tigers,84,78
1991,111,Red Sox,84,78
1991,158,Brewers,83,79
1991,147,Yankees,71,91
1991,110,Orioles,67,95
1991,114,Indians,57,105
1991,142,Twins,95,67
1991,145,White Sox,87,75
1991,140,Rangers,85,77
1991,133,Athletics,84,78
1991,136,Mariners,83,79
1991,118,Royals,82,80
1991,108,Angels,81,81
1991,134,Pirates,98,64
1991,138,Cardinals,84,78
1991,143,Phillies,78,84
1991,112,Cubs,77,83
1991,121,Mets,77,84
1991,120,Expos,71,90
1991,144,Braves,94,68
1991,119,Dodgers,93,69
1991,135,Padres,84,78
1991,137,Giants,75,87
1991,113,Reds,74,88
1991,117,Astros,65,97
1992,141,Blue Jays,96,66
1992,158,Brewers,92,70
1992,110,Orioles,89,73
1992,114,Indians,76,86
1992,147,Yankees,76,86
1992,116,Tigers,75,87
1992,111,Red Sox,73,89
1992,133,Athletics,96,66
1992,142,Twins,90,72
1992,145,White Sox,86,76
1992,140,Rangers,77,85
1992,108,Angels,72,90
1992,118,Royals,72,90
1992,136,Mariners,64,98
1992,134,Pirates,96,66
1992,120,Expos,87,75
1992,138,Cardinals,83,79
1992,112,Cubs,78,84
1992,121,Mets,72,90
1992,143,Phillies,70,92
1992,144,Braves,98,64
1992,113,Reds,90,72
1992,135,Padres,82,80
1992,117,Astros,81,81
1992,137,Giants,72,90
1992,119,Dodgers,63,99
1993,141,Blue Jays,95,67
1993,147,Yankees,88,74
1993,116,Tigers,85,77
1993,110,Orioles,85,77
1993,111,Red Sox,80,82
1993,114,Indians,76,86
1993,158,Brewers,69,93
1993,145,White Sox,94,68
1993,140,Rangers,86,76
1993,118,Royals,84,78
1993,136,Mariners,82,80
1993,142,Twins,71,91
1993,108,Angels,71,91
1993,133,Athletics,68,94
1993,143,Phillies,97,65
1993,120,Expos,94,68
1993,138,Cardinals,87,75
1993,112,Cubs,84,78
1993,134,Pirates,75,87
1993,146,Marlins,64,98
1993,121,Mets,59,103
1993,144,Braves,104,58
1993,137,Giants,103,59
1993,117,Astros,85,77
1993,119,Dodgers,81,81
1993,113,Reds,73,89
1993,115,Rockies,67,95
1993,135,Padres,61,101
1994,147,Yankees,70,43
1994,110,Orioles,63,49
1994,141,Blue Jays,55,60
1994,111,Red Sox,54,61
1994,116,Tigers,53,62
1994,145,White Sox,67,46
1994,114,Indians,66,47
1994,118,Royals,64,51
1994,142,Twins,53,60
1994,158,Brewers,53,62
1994,140,Rangers,52,62
1994,133,Athletics,51,63
1994,136,Mariners,49,63
1994,108,Angels,47,68
1994,120,Expos,74,40
1994,144,Braves,68,46
1994,121,Mets,55,58
1994,143,Phillies,54,61
1994,146,Marlins,51,64
1994,113,Reds,66,48
1994,117,Astros,66,49
1994,138,Cardinals,53,61
1994,134,Pirates,53,61
1994,112,Cubs,49,64
1994,119,Dodgers,58,56
1994,137,Giants,55,60
1994,115,Rockies,53,64
1994,135,Padres,47,70
1995,111,Red Sox,86,58
1995,147,Yankees,79,65
1995,110,Orioles,71,73
1995,116,Tigers,60,84
1995,141,Blue Jays,56,88
1995,114,Indians,100,44
1995,118,Royals,70,74
1995,145,White Sox,68,76
1995,158,Brewers,65,79
1995,142,Twins,56,88
1995,136,Mariners,79,66
1995,108,Angels,78,67
1995,140,Rangers,74,70
1995,133,Athletics,67,77
1995,144,Braves,90,54
1995,121,Mets,69,75
1995,143,Phillies,69,75
1995,146,Marlins,67,76
1995,120,Expos,66,78
1995,113,Reds,85,59
1995,117,Astros,76,68
1995,112,Cubs,73,71
1995,138,Cardinals,62,81
1995,134,Pirates,58,86
1995,119,Dodgers,78,66
1995,115,Rockies,77,67
1995,135,Padres,70,74
1995,137,Giants,67,77
1996,147,Yankees,92,70
1996,110,Orioles,88,74
1996,111,Red Sox,85,77
1996,141,Blue Jays,74,88
1996,116,Tigers,53,109
1996,114,Indians,99,62
1996,145,White Sox,85,77
1996,158,Brewers,80,82
1996,142,Twins,78,84
1996,118,Royals,75,86
1996,140,Rangers,90,72
1996,136,Mariners,85,76
1996,133,Athletics,78,84
1996,108,Angels,70,91
1996,144,Braves,96,66
1996,120,Expos,88,74
1996,146,Marlins,80,82
1996,121,Mets,71,91
1996,143,Phillies,67,95
1996,138,Cardinals,88,74
1996,117,Astros,82,80
1996,113,Reds,81,81
1996,112,Cubs,76,86
1996,134,Pirates,73,89
1996,135,Padres,91,71
1996,119,Dodgers,90,72
1996,115,Rockies,83,79
1996,137,Giants,68,94
1997,110,Orioles,98,64
1997,147,Yankees,96,66
1997,116,Tigers,79,83
1997,111,Red Sox,78,84
1997,141,Blue Jays,76,86
1997,114,Indians,86,75
1997,145,White Sox,80,81
1997,158,Brewers,78,83
1997,142,Twins,68,94
1997,118,Royals,67,94
1997,136,Mariners,90,72
1997,108,Angels,84,78
1997,140,Rangers,77,85
1997,133,Athletics,65,97
1997,144,Braves,101,61
1997,146,Marlins,92,70
1997,121,Mets,88,74
1997,120,Expos,78,84
1997,143,Phillies,68,94
1997,117,Astros,84,78
1997,134,Pirates,79,83
1997,113,Reds,76,86
1997,138,Cardinals,73,89
1997,112,Cubs,68,94
1997,137,Giants,90,72
1997,119,Dodgers,88,74
1997,115,Rockies,83,79
1997,135,Padres,76,86
1998,147,Yankees,114,48
1998,111,Red Sox,92,70
1998,141,Blue Jays,88,74
1998,110,Orioles,79,83
1998,139,Devil Rays,63,99
1998,114,Indians,89,73
1998,145,White Sox,80,82
1998,118,Royals,72,89
1998,142,Twins,70,92
1998,116,Tigers,65,97
1998,140,Rangers,88,74
1998,108,Angels,85,77
1998,136,Mariners,76,85
1998,133,Athletics,74,88
1998,144,Braves,106,56
1998,121,Mets,88,74
1998,143,Phillies,75,87
1998,120,Expos,65,97
1998,146,Marlins,54,108
1998,117,Astros,102,60
1998,112,Cubs,90,73
1998,138,Cardinals,83,79
1998,113,Reds,77,85
1998,158,Brewers,74,88
1998,134,Pirates,69,93
1998,135,Padres,98,64
1998,137,Giants,89,74
1998,119,Dodgers,83,79
1998,115,Rockies,77,85
1998,109,Diamondbacks,65,97
1999,147,Yankees,98,64
1999,111,Red Sox,94,68
1999,141,Blue Jays,84,78
1999,110,Orioles,78,84
1999,139,Devil Rays,69,93
1999,114,Indians,97,65
1999,145,White Sox,75,86
1999,116,Tigers,69,92
1999,118,Royals,64,97
1999,142,Twins,63,97
1999,140,Rangers,95,67
1999,133,Athletics,87,75
1999,136,Mariners,79,83
1999,108,Angels,70,92
1999,144,Braves,103,59
1999,121,Mets,97,66
1999,143,Phillies,77,85
1999,120,Expos,68,94
1999,146,Marlins,64,98
1999,117,Astros,97,65
1999,113,Reds,96,67
1999,134,Pirates,78,83
1999,138,Cardinals,75,86
1999,158,Brewers,74,87
1999,112,Cubs,67,95
1999,109,Diamondbacks,100,62
1999,137,Giants,86,76
1999,119,Dodgers,77,85
1999,135,Padres,74,88
1999,115,Rockies,72,90
2000,147,Yankees,87,74
2000,111,Red Sox,85,77
2000,141,Blue Jays,83,79
2000,110,Orioles,74,88
2000,139,Devil Rays,69,92
2000,145,White Sox,95,67
2000,114,Indians,90,72
2000,116,Tigers,79,83
2000,118,Royals,77,85
2000,142,Twins,69,93
2000,133,Athletics,91,70
2000,136,Mariners,91,71
2000,108,Angels,82,80
2000,140,Rangers,71,91
2000,144,Braves,95,67
2000,121,Mets,94,68
2000,146,Marlins,79,82
2000,120,Expos,67,95
2000,143,Phillies,65,97
2000,138,Cardinals,95,67
2000,113,Reds,85,77
2000,158,Brewers,73,89
2000,117,Astros,72,90
2000,134,Pirates,69,93
2000,112,Cubs,65,97
2000,137,Giants,97,65
2000,119,Dodgers,86,76
2000,109,Diamondbacks,85,77
2000,115,Rockies,82,80
2000,135,Padres,76,86
2001,147,Yankees,95,65
2001,111,Red Sox,82,79
2001,141,Blue Jays,80,82
2001,110,Orioles,63,98
2001,139,Devil Rays,62,100
2001,114,Indians,91,71
2001,142,Twins,85,77
2001,145,White Sox,83,79
2001,116,Tigers,66,96
2001,118,Royals,65,97
2001,136,Mariners,116,46
2001,133,Athletics,102,60
2001,108,Angels,75,87
2001,140,Rangers,73,89
2001,144,Braves,88,74
2001,143,Phillies,86,76
2001,121,Mets,82,80
2001,146,Marlins,76,86
2001,120,Expos,68,94
2001,117,Astros,93,69
2001,138,Cardinals,93,69
2001,112,Cubs,88,74
2001,158,Brewers,68,94
2001,113,Reds,66,96
2001,134,Pirates,62,100
2001,109,Diamondbacks,92,70
2001,137,Giants,90,72
2001,119,Dodgers,86,76
2001,135,Padres,79,83
2001,115,Rockies,73,89
2002,147,Yankees,103,58
2002,111,Red Sox,93,69
2002,141,Blue Jays,78,84
2002,110,Orioles,67,95
2002,139,Devil Rays,55,106
2002,142,Twins,94,67
2002,145,White Sox,81,81
2002,114,Indians,74,88
2002,118,Royals,62,100
2002,116,Tigers,55,106
2002,133,Athletics,103,59
2002,108,Angels,99,63
2002,136,Mariners,93,69
2002,140,Rangers,72,90
2002,144,Braves,101,59
2002,120,Expos,83,79
2002,143,Phillies,80,81
2002,146,Marlins,79,83
2002,121,Mets,75,86
2002,138,Cardinals,97,65
2002,117,Astros,84,78
2002,113,Reds,78,84
2002,134,Pirates,72,89
2002,112,Cubs,67,95
2002,158,Brewers,56,106
2002,109,Diamondbacks,98,64
2002,137,Giants,95,66
2002,119,Dodgers,92,70
2002,115,Rockies,73,89
2002,135,Padres,66,96
2003,147,Yankees,101,61
2003,111,Red Sox,95,67
2003,141,Blue Jays,86,76
2003,110,Orioles,71,91
2003,139,Devil Rays,63,99
2003,142,Twins,90,72
2003,145,White Sox,86,76
2003,118,Royals,83,79
2003,114,Indians,68,94
2003,116,Tigers,43,119
2003,133,Athletics,96,66
2003,136,Mariners,93,69
2003,108,Angels,77,85
2003,140,Rangers,71,91
2003,144,Braves,101,61
2003,146,Marlins,91,71
2003,143,Phillies,86,76
2003,120,Expos,83,79
2003,121,Mets,66,95
2003,112,Cubs,88,74
2003,117,Astros,87,75
2003,138,Cardinals,85,77
2003,134,Pirates,75,87
2003,113,Reds,69,93
2003,158,Brewers,68,94
2003,137,Giants,100,61
2003,119,Dodgers,85,77
2003,109,Diamondbacks,84,78
2003,115,Rockies,74,88
2003,135,Padres,64,98
2004,147,Yankees,101,61
2004,111,Red Sox,98,64
2004,110,Orioles,78,84
2004,139,Devil Rays,70,91
2004,141,Blue Jays,67,94
2004,142,Twins,92,70
2004,145,White Sox,83,79
2004,114,Indians,80,82
2004,116,Tigers,72,90
2004,118,Royals,58,104
2004,108,Angels,92,70
2004,133,Athletics,91,71
2004,140,Rangers,89,73
2004,136,Mariners,63,99
2004,144,Braves,96,66
2004,143,Phillies,86,76
2004,146,Marlins,83,79
2004,121,Mets,71,91
2004,120,Expos,67,95
2004,138,Cardinals,105,57
2004,117,Astros,92,70
2004,112,Cubs,89,73
2004,113,Reds,76,86
2004,134,Pirates,72,89
2004,158,Brewers,67,94
2004,119,Dodgers,93,69
2004,137,Giants,91,71
2004,135,Padres,87,75
2004,115,Rockies,68,94
2004,109,Diamondbacks,51,111
2005,147,Yankees,95,67
2005,111,Red Sox,95,67
2005,141,Blue Jays,80,82
2005,110,Orioles,74,88
2005,139,Devil Rays,67,95
2005,145,White Sox,99,63
2005,114,Indians,93,69
2005,142,Twins,83,79
2005,116,Tigers,71,91
2005,118,Royals,56,106
2005,108,Angels,95,67
2005,133,Athletics,88,74
2005,140,Rangers,79,83
2005,136,Mariners,69,93
2005,144,Braves,90,72
2005,143,Phillies,88,74
2005,121,Mets,83,79
2005,146,Marlins,83,79
2005,120,Nationals,81,81
2005,138,Cardinals,100,62
2005,117,Astros,89,73
2005,158,Brewers,81,81
2005,112,Cubs,79,83
2005,113,Reds,73,89
2005,134,Pirates,67,95
2005,135,Padres,82,80
2005,109,Diamondbacks,77,85
2005,137,Giants,75,87
2005,119,Dodgers,71,91
2005,115,Rockies,67,95
2006,147,Yankees,97,65
2006,141,Blue Jays,87,75
2006,111,Red Sox,86,76
2006,110,Orioles,70,92
2006,139,Devil Rays,61,101
2006,142,Twins,96,66
2006,116,Tigers,95,67
2006,145,White Sox,90,72
2006,114,Indians,78,84
2006,118,Royals,62,100
2006,133,Athletics,93,69
2006,108,Angels,89,73
2006,140,Rangers,80,82
2006,136,Mariners,78,84
2006,121,Mets,97,65
2006,143,Phillies,85,77
2006,144,Braves,79,83
2006,146,Marlins,78,84
2006,120,Nationals,71,91
2006,138,Cardinals,83,78
2006,117,Astros,82,80
2006,113,Reds,80,82
2006,158,Brewers,75,87
2006,134,Pirates,67,95
2006,112,Cubs,66,96
2006,135,Padres,88,74
2006,119,Dodgers,88,74
2006,137,Giants,76,85
2006,109,Diamondbacks,76,86
2006,115,Rockies,76,86
2007,111,Red Sox,96,66
2007,147,Yankees,94,68
2007,141,Blue Jays,83,79
2007,110,Orioles,69,93
2007,139,Devil Rays,66,96
2007,114,Indians,96,66
2007,116,Tigers,88,74
2007,142,Twins,79,83
2007,145,White Sox,72,90
2007,118,Royals,69,93
2007,108,Angels,94,68
2007,136,Mariners,88,74
2007,133,Athletics,76,86
2007,140,Rangers,75,87
2007,143,Phillies,89,73
2007,121,Mets,88,74
2007,144,Braves,84,78
2007,120,Nationals,73,89
2007,146,Marlins,71,91
2007,112,Cubs,85,77
2007,158,Brewers,83,79
2007,138,Cardinals,78,84
2007,117,Astros,73,89
2007,113,Reds,72,90
2007,134,Pirates,68,94
2007,109,Diamondbacks,90,72
2007,115,Rockies,90,73
2007,135,Padres,89,74
2007,119,Dodgers,82,80
2007,137,Giants,71,91
2008,139,Rays,97,65
2008,111,Red Sox,95,67
2008,147,Yankees,89,73
2008,141,Blue Jays,86,76
2008,110,Orioles,68,93
2008,145,White Sox,89,74
2008,142,Twins,88,75
2008,114,Indians,81,81
2008,118,Royals,75,87
2008,116,Tigers,74,88
2008,108,Angels,100,62
2008,140,Rangers,79,83
2008,133,Athletics,75,86
2008,136,Mariners,61,101
2008,143,Phillies,92,70
2008,121,Mets,89,73
2008,146,Marlins,84,77
2008,144,Braves,72,90
2008,120,Nationals,59,102
2008,112,Cubs,97,64
2008,158,Brewers,90,72
2008,117,Astros,86,75
2008,138,Cardinals,86,76
2008,113,Reds,74,88
2008,134,Pirates,67,95
2008,119,Dodgers,84,78
2008,109,D-backs,82,80
2008,115,Rockies,74,88
2008,137,Giants,72,90
2008,135,Padres,63,99
2009,147,Yankees,103,59
2009,111,Red Sox,95,67
2009,139,Rays,84,78
2009,141,Blue Jays,75,87
2009,110,Orioles,64,98
2009,142,Twins,87,76
2009,116,Tigers,86,77
2009,145,White Sox,79,83
2009,114,Indians,65,97
2009,118,Royals,65,97
2009,108,Angels,97,65
2009,140,Rangers,87,75
2009,136,Mariners,85,77
2009,133,Athletics,75,87
2009,143,Phillies,93,69
2009,146,Marlins,87,75
2009,144,Braves,86,76
2009,121,Mets,70,92
2009,120,Nationals,59,103
2009,138,Cardinals,91,71
2009,112,Cubs,83,78
2009,158,Brewers,80,82
2009,113,Reds,78,84
2009,117,Astros,74,88
2009,134,Pirates,62,99
2009,119,Dodgers,95,67
2009,115,Rockies,92,70
2009,137,Giants,88,74
2009,135,Padres,75,87
2009,109,D-backs,70,92
2010,139,Rays,96,66
2010,147,Yankees,95,67
2010,111,Red Sox,89,73
2010,141,Blue Jays,85,77
2010,110,Orioles,66,96
2010,142,Twins,94,68
2010,145,White Sox,88,74
2010,116,Tigers,81,81
2010,114,Indians,69,93
2010,118,Royals,67,95
2010,140,Rangers,90,72
2010,133,Athletics,81,81
2010,108,Angels,80,82
2010,136,Mariners,61,101
2010,143,Phillies,97,65
2010,144,Braves,91,71
2010,146,Marlins,80,82
2010,121,Mets,79,83
2010,120,Nationals,69,93
2010,113,Reds,91,71
2010,138,Cardinals,86,76
2010,158,Brewers,77,85
2010,117,Astros,76,86
2010,112,Cubs,75,87
2010,134,Pirates,57,105
2010,137,Giants,92,70
2010,135,Padres,90,72
2010,115,Rockies,83,79
2010,119,Dodgers,80,82
2010,109,D-backs,65,97
2011,147,Yankees,97,65
2011,139,Rays,91,71
2011,111,Red Sox,90,72
2011,141,Blue Jays,81,81
2011,110,Orioles,69,93
2011,116,Tigers,95,67
2011,114,Indians,80,82
2011,145,White Sox,79,83
2011,118,Royals,71,91
2011,142,Twins,63,99
2011,140,Rangers,96,66
2011,108,Angels,86,76
2011,133,Athletics,74,88
2011,136,Mariners,67,95
2011,143,Phillies,102,60
2011,144,Braves,89,73
2011,120,Nationals,80,81
2011,121,Mets,77,85
2011,146,Marlins,72,90
2011,158,Brewers,96,66
2011,138,Cardinals,90,72
2011,113,Reds,79,83
2011,134,Pirates,72,90
2011,112,Cubs,71,91
2011,117,Astros,56,106
2011,109,D-backs,94,68
2011,137,Giants,86,76
2011,119,Dodgers,82,79
2011,115,Rockies,73,89
2011,135,Padres,71,91
2012,147,Yankees,95,67
2012,110,Orioles,93,69
2012,139,Rays,90,72
2012,141,Blue Jays,73,89
2012,111,Red Sox,69,93
2012,116,Tigers,88,74
2012,145,White Sox,85,77
2012,118,Royals,72,90
2012,114,Indians,68,94
2012,142,Twins,66,96
2012,133,Athletics,94,68
2012,140,Rangers,93,69
2012,108,Angels,89,73
2012,136,Mariners,75,87
2012,120,Nationals,98,64
2012,144,Braves,94,68
2012,143,Phillies,81,81
2012,121,Mets,74,88
2012,146,Marlins,69,93
2012,113,Reds,97,65
2012,138,Cardinals,88,74
2012,158,Brewers,83,79
2012,134,Pirates,79,83
2012,112,Cubs,61,101
2012,117,Astros,55,107
2012,137,Giants,94,68
2012,119,Dodgers,86,76
2012,109,D-backs,81,81
2012,135,Padres,76,86
2012,115,Rockies,64,98
2013,111,Red Sox,97,65
2013,139,Rays,92,71
2013,147,Yankees,85,77
2013,110,Orioles,85,77
2013,141,Blue Jays,74,88
2013,116,Tigers,93,69
2013,114,Indians,92,70
2013,118,Royals,86,76
2013,142,Twins,66,96
2013,145,White Sox,63,99
2013,133,Athletics,96,66
2013,140,Rangers,91,72
2013,108,Angels,78,84
2013,136,Mariners,71,91
2013,117,Astros,51,111
2013,144,Braves,96,66
2013,120,Nationals,86,76
2013,121,Mets,74,88
2013,143,Phillies,73,89
2013,146,Marlins,62,100
2013,138,Cardinals,97,65
2013,134,Pirates,94,68
2013,113,Reds,90,72
2013,158,Brewers,74,88
2013,112,Cubs,66,96
2013,119,Dodgers,92,70
2013,109,D-backs,81,81
2013,137,Giants,76,86
2013,135,Padres,76,86
2013,115,Rockies,74,88
2014,110,Orioles,96,66
2014,147,Yankees,84,78
2014,141,Blue Jays,83,79
2014,139,Rays,77,85
2014,111,Red Sox,71,91
2014,116,Tigers,90,72
2014,118,Royals,89,73
2014,114,Indians,85,77
2014,145,White Sox,73,89
2014,142,Twins,70,92
2014,108,Angels,98,64
2014,133,Athletics,88,74
2014,136,Mariners,87,75
2014,117,Astros,70,92
2014,140,Rangers,67,95
2014,120,Nationals,96,66
2014,121,Mets,79,83
2014,144,Braves,79,83
2014,146,Marlins,77,85
2014,143,Phillies,73,89
2014,138,Cardinals,90,72
2014,134,Pirates,88,74
2014,158,Brewers,82,80
2014,113,Reds,76,86
2014,112,Cubs,73,89
2014,119,Dodgers,94,68
2014,137,Giants,88,74
2014,135,Padres,77,85
2014,115,Rockies,66,96
2014,109,D-backs,64,98
2015,141,Blue Jays,93,69
2015,147,Yankees,87,75
2015,110,Orioles,81,81
2015,139,Rays,80,82
2015,111,Red Sox,78,84
2015,118,Royals,95,67
2015,142,Twins,83,79
2015,114,Indians,81,80
2015,145,White Sox,76,86
2015,116,Tigers,74,87
2015,140,Rangers,88,74
2015,117,Astros,86,76
2015,108,Angels,85,77
2015,136,Mariners,76,86
2015,133,Athletics,68,94
2015,121,Mets,90,72
2015,120,Nationals,83,79
2015,146,Marlins,71,91
2015,144,Braves,67,95
2015,143,Phillies,63,99
2015,138,Cardinals,100,62
2015,134,Pirates,98,64
2015,112,Cubs,97,65
2015,158,Brewers,68,94
2015,113,Reds,64,98
2015,119,Dodgers,92,70
2015,137,Giants,84,78
2015,109,D-backs,79,83
2015,135,Padres,74,88
2015,115,Rockies,68,94
2016,111,Red Sox,93,69
2016,141,Blue Jays,89,73
2016,110,Orioles,89,73
2016,147,Yankees,84,78
2016,139,Rays,68,94
2016,114,Indians,94,67
2016,116,Tigers,86,75
2016,118,Royals,81,81
2016,145,White Sox,78,84
2016,142,Twins,59,103
2016,140,Rangers,95,67
2016,136,Mariners,86,76
2016,117,Astros,84,78
2016,108,Angels,74,88
2016,133,Athletics,69,93
2016,120,Nationals,95,67
2016,121,Mets,87,75
2016,146,Marlins,79,82
2016,143,Phillies,71,91
2016,144,Braves,68,93
2016,112,Cubs,103,58
2016,138,Cardinals,86,76
2016,134,Pirates,78,83
2016,158,Brewers,73,89
2016,113,Reds,68,94
2016,119,Dodgers,91,71
2016,137,Giants,87,75
2016,115,Rockies,75,87
2016,109,D-backs,69,93
2016,135,Padres,68,94
2017,111,Red Sox,93,69
2017,147,Yankees,91,71
2017,139,Rays,80,82
2017,141,Blue Jays,76,86
2017,110,Orioles,75,87
2017,114,Indians,102,60
2017,142,Twins,85,77
2017,118,Royals,80,82
2017,145,White Sox,67,95
2017,116,Tigers,64,98
2017,117,Astros,101,61
2017,108,Angels,80,82
2017,136,Mariners,78,84
2017,140,Rangers,78,84
2017,133,Athletics,75,87
2017,120,Nationals,97,65
2017,146,Marlins,77,85
2017,144,Braves,72,90
2017,121,Mets,70,92
2017,143,Phillies,66,96
2017,112,Cubs,92,70
2017,158,Brewers,86,76
2017,138,Cardinals,83,79
2017,134,Pirates,75,87
2017,113,Reds,68,94
2017,119,Dodgers,104,58
2017,109,D-backs,93,69
2017,115,Rockies,87,75
2017,135,Padres,71,91
2017,137,Giants,64,98
2018,111,Red Sox,108,54
2018,147,Yankees,100,62
2018,139,Rays,90,72
2018,141,Blue Jays,73,89
2018,110,Orioles,47,115
2018,114,Indians,91,71
2018,142,Twins,78,84
2018,116,Tigers,64,98
2018,145,White Sox,62,100
2018,118,Royals,58,104
2018,117,Astros,103,59
2018,133,Athletics,97,65
2018,136,Mariners,89,73
2018,108,Angels,80,82
2018,140,Rangers,67,95
2018,144,Braves,90,72
2018,120,Nationals,82,80
2018,143,Phillies,80,82
2018,121,Mets,77,85
2018,146,Marlins,63,98
2018,158,Brewers,96,67
2018,112,Cubs,95,68
2018,138,Cardinals,88,74
2018,134,Pirates,82,79
2018,113,Reds,67,95
2018,119,Dodgers,92,71
2018,115,Rockies,91,72
2018,109,D-backs,82,80
2018,137,Giants,73,89
2018,135,Padres,66,96
2019,147,Yankees,103,59
2019,139,Rays,96,66
2019,111,Red Sox,84,78
2019,141,Blue Jays,67,95
2019,110,Orioles,54,108
2019,142,Twins,101,61
2019,114,Indians,93,69
2019,145,White Sox,72,89
2019,118,Royals,59,103
2019,116,Tigers,47,114
2019,117,Astros,107,55
2019,133,Athletics,97,65
2019,140,Rangers,78,84
2019,108,Angels,72,90
2019,136,Mariners,68,94
2019,144,Braves,97,65
2019,120,Nationals,93,69
2019,121,Mets,86,76
2019,143,Phillies,81,81
2019,146,Marlins,57,105
2019,138,Cardinals,91,71
2019,158,Brewers,89,73
2019,112,Cubs,84,78
2019,113,Reds,75,87
2019,134,Pirates,69,93
2019,119,Dodgers,106,56
2019,109,D-backs,85,77
2019,137,Giants,77,85
2019,115,Rockies,71,91
2019,135,Padres,70,92
2020,139,Rays,40,20
2020,147,Yankees,33,27
2020,141,Blue Jays,32,28
2020,110,Orioles,25,35
2020,111,Red Sox,24,36
2020,142,Twins,36,24
2020,114,Indians,35,25
2020,145,White Sox,35,25
2020,118,Royals,26,34
2020,116,Tigers,23,35
2020,133,Athletics,36,24
2020,117,Astros,29,31
2020,136,Mariners,27,33
2020,108,Angels,26,34
2020,140,Rangers,22,38
2020,144,Braves,35,25
2020,146,Marlins,31,29
2020,143,Phillies,28,32
2020,120,Nationals,26,34
2020,121,Mets,26,34
2020,112,Cubs,34,26
2020,138,Cardinals,30,28
2020,113,Reds,31,29
2020,158,Brewers,29,31
2020,134,Pirates,19,41
2020,119,Dodgers,43,17
2020,135,Padres,37,23
2020,137,Giants,29,31
2020,115,Rockies,26,34
2020,109,D-backs,25,35
2021,139,Rays,100,62
2021,111,Red Sox,92,70
2021,147,Yankees,92,70
2021,141,Blue Jays,91,71
2021,110,Orioles,52,110
2021,145,White Sox,93,69
2021,114,Indians,80,82
2021,116,Tigers,77,85
2021,118,Royals,74,88
2021,142,Twins,73,89
2021,117,Astros,95,67
2021,136,Mariners,90,72
2021,133,Athletics,86,76
2021,108,Angels,77,85
2021,140,Rangers,60,102
2021,144,Braves,88,73
2021,143,Phillies,82,80
2021,121,Mets,77,85
2021,146,Marlins,67,95
2021,120,Nationals,65,97
2021,158,Brewers,95,67
2021,138,Cardinals,90,72
2021,113,Reds,83,79
2021,112,Cubs,71,91
2021,134,Pirates,61,101
2021,137,Giants,107,55
2021,119,Dodgers,106,56
2021,135,Padres,79,83
2021,115,Rockies,74,87
2021,109,D-backs,52,110
2022,147,Yankees,99,63
2022,141,Blue Jays,92,70
2022,139,Rays,86,76
2022,110,Orioles,83,79
2022,111,Red Sox,78,84
2022,114,Guardians,92,70
2022,145,White Sox,81,81
2022,142,Twins,78,84
2022,116,Tigers,66,96
2022,118,Royals,65,97
2022,117,Astros,106,56
2022,136,Mariners,90,72
2022,108,Angels,73,89
2022,140,Rangers,68,94
2022,133,Athletics,60,102
2022,144,Braves,101,61
2022,121,Mets,101,61
2022,143,Phillies,87,75
2022,146,Marlins,69,93
2022,120,Nationals,55,107
2022,138,Cardinals,93,69
2022,158,Brewers,86,76
2022,112,Cubs,74,88
2022,134,Pirates,62,100
2022,113,Reds,62,100
2022,119,Dodgers,111,51
2022,135,Padres,89,73
2022,137,Giants,81,81
2022,109,D-backs,74,88
2022,115,Rockies,68,94
2023,110,Orioles,101,61
2023,139,Rays,99,63
2023,141,Blue Jays,89,73
2023,147,Yankees,82,80
2023,111,Red Sox,78,84
2023,142,Twins,87,75
2023,116,Tigers,78,84
2023,114,Guardians,76,86
2023,145,White Sox,61,101
2023,118,Royals,56,106
2023,117,Astros,90,72
2023,140,Rangers,90,72
2023,136,Mariners,88,74
2023,108,Angels,73,89
2023,133,Athletics,50,112
2023,144,Braves,104,58
2023,143,Phillies,90,72
2023,146,Marlins,84,78
2023,121,Mets,75,87
2023,120,Nationals,71,91
2023,158,Brewers,92,70
2023,112,Cubs,83,79
2023,113,Reds,82,80
2023,134,Pirates,76,86
2023,138,Cardinals,71,91
2023,119,Dodgers,100,62
2023,109,D-backs,84,78
2023,135,Padres,82,80
2023,137,Giants,79,83
2023,115,Rockies,59,103
2024,147,Yankees,94,68
2024,110,Orioles,91,71
2024,111,Red Sox,81,81
2024,139,Rays,80,82
2024,141,Blue Jays,74,88
2024,114,Guardians,92,69
2024,118,Royals,86,76
2024,116,Tigers,86,76
2024,142,Twins,82,80
2024,145,White Sox,41,121
2024,117,Astros,88,73
2024,136,Mariners,85,77
2024,140,Rangers,78,84
2024,133,Athletics,69,93
2024,108,Angels,63,99
2024,143,Phillies,95,67
2024,144,Braves,89,73
2024,121,Mets,89,73
2024,120,Nationals,71,91
2024,146,Marlins,62,100
2024,158,Brewers,93,69
2024,138,Cardinals,83,79
2024,112,Cubs,83,79
2024,113,Reds,77,85
2024,134,Pirates,76,86
2024,119,Dodgers,98,64
2024,135,Padres,93,69
2024,109,D-backs,89,73
2024,137,Giants,80,82
2024,115,Rockies,61,101
2025,141,Blue Jays,94,68
2025,147,Yankees,94,68
2025,111,Red Sox,89,73
2025,139,Rays,77,85
2025,110,Orioles,75,87
2025,114,Guardians,88,74
2025,116,Tigers,87,75
2025,118,Royals,82,80
2025,142,Twins,70,92
2025,145,White Sox,60,102
2025,136,Mariners,90,72
2025,117,Astros,87,75
2025,140,Rangers,81,81
2025,133,Athletics,76,86
2025,108,Angels,72,90
2025,143,Phillies,96,66
2025,121,Mets,83,79
2025,146,Marlins,79,83
2025,144,Braves,76,86
2025,120,Nationals,66,96
2025,158,Brewers,97,65
2025,112,Cubs,92,70
2025,113,Reds,83,79
2025,138,Cardinals,78,84
2025,134,Pirates,71,91
2025,119,Dodgers,93,69
2025,135,Padres,90,72
2025,137,Giants,81,81
2025,109,D-backs,80,82
2025,115,Rockies,43,119
