date,close
1970-01-01,92.62999725341797
1970-01-08,91.6500015258789
1970-01-15,89.94999694824219
1970-01-22,86.79000091552734
1970-01-29,86.23999786376953
1970-02-05,86.94000244140625
1970-02-12,87.44000244140625
1970-02-19,89.3499984741211
1970-02-26,90.04000091552734
1970-03-05,88.69000244140625
1970-03-12,87.54000091552734
1970-03-19,89.7699966430664
1970-03-26,90.06999969482422
1970-04-02,88.48999786376953
1970-04-09,86.7300033569336
1970-04-16,84.2699966430664
1970-04-23,81.80999755859375
1970-04-30,79.47000122070312
1970-05-07,76.52999877929688
1970-05-14,73.5199966430664
1970-05-21,72.7699966430664
1970-05-28,78.5199966430664
1970-06-04,75.4800033569336
1970-06-11,76.0
1970-06-18,73.97000122070312
1970-06-25,72.94000244140625
1970-07-02,73.0
1970-07-09,75.2300033569336
1970-07-16,77.02999877929688
1970-07-23,78.04000091552734
1970-07-30,77.18000030517578
1970-08-06,75.41999816894531
1970-08-13,76.95999908447266
1970-08-20,81.20999908447266
1970-08-27,80.95999908447266
1970-09-03,82.79000091552734
1970-09-10,81.79000091552734
1970-09-17,81.91000366210938
1970-09-24,84.30000305175781
1970-10-01,86.88999938964844
1970-10-08,84.19000244140625
1970-10-15,83.66000366210938
1970-10-22,83.43000030517578
1970-10-29,84.38999938964844
1970-11-05,85.02999877929688
1970-11-12,82.79000091552734
1970-11-19,85.08999633789062
1970-11-26,88.4800033569336
1970-12-03,89.54000091552734
1970-12-10,89.72000122070312
1970-12-17,90.0999984741211
1970-12-24,92.2699966430664
1970-12-31,92.3499984741211
1971-01-07,92.55999755859375
1971-01-14,93.77999877929688
1971-01-21,94.88999938964844
1971-01-28,96.62999725341797
1971-02-04,97.38999938964844
1971-02-11,98.19999694824219
1971-02-18,96.7300033569336
1971-02-25,96.94999694824219
1971-03-04,99.30000305175781
1971-03-11,101.12000274658203
1971-03-18,99.62000274658203
1971-03-25,100.30999755859375
1971-04-01,101.9800033569336
1971-04-08,103.37000274658203
1971-04-15,103.36000061035156
1971-04-22,104.7699966430664
1971-04-29,103.77999877929688
1971-05-06,102.9000015258789
1971-05-13,101.06999969482422
1971-05-20,99.58999633789062
1971-05-27,100.95999908447266
1971-06-03,100.29000091552734
1971-06-10,100.5199966430664
1971-06-17,98.41000366210938
1971-06-24,98.69999694824219
1971-07-01,100.04000091552734
1971-07-08,99.22000122070312
1971-07-15,99.27999877929688
1971-07-22,97.06999969482422
1971-07-29,93.88999938964844
1971-08-05,94.66000366210938
1971-08-12,98.5999984741211
1971-08-19,100.41000366210938
1971-08-26,99.06999969482422
1971-09-02,101.33999633789062
1971-09-09,99.7699966430664
1971-09-16,98.47000122070312
1971-09-23,97.9000015258789
1971-09-30,99.81999969482422
1971-10-07,99.02999877929688
1971-10-14,95.6500015258789
1971-10-21,93.79000091552734
1971-10-28,94.91000366210938
1971-11-04,93.41000366210938
1971-11-11,92.8499984741211
1971-11-18,90.33000183105469
1971-11-25,95.44000244140625
1971-12-02,96.91999816894531
1971-12-09,98.54000091552734
1971-12-16,101.18000030517578
1971-12-23,102.20999908447266
1971-12-30,103.05999755859375
1972-01-06,103.58999633789062
1972-01-13,103.87999725341797
1972-01-20,102.5
1972-01-27,104.68000030517578
1972-02-03,105.55000305175781
1972-02-10,105.62000274658203
1972-02-17,105.37999725341797
1972-02-24,107.3499984741211
1972-03-02,108.95999908447266
1972-03-09,107.75
1972-03-16,106.83999633789062
1972-03-23,106.48999786376953
1972-03-30,109.0
1972-04-06,110.18000030517578
1972-04-13,109.19999694824219
1972-04-20,106.88999938964844
1972-04-27,105.98999786376953
1972-05-04,105.41999816894531
1972-05-11,106.88999938964844
1972-05-18,110.30999755859375
1972-05-25,109.52999877929688
1972-06-01,107.6500015258789
1972-06-08,108.38999938964844
1972-06-15,108.79000091552734
1972-06-22,107.0199966430664
1972-06-29,108.0999984741211
1972-07-06,106.88999938964844
1972-07-13,106.13999938964844
1972-07-20,107.52999877929688
1972-07-27,109.29000091552734
1972-08-03,110.86000061035156
1972-08-10,111.66000366210938
1972-08-17,112.26000213623047
1972-08-24,110.56999969482422
1972-08-31,110.55000305175781
1972-09-07,108.9000015258789
1972-09-14,108.5999984741211
1972-09-21,109.66000366210938
1972-09-28,110.08999633789062
1972-10-05,109.5
1972-10-12,108.19000244140625
1972-10-19,110.72000122070312
1972-10-26,112.66999816894531
1972-11-02,113.3499984741211
1972-11-09,114.5
1972-11-16,116.9000015258789
1972-11-23,116.5199966430664
1972-11-30,118.01000213623047
1972-12-07,118.55999755859375
1972-12-14,115.94999694824219
1972-12-21,116.93000030517578
1972-12-28,119.56999969482422
1973-01-04,119.43000030517578
1973-01-11,118.68000030517578
1973-01-18,116.7300033569336
1973-01-25,116.02999877929688
1973-02-01,113.66000366210938
1973-02-08,115.0999984741211
1973-02-15,114.69000244140625
1973-02-22,111.68000030517578
1973-03-01,114.44999694824219
1973-03-08,114.9800033569336
1973-03-15,110.48999786376953
1973-03-22,111.62000274658203
1973-03-29,108.7699966430664
1973-04-05,112.68000030517578
1973-04-12,111.54000091552734
1973-04-19,108.33999633789062
1973-04-26,108.43000030517578
1973-05-03,110.44000244140625
1973-05-10,106.43000030517578
1973-05-17,104.06999969482422
1973-05-24,105.91000366210938
1973-05-31,104.30999755859375
1973-06-07,107.5999984741211
1973-06-14,104.44000244140625
1973-06-21,103.62000274658203
1973-06-28,101.87000274658203
1973-07-05,105.80000305175781
1973-07-12,106.3499984741211
1973-07-19,109.63999938964844
1973-07-26,106.83000183105469
1973-08-02,105.55000305175781
1973-08-09,103.01000213623047
1973-08-16,100.52999877929688
1973-08-23,104.02999877929688
1973-08-30,104.63999938964844
1973-09-06,103.05999755859375
1973-09-13,105.87999725341797
1973-09-20,108.83000183105469
1973-09-27,108.77999877929688
1973-10-04,109.22000122070312
1973-10-11,109.97000122070312
1973-10-18,110.2699966430664
1973-10-25,108.29000091552734
1973-11-01,105.80000305175781
1973-11-08,102.44999694824219
1973-11-15,99.76000213623047
1973-11-22,97.6500015258789
1973-11-29,92.16000366210938
1973-12-06,93.56999969482422
1973-12-13,94.81999969482422
1973-12-20,95.73999786376953
1973-12-27,97.68000030517578
1974-01-03,93.41999816894531
1974-01-10,95.66999816894531
1974-01-17,97.06999969482422
1974-01-24,97.05999755859375
1974-01-31,93.26000213623047
1974-02-07,90.9800033569336
1974-02-14,93.44000244140625
1974-02-21,96.4000015258789
1974-02-28,97.9800033569336
1974-03-07,99.73999786376953
1974-03-14,97.56999969482422
1974-03-21,96.58999633789062
1974-03-28,94.33000183105469
1974-04-04,92.4000015258789
1974-04-11,94.36000061035156
1974-04-18,90.30000305175781
1974-04-25,92.22000122070312
1974-05-02,91.63999938964844
1974-05-09,90.44999694824219
1974-05-16,87.08999633789062
1974-05-23,86.88999938964844
1974-05-30,90.30999755859375
1974-06-06,92.05999755859375
1974-06-13,88.83999633789062
1974-06-20,87.61000061035156
1974-06-27,84.25
1974-07-04,79.98999786376953
1974-07-11,83.69999694824219
1974-07-18,84.98999786376953
1974-07-25,79.30999755859375
1974-08-01,82.6500015258789
1974-08-08,76.7300033569336
1974-08-15,73.51000213623047
1974-08-22,70.76000213623047
1974-08-29,68.69000244140625
1974-09-05,68.55000305175781
1974-09-12,67.72000122070312
1974-09-19,67.56999969482422
1974-09-26,63.380001068115234
1974-10-03,67.81999969482422
1974-10-10,70.33000183105469
1974-10-17,71.02999877929688
1974-10-24,74.30999755859375
1974-10-31,74.75
1974-11-07,73.3499984741211
1974-11-14,67.9000015258789
1974-11-21,69.94000244140625
1974-11-28,67.41000366210938
1974-12-05,67.66999816894531
1974-12-12,67.9000015258789
1974-12-19,66.87999725341797
1974-12-26,68.55999755859375
1975-01-02,70.04000091552734
1975-01-09,72.13999938964844
1975-01-16,71.73999786376953
1975-01-23,77.26000213623047
1975-01-30,78.94999694824219
1975-02-06,79.91999816894531
1975-02-13,81.44000244140625
1975-02-20,80.37000274658203
1975-02-27,83.9000015258789
1975-03-06,83.58999633789062
1975-03-13,84.33999633789062
1975-03-20,83.58999633789062
1975-03-27,82.43000030517578
1975-04-03,82.83999633789062
1975-04-10,86.5999984741211
1975-04-17,86.12000274658203
1975-04-24,87.30000305175781
1975-05-01,89.08000183105469
1975-05-08,92.2699966430664
1975-05-15,89.05999755859375
1975-05-22,89.70999908447266
1975-05-29,92.5999984741211
1975-06-05,90.55000305175781
1975-06-12,90.38999938964844
1975-06-19,94.62000274658203
1975-06-26,94.18000030517578
1975-07-03,94.80000305175781
1975-07-10,94.61000061035156
1975-07-17,90.18000030517578
1975-07-24,88.83000183105469
1975-07-31,86.25
1975-08-07,85.97000122070312
1975-08-14,83.22000122070312
1975-08-21,84.43000030517578
1975-08-28,86.02999877929688
1975-09-04,83.79000091552734
1975-09-11,82.37000274658203
1975-09-18,85.73999786376953
1975-09-25,82.93000030517578
1975-10-02,87.94000244140625
1975-10-09,89.2300033569336
1975-10-16,90.70999908447266
1975-10-23,89.38999938964844
1975-10-30,89.1500015258789
1975-11-06,91.19000244140625
1975-11-13,89.9800033569336
1975-11-20,90.94000244140625
1975-11-27,87.5999984741211
1975-12-04,88.08000183105469
1975-12-11,89.1500015258789
1975-12-18,89.45999908447266
1975-12-25,90.19000244140625
1976-01-01,93.94999694824219
1976-01-08,97.12999725341797
1976-01-15,98.23999786376953
1976-01-22,98.52999877929688
1976-01-29,101.91000366210938
1976-02-05,100.7699966430664
1976-02-12,99.8499984741211
1976-02-19,101.69000244140625
1976-02-26,99.9800033569336
1976-03-04,100.94000244140625
1976-03-11,100.86000061035156
1976-03-18,103.41999816894531
1976-03-25,102.7699966430664
1976-04-01,102.20999908447266
1976-04-08,100.30999755859375
1976-04-15,103.31999969482422
1976-04-22,102.12999725341797
1976-04-29,100.87999725341797
1976-05-06,102.7699966430664
1976-05-13,101.18000030517578
1976-05-20,99.33999633789062
1976-05-27,100.22000122070312
1976-06-03,98.73999786376953
1976-06-10,102.01000213623047
1976-06-17,103.25
1976-06-24,104.27999877929688
1976-07-01,103.83000183105469
1976-07-08,105.94999694824219
1976-07-15,103.81999969482422
1976-07-22,103.05000305175781
1976-07-29,104.43000030517578
1976-08-05,104.05999755859375
1976-08-12,104.55999755859375
1976-08-19,102.02999877929688
1976-08-26,104.05999755859375
1976-09-02,104.94000244140625
1976-09-09,104.25
1976-09-16,107.45999908447266
1976-09-23,105.37000274658203
1976-09-30,102.97000122070312
1976-10-07,102.12000274658203
1976-10-14,101.73999786376953
1976-10-21,101.76000213623047
1976-10-28,101.91999816894531
1976-11-04,98.80999755859375
1976-11-11,100.61000061035156
1976-11-18,102.41000366210938
1976-11-25,102.48999786376953
1976-12-02,104.08000183105469
1976-12-09,105.13999938964844
1976-12-16,104.70999908447266
1976-12-23,106.33999633789062
1976-12-30,104.76000213623047
1977-01-06,103.4000015258789
1977-01-13,103.8499984741211
1977-01-20,102.33999633789062
1977-01-27,102.36000061035156
1977-02-03,100.7300033569336
1977-02-10,101.5
1977-02-17,100.19000244140625
1977-02-24,100.38999938964844
1977-03-03,100.0999984741211
1977-03-10,102.16999816894531
1977-03-17,100.19999694824219
1977-03-24,98.54000091552734
1977-03-31,97.91000366210938
1977-04-07,100.16000366210938
1977-04-14,100.4000015258789
1977-04-21,97.95999908447266
1977-04-28,99.95999908447266
1977-05-05,98.77999877929688
1977-05-12,100.30000305175781
1977-05-19,96.7699966430664
1977-05-26,96.93000030517578
1977-06-02,98.19999694824219
1977-06-09,99.61000061035156
1977-06-16,100.45999908447266
1977-06-23,100.11000061035156
1977-06-30,99.58000183105469
1977-07-07,99.58999633789062
1977-07-14,101.7300033569336
1977-07-21,98.63999938964844
1977-07-28,98.37000274658203
1977-08-04,98.91999816894531
1977-08-11,97.73999786376953
1977-08-18,97.2300033569336
1977-08-25,96.7699966430664
1977-09-01,98.01000213623047
1977-09-08,96.55000305175781
1977-09-15,95.0999984741211
1977-09-22,95.30999755859375
1977-09-29,95.68000030517578
1977-10-06,94.04000091552734
1977-10-13,92.37999725341797
1977-10-20,92.0999984741211
1977-10-27,90.70999908447266
1977-11-03,92.9800033569336
1977-11-10,95.44999694824219
1977-11-17,96.48999786376953
1977-11-24,94.83000183105469
1977-12-01,92.77999877929688
1977-12-08,94.02999877929688
1977-12-15,93.05000305175781
1977-12-22,94.75
1977-12-29,93.5199966430664
1978-01-05,89.73999786376953
1978-01-12,90.55999755859375
1978-01-19,89.38999938964844
1978-01-26,89.93000030517578
1978-02-02,90.83000183105469
1978-02-09,88.83000183105469
1978-02-16,87.55999755859375
1978-02-23,87.19000244140625
1978-03-02,87.83999633789062
1978-03-09,89.12000274658203
1978-03-16,89.47000122070312
1978-03-23,89.63999938964844
1978-03-30,89.63999938964844
1978-04-06,90.11000061035156
1978-04-13,93.86000061035156
1978-04-20,96.81999969482422
1978-04-27,96.26000213623047
1978-05-04,95.91999816894531
1978-05-11,99.5999984741211
1978-05-18,97.08000183105469
1978-05-25,97.23999786376953
1978-06-01,100.12000274658203
1978-06-08,99.4800033569336
1978-06-15,96.01000213623047
1978-06-22,95.4000015258789
1978-06-29,94.2699966430664
1978-07-06,96.23999786376953
1978-07-13,98.12000274658203
1978-07-20,99.08000183105469
1978-07-27,102.91999816894531
1978-08-03,104.5
1978-08-10,104.6500015258789
1978-08-17,104.91000366210938
1978-08-24,103.5
1978-08-31,105.37999725341797
1978-09-07,106.33999633789062
1978-09-14,101.7300033569336
1978-09-21,101.66000366210938
1978-09-28,103.05999755859375
1978-10-05,105.38999938964844
1978-10-12,100.48999786376953
1978-10-19,97.30999755859375
1978-10-26,96.8499984741211
1978-11-02,94.44999694824219
1978-11-09,92.70999908447266
1978-11-16,95.4800033569336
1978-11-23,93.75
1978-11-30,97.48999786376953
1978-12-07,96.05999755859375
1978-12-14,94.68000030517578
1978-12-21,96.66000366210938
1978-12-28,97.80000305175781
1979-01-04,98.7699966430664
1979-01-11,99.4800033569336
1979-01-18,100.16000366210938
1979-01-25,99.93000030517578
1979-02-01,97.16000366210938
1979-02-08,98.87000274658203
1979-02-15,99.06999969482422
1979-02-22,96.27999877929688
1979-03-01,98.44000244140625
1979-03-08,99.70999908447266
1979-03-15,101.25
1979-03-22,102.12000274658203
1979-03-29,102.6500015258789
1979-04-05,102.30999755859375
1979-04-12,101.69999694824219
1979-04-19,102.5
1979-04-26,101.72000122070312
1979-05-03,99.45999908447266
1979-05-10,98.41999816894531
1979-05-17,99.88999938964844
1979-05-24,99.11000061035156
1979-05-31,101.30000305175781
1979-06-07,102.30999755859375
1979-06-14,101.62999725341797
1979-06-21,102.2699966430664
1979-06-28,102.08999633789062
1979-07-05,103.63999938964844
1979-07-12,101.69000244140625
1979-07-19,103.08000183105469
1979-07-26,104.16999816894531
1979-08-02,105.9800033569336
1979-08-09,108.25
1979-08-16,108.98999786376953
1979-08-23,109.0199966430664
1979-08-30,106.4000015258789
1979-09-06,107.81999969482422
1979-09-13,108.27999877929688
1979-09-20,109.95999908447266
1979-09-27,109.58999633789062
1979-10-04,105.30000305175781
1979-10-11,103.38999938964844
1979-10-18,100.44000244140625
1979-10-25,101.81999969482422
1979-11-01,99.87000274658203
1979-11-08,103.38999938964844
1979-11-15,103.88999938964844
1979-11-22,106.7699966430664
1979-11-29,107.25
1979-12-06,107.5199966430664
1979-12-13,108.19999694824219
1979-12-20,107.77999877929688
1979-12-27,105.76000213623047
1980-01-03,109.05000305175781
1980-01-10,111.05000305175781
1980-01-17,113.44000244140625
1980-01-24,115.19999694824219
1980-01-31,115.72000122070312
1980-02-07,118.44000244140625
1980-02-14,116.47000122070312
1980-02-21,112.37999725341797
1980-02-28,111.12999725341797
1980-03-06,106.87000274658203
1980-03-13,104.30999755859375
1980-03-20,98.68000030517578
1980-03-27,102.68000030517578
1980-04-03,103.11000061035156
1980-04-10,101.54000091552734
1980-04-17,103.7300033569336
1980-04-24,106.29000091552734
1980-05-01,107.18000030517578
1980-05-08,106.8499984741211
1980-05-15,107.72000122070312
1980-05-22,112.05999755859375
1980-05-29,112.61000061035156
1980-06-05,116.0199966430664
1980-06-12,116.26000213623047
1980-06-19,116.72000122070312
1980-06-26,115.68000030517578
1980-07-03,117.9800033569336
1980-07-10,119.62999725341797
1980-07-17,121.93000030517578
1980-07-24,122.2300033569336
1980-07-31,121.55000305175781
1980-08-07,123.27999877929688
1980-08-14,123.7699966430664
1980-08-21,123.5199966430664
1980-08-28,126.12000274658203
1980-09-04,124.80999755859375
1980-09-11,128.8699951171875
1980-09-18,130.3699951171875
1980-09-25,127.12999725341797
1980-10-02,131.64999389648438
1980-10-09,133.6999969482422
1980-10-16,131.9199981689453
1980-10-23,127.91000366210938
1980-10-30,131.3300018310547
1980-11-06,134.58999633789062
1980-11-13,139.05999755859375
1980-11-20,140.1699981689453
1980-11-27,136.7100067138672
1980-12-04,128.25999450683594
1980-12-11,132.88999938964844
1980-12-18,135.8800048828125
1980-12-25,135.75999450683594
1981-01-01,135.0800018310547
1981-01-08,133.47000122070312
1981-01-15,131.36000061035156
1981-01-22,130.33999633789062
1981-01-29,128.58999633789062
1981-02-05,128.24000549316406
1981-02-12,128.47999572753906
1981-02-19,128.52000427246094
1981-02-26,130.86000061035156
1981-03-05,129.9499969482422
1981-03-12,134.22000122070312
1981-03-19,137.11000061035156
1981-03-26,136.57000732421875
1981-04-02,134.30999755859375
1981-04-09,134.1699981689453
1981-04-16,134.13999938964844
1981-04-23,133.0500030517578
1981-04-30,130.77999877929688
1981-05-07,130.5500030517578
1981-05-14,132.0
1981-05-21,133.77000427246094
1981-05-28,130.7100067138672
1981-06-04,132.32000732421875
1981-06-11,133.32000732421875
1981-06-18,132.66000366210938
1981-06-25,129.77000427246094
1981-07-02,128.32000732421875
1981-07-09,130.22999572753906
1981-07-16,127.12999725341797
1981-07-23,129.16000366210938
1981-07-30,132.6699981689453
1981-08-06,133.39999389648438
1981-08-13,130.49000549316406
1981-08-20,124.95999908447266
1981-08-27,123.48999786376953
1981-09-03,118.4000015258789
1981-09-10,118.87000274658203
1981-09-17,115.6500015258789
1981-09-24,116.18000030517578
1981-10-01,121.30999755859375
1981-10-08,118.80000305175781
1981-10-15,120.0999984741211
1981-10-22,119.44999694824219
1981-10-29,124.73999786376953
1981-11-05,122.91999816894531
1981-11-12,120.26000213623047
1981-11-19,124.05000305175781
1981-11-26,124.69000244140625
1981-12-03,125.4800033569336
1981-12-10,122.41999816894531
1981-12-17,122.30999755859375
1981-12-24,122.30000305175781
1981-12-31,119.18000030517578
1982-01-07,114.87999725341797
1982-01-14,115.2699966430664
1982-01-21,115.73999786376953
1982-01-28,116.4800033569336
1982-02-04,114.66000366210938
1982-02-11,113.69000244140625
1982-02-18,113.47000122070312
1982-02-25,110.91999816894531
1982-03-04,109.41000366210938
1982-03-11,109.08000183105469
1982-03-18,112.97000122070312
1982-03-25,111.95999908447266
1982-04-01,115.45999908447266
1982-04-08,115.83000183105469
1982-04-15,115.72000122070312
1982-04-22,117.26000213623047
1982-04-29,117.66999816894531
1982-05-06,119.16999816894531
1982-05-13,114.88999938964844
1982-05-20,113.11000061035156
1982-05-27,112.04000091552734
1982-06-03,108.98999786376953
1982-06-10,108.87000274658203
1982-06-17,110.13999938964844
1982-06-24,109.61000061035156
1982-07-01,107.22000122070312
1982-07-08,110.44000244140625
1982-07-15,111.41999816894531
1982-07-22,107.73999786376953
1982-07-29,106.13999938964844
1982-08-05,102.5999984741211
1982-08-12,108.54000091552734
1982-08-19,117.58000183105469
1982-08-26,118.25
1982-09-02,122.19999694824219
1982-09-09,124.29000091552734
1982-09-16,123.98999786376953
1982-09-23,121.62999725341797
1982-09-30,125.97000122070312
1982-10-07,136.7100067138672
1982-10-14,139.22999572753906
1982-10-21,135.2899932861328
1982-10-28,142.8699951171875
1982-11-04,141.16000366210938
1982-11-11,137.92999267578125
1982-11-18,133.8800048828125
1982-11-25,138.72000122070312
1982-12-02,141.82000732421875
1982-12-09,135.24000549316406
1982-12-16,138.8300018310547
1982-12-23,141.24000549316406
1982-12-30,141.9600067138672
1983-01-06,146.69000244140625
1983-01-13,145.27000427246094
1983-01-20,141.5399932861328
1983-01-27,143.22999572753906
1983-02-03,145.0
1983-02-10,147.42999267578125
1983-02-17,146.7899932861328
1983-02-24,152.3000030517578
1983-03-03,152.8699951171875
1983-03-10,149.80999755859375
1983-03-17,152.80999755859375
1983-03-24,153.38999938964844
1983-03-31,151.0399932861328
1983-04-07,156.77000427246094
1983-04-14,160.7100067138672
1983-04-21,161.44000244140625
1983-04-28,163.30999755859375
1983-05-05,164.9600067138672
1983-05-12,163.27000427246094
1983-05-19,166.2100067138672
1983-05-26,162.5500030517578
1983-06-02,161.36000061035156
1983-06-09,167.1199951171875
1983-06-16,170.99000549316406
1983-06-23,166.63999938964844
1983-06-30,168.47999572753906
1983-07-07,165.4600067138672
1983-07-14,169.2899932861328
1983-07-21,167.58999633789062
1983-07-28,163.44000244140625
1983-08-04,161.5399932861328
1983-08-11,165.2899932861328
1983-08-18,161.25
1983-08-25,164.39999389648438
1983-09-01,167.9600067138672
1983-09-08,165.35000610351562
1983-09-15,168.41000366210938
1983-09-22,168.0
1983-09-29,167.74000549316406
1983-10-06,169.6199951171875
1983-10-13,166.72999572753906
1983-10-20,165.3800048828125
1983-10-27,164.83999633789062
1983-11-03,163.97000122070312
1983-11-10,166.0800018310547
1983-11-17,166.9600067138672
1983-11-24,166.39999389648438
1983-12-01,165.91000366210938
1983-12-08,163.3300018310547
1983-12-15,163.55999755859375
1983-12-22,165.33999633789062
1983-12-29,166.77999877929688
1984-01-05,167.8000030517578
1984-01-12,167.5500030517578
1984-01-19,164.83999633789062
1984-01-26,162.74000549316406
1984-02-02,155.85000610351562
1984-02-09,156.25
1984-02-16,154.30999755859375
1984-02-23,157.05999755859375
1984-03-01,154.57000732421875
1984-03-08,156.77000427246094
1984-03-15,158.66000366210938
1984-03-22,159.8800048828125
1984-03-29,157.5399932861328
1984-04-05,155.0
1984-04-12,157.89999389648438
1984-04-19,158.64999389648438
1984-04-26,161.89999389648438
1984-05-03,160.11000061035156
1984-05-10,157.99000549316406
1984-05-17,153.14999389648438
1984-05-24,150.35000610351562
1984-05-31,155.00999450683594
1984-06-07,152.1300048828125
1984-06-14,154.83999633789062
1984-06-21,151.63999938964844
1984-06-28,153.6999969482422
1984-07-05,150.55999755859375
1984-07-12,151.39999389648438
1984-07-19,148.8300018310547
1984-07-26,154.0800018310547
1984-08-02,161.75
1984-08-09,162.8000030517578
1984-08-16,167.05999755859375
1984-08-23,167.08999633789062
1984-08-30,164.2899932861328
1984-09-06,164.67999267578125
1984-09-13,166.94000244140625
1984-09-20,166.27999877929688
1984-09-27,162.44000244140625
1984-10-04,162.11000061035156
1984-10-11,164.13999938964844
1984-10-18,167.1999969482422
1984-10-25,166.08999633789062
1984-11-01,169.1699981689453
1984-11-08,165.99000549316406
1984-11-15,164.50999450683594
1984-11-22,165.02000427246094
1984-11-29,162.10000610351562
1984-12-06,162.6300048828125
1984-12-13,167.16000366210938
1984-12-20,166.47000122070312
1984-12-27,165.3699951171875
1985-01-03,165.17999267578125
1985-01-10,171.19000244140625
1985-01-17,177.3000030517578
1985-01-24,179.38999938964844
1985-01-31,180.42999267578125
1985-02-07,183.35000610351562
1985-02-14,181.17999267578125
1985-02-21,180.7100067138672
1985-02-28,180.64999389648438
1985-03-07,178.19000244140625
1985-03-14,179.0800018310547
1985-03-21,179.5399932861328
1985-03-28,179.11000061035156
1985-04-04,179.4199981689453
1985-04-11,181.67999267578125
1985-04-18,182.25999450683594
1985-04-25,178.3699951171875
1985-05-02,180.6199951171875
1985-05-09,184.5399932861328
1985-05-16,188.55999755859375
1985-05-23,187.67999267578125
1985-05-30,190.16000366210938
1985-06-06,187.61000061035156
1985-06-13,186.6300048828125
1985-06-20,190.05999755859375
1985-06-27,191.4499969482422
1985-07-04,192.3699951171875
1985-07-11,195.64999389648438
1985-07-18,191.5800018310547
1985-07-25,190.9199981689453
1985-08-01,187.67999267578125
1985-08-08,187.41000366210938
1985-08-15,189.16000366210938
1985-08-22,188.8300018310547
1985-08-29,187.3699951171875
1985-09-05,185.02999877929688
1985-09-12,181.7100067138672
1985-09-19,180.66000366210938
1985-09-26,184.05999755859375
1985-10-03,182.52000427246094
1985-10-10,187.97999572753906
1985-10-17,189.08999633789062
1985-10-24,190.07000732421875
1985-10-31,192.75999450683594
1985-11-07,197.10000610351562
1985-11-14,198.99000549316406
1985-11-21,202.5399932861328
1985-11-28,204.22999572753906
1985-12-05,206.30999755859375
1985-12-12,209.80999755859375
1985-12-19,207.13999938964844
1985-12-26,211.27999877929688
1986-01-02,207.97000122070312
1986-01-09,208.25999450683594
1986-01-16,203.49000549316406
1986-01-23,210.2899932861328
1986-01-30,212.9600067138672
1986-02-06,215.97000122070312
1986-02-13,219.75999450683594
1986-02-20,224.0399932861328
1986-02-27,224.33999633789062
1986-03-06,232.5399932861328
1986-03-13,235.60000610351562
1986-03-20,237.3000030517578
1986-03-27,235.7100067138672
1986-04-03,233.75
1986-04-10,242.22000122070312
1986-04-17,241.75
1986-04-24,235.52000427246094
1986-05-01,236.0800018310547
1986-05-08,237.5399932861328
1986-05-15,235.4499969482422
1986-05-22,246.6300048828125
1986-05-29,243.94000244140625
1986-06-05,241.1300048828125
1986-06-12,244.99000549316406
1986-06-19,248.92999267578125
1986-06-26,252.6999969482422
1986-07-03,242.82000732421875
1986-07-10,235.00999450683594
1986-07-17,238.6699981689453
1986-07-24,236.58999633789062
1986-07-31,236.83999633789062
1986-08-07,245.6699981689453
1986-08-14,249.77000427246094
1986-08-21,253.3000030517578
1986-08-28,250.0800018310547
1986-09-04,247.05999755859375
1986-09-11,231.67999267578125
1986-09-18,236.27999877929688
1986-09-25,233.60000610351562
1986-10-02,236.67999267578125
1986-10-09,238.8000030517578
1986-10-16,236.25999450683594
1986-10-23,240.94000244140625
1986-10-30,246.5800018310547
1986-11-06,246.63999938964844
1986-11-13,237.66000366210938
1986-11-20,248.77000427246094
1986-11-27,253.85000610351562
1986-12-04,250.9600067138672
1986-12-11,247.55999755859375
1986-12-18,246.75
1986-12-25,242.1699981689453
1987-01-01,255.3300018310547
1987-01-08,262.6400146484375
1987-01-15,267.8399963378906
1987-01-22,275.3999938964844
1987-01-29,279.6400146484375
1987-02-05,277.5400085449219
1987-02-12,285.4200134277344
1987-02-19,284.0
1987-02-26,288.6199951171875
1987-03-05,290.30999755859375
1987-03-12,292.7799987792969
1987-03-19,300.3800048828125
1987-03-26,292.3800048828125
1987-04-02,297.260009765625
1987-04-09,284.44000244140625
1987-04-16,287.19000244140625
1987-04-23,284.57000732421875
1987-04-30,295.4700012207031
1987-05-07,293.9800109863281
1987-05-14,278.2099914550781
1987-05-21,288.7300109863281
1987-05-28,293.4700012207031
1987-06-04,297.4700012207031
1987-06-11,304.80999755859375
1987-06-18,306.8599853515625
1987-06-25,302.94000244140625
1987-07-02,308.2900085449219
1987-07-09,310.4200134277344
1987-07-16,308.4700012207031
1987-07-23,315.6499938964844
1987-07-30,318.45001220703125
1987-08-06,332.3900146484375
1987-08-13,329.8299865722656
1987-08-20,334.57000732421875
1987-08-27,321.67999267578125
1987-09-03,313.9200134277344
1987-09-10,314.8599853515625
1987-09-17,321.19000244140625
1987-09-24,321.8299865722656
1987-10-01,318.5400085449219
1987-10-08,305.2300109863281
1987-10-15,258.3800048828125
1987-10-22,233.27999877929688
1987-10-29,248.9600067138672
1987-11-05,241.89999389648438
1987-11-12,245.5500030517578
1987-11-19,244.10000610351562
1987-11-26,233.4499969482422
1987-12-03,238.88999938964844
1987-12-10,248.0800018310547
1987-12-17,253.16000366210938
1987-12-24,247.86000061035156
1987-12-31,258.8900146484375
1988-01-07,245.80999755859375
1988-01-14,242.6300048828125
1988-01-21,249.3800048828125
1988-01-28,252.2100067138672
1988-02-04,256.6600036621094
1988-02-11,259.2099914550781
1988-02-18,264.42999267578125
1988-02-25,267.9800109863281
1988-03-03,269.05999755859375
1988-03-10,268.6499938964844
1988-03-17,268.9100036621094
1988-03-24,258.07000732421875
1988-03-31,265.489990234375
1988-04-07,271.5799865722656
1988-04-14,256.1300048828125
1988-04-21,263.79998779296875
1988-04-28,260.32000732421875
1988-05-05,253.30999755859375
1988-05-12,251.35000610351562
1988-05-19,253.75999450683594
1988-05-26,266.69000244140625
1988-06-02,271.5199890136719
1988-06-09,274.45001220703125
1988-06-16,275.6600036621094
1988-06-23,270.9800109863281
1988-06-30,272.0199890136719
1988-07-07,269.32000732421875
1988-07-14,270.0
1988-07-21,262.5
1988-07-28,272.9800109863281
1988-08-04,261.8999938964844
1988-08-11,260.7699890136719
1988-08-18,261.1300048828125
1988-08-25,261.5199890136719
1988-09-01,265.8699951171875
1988-09-08,269.30999755859375
1988-09-15,270.1600036621094
1988-09-22,269.0799865722656
1988-09-29,271.8599853515625
1988-10-06,273.9800109863281
1988-10-13,276.9700012207031
1988-10-20,281.3800048828125
1988-10-27,279.05999755859375
1988-11-03,273.3299865722656
1988-11-10,263.82000732421875
1988-11-17,269.0
1988-11-24,273.70001220703125
1988-12-01,278.1300048828125
1988-12-08,275.30999755859375
1988-12-15,277.3800048828125
1988-12-22,277.0799865722656
1988-12-29,279.42999267578125
1989-01-05,282.010009765625
1989-01-12,286.5299987792969
1989-01-19,289.1400146484375
1989-01-26,297.0899963378906
1989-02-02,298.6499938964844
1989-02-09,294.239990234375
1989-02-16,290.9100036621094
1989-02-23,287.1099853515625
1989-03-02,294.0799865722656
1989-03-09,296.6700134277344
1989-03-16,290.489990234375
1989-03-23,292.3500061035156
1989-03-30,296.239990234375
1989-04-06,298.989990234375
1989-04-13,307.1499938964844
1989-04-20,306.92999267578125
1989-04-27,308.1600036621094
1989-05-04,305.79998779296875
1989-05-11,317.4800109863281
1989-05-18,319.1400146484375
1989-05-25,320.5199890136719
1989-06-01,326.95001220703125
1989-06-08,323.8299865722656
1989-06-15,320.4800109863281
1989-06-22,325.80999755859375
1989-06-29,320.6400146484375
1989-07-06,329.80999755859375
1989-07-13,335.7300109863281
1989-07-20,338.04998779296875
1989-07-27,344.3399963378906
1989-08-03,346.94000244140625
1989-08-10,345.6600036621094
1989-08-17,344.70001220703125
1989-08-24,350.6499938964844
1989-08-31,349.239990234375
1989-09-07,345.4599914550781
1989-09-14,346.4700012207031
1989-09-21,345.1000061035156
1989-09-28,356.94000244140625
1989-10-05,356.989990234375
1989-10-12,341.760009765625
1989-10-19,342.5
1989-10-26,341.20001220703125
1989-11-02,338.1499938964844
1989-11-09,340.5400085449219
1989-11-16,341.9100036621094
1989-11-23,343.6000061035156
1989-11-30,348.54998779296875
1989-12-07,352.75
1989-12-14,342.8399963378906
1989-12-21,348.80999755859375
1989-12-28,358.760009765625
1990-01-04,347.30999755859375
1990-01-11,337.3999938964844
1990-01-18,330.260009765625
1990-01-25,329.0799865722656
1990-02-01,333.75
1990-02-08,332.010009765625
1990-02-15,327.6700134277344
1990-02-22,331.8900146484375
1990-03-01,336.95001220703125
1990-03-08,336.8699951171875
1990-03-15,339.739990234375
1990-03-22,342.0
1990-03-29,341.0899963378906
1990-04-05,341.9200134277344
1990-04-12,340.7200012207031
1990-04-19,332.0299987792969
1990-04-26,334.4800109863281
1990-05-03,342.8599853515625
1990-05-10,354.0
1990-05-17,359.2900085449219
1990-05-24,360.8599853515625
1990-05-31,364.9599914550781
1990-06-07,364.8999938964844
1990-06-14,359.1000061035156
1990-06-21,355.1400146484375
1990-06-28,360.1600036621094
1990-07-05,361.2300109863281
1990-07-12,364.2200012207031
1990-07-19,357.0899963378906
1990-07-26,355.5199890136719
1990-08-02,338.3500061035156
1990-08-09,340.05999755859375
1990-08-16,316.54998779296875
1990-08-23,324.19000244140625
1990-08-30,324.3900146484375
1990-09-06,322.5400085449219
1990-09-13,316.6000061035156
1990-09-20,305.05999755859375
1990-09-27,311.3999938964844
1990-10-04,300.3900146484375
1990-10-11,298.760009765625
1990-10-18,312.6000061035156
1990-10-25,304.0
1990-11-01,306.010009765625
1990-11-08,320.3999938964844
1990-11-15,316.0299987792969
1990-11-22,317.95001220703125
1990-11-29,329.9200134277344
1990-12-06,330.19000244140625
1990-12-13,330.20001220703125
1990-12-20,330.8500061035156
1990-12-27,326.45001220703125
1991-01-03,311.489990234375
1991-01-10,316.1700134277344
1991-01-17,330.2099914550781
1991-01-24,340.9100036621094
1991-01-31,358.07000732421875
1991-02-07,369.0199890136719
1991-02-14,365.1400146484375
1991-02-21,367.739990234375
1991-02-28,376.1700134277344
1991-03-07,374.57000732421875
1991-03-14,367.9200134277344
1991-03-21,375.3500061035156
1991-03-28,378.94000244140625
1991-04-04,373.1499938964844
1991-04-11,390.45001220703125
1991-04-18,382.760009765625
1991-04-25,380.2900085449219
1991-05-02,378.510009765625
1991-05-09,368.57000732421875
1991-05-16,376.19000244140625
1991-05-23,382.7900085449219
1991-05-30,385.0899963378906
1991-06-06,376.6499938964844
1991-06-13,375.0899963378906
1991-06-20,371.5899963378906
1991-06-27,373.3299865722656
1991-07-04,375.739990234375
1991-07-11,381.17999267578125
1991-07-18,378.6400146484375
1991-07-25,387.80999755859375
1991-08-01,390.55999755859375
1991-08-08,389.8999938964844
1991-08-15,390.5899963378906
1991-08-22,396.6400146484375
1991-08-29,389.9700012207031
1991-09-05,385.0899963378906
1991-09-12,386.94000244140625
1991-09-19,386.8800048828125
1991-09-26,388.260009765625
1991-10-03,376.79998779296875
1991-10-10,392.79998779296875
1991-10-17,387.94000244140625
1991-10-24,392.9599914550781
1991-10-31,389.9700012207031
1991-11-07,397.4100036621094
1991-11-14,378.5299987792969
1991-11-21,376.54998779296875
1991-11-28,380.07000732421875
1991-12-05,377.70001220703125
1991-12-12,383.4800109863281
1991-12-19,399.3299865722656
1991-12-26,417.0899963378906
1992-01-02,418.1000061035156
1992-01-09,420.7699890136719
1992-01-16,418.1300048828125
1992-01-23,410.3399963378906
1992-01-30,413.8399963378906
1992-02-06,417.1300048828125
1992-02-13,408.260009765625
1992-02-20,415.3500061035156
1992-02-27,409.3299865722656
1992-03-05,404.0299987792969
1992-03-12,409.1499938964844
1992-03-19,407.5199890136719
1992-03-26,404.2300109863281
1992-04-02,394.5
1992-04-09,416.2799987792969
1992-04-16,409.80999755859375
1992-04-23,412.0199890136719
1992-04-30,416.7900085449219
1992-05-07,416.45001220703125
1992-05-14,415.3900146484375
1992-05-21,412.1700134277344
1992-05-28,414.5899963378906
1992-06-04,407.25
1992-06-11,402.260009765625
1992-06-18,403.8399963378906
1992-06-25,412.8800048828125
1992-07-02,410.2799987792969
1992-07-09,417.1000061035156
1992-07-16,410.92999267578125
1992-07-23,422.2300109863281
1992-07-30,422.19000244140625
1992-08-06,417.7799987792969
1992-08-13,418.19000244140625
1992-08-20,413.510009765625
1992-08-27,417.9800109863281
1992-09-03,416.3599853515625
1992-09-10,419.9200134277344
1992-09-17,417.44000244140625
1992-09-24,417.79998779296875
1992-10-01,404.25
1992-10-08,409.3699951171875
1992-10-15,415.6700134277344
1992-10-22,420.1300048828125
1992-10-29,417.1099853515625
1992-11-05,422.20001220703125
1992-11-12,422.8500061035156
1992-11-19,429.19000244140625
1992-11-26,429.8900146484375
1992-12-03,435.6499938964844
1992-12-10,431.5199890136719
1992-12-17,439.0299987792969
1992-12-24,438.82000732421875
1992-12-31,434.5199890136719
1993-01-07,433.0299987792969
1993-01-14,433.3699951171875
1993-01-21,438.1099853515625
1993-01-28,447.20001220703125
1993-02-04,446.2300109863281
1993-02-11,433.29998779296875
1993-02-18,440.8699951171875
1993-02-25,449.260009765625
1993-03-04,456.3299865722656
1993-03-11,448.30999755859375
1993-03-18,448.07000732421875
1993-03-25,451.6700134277344
1993-04-01,442.7300109863281
1993-04-08,448.6600036621094
1993-04-15,443.6300048828125
1993-04-22,438.0199890136719
1993-04-29,444.5199890136719
1993-05-06,444.79998779296875
1993-05-13,447.57000732421875
1993-05-20,453.44000244140625
1993-05-27,453.8500061035156
1993-06-03,445.7799987792969
1993-06-10,447.42999267578125
1993-06-17,443.19000244140625
1993-06-24,450.5299987792969
1993-07-01,442.8299865722656
1993-07-08,450.0799865722656
1993-07-15,447.17999267578125
1993-07-22,447.19000244140625
1993-07-29,448.5400085449219
1993-08-05,450.4599914550781
1993-08-12,456.0400085449219
1993-08-19,460.1300048828125
1993-08-26,463.1499938964844
1993-09-02,456.6499938964844
1993-09-09,461.6000061035156
1993-09-16,456.20001220703125
1993-09-23,460.1099853515625
1993-09-30,460.739990234375
1993-10-07,461.489990234375
1993-10-14,466.07000732421875
1993-10-21,464.6099853515625
1993-10-28,463.0199890136719
1993-11-04,463.7200012207031
1993-11-11,464.80999755859375
1993-11-18,462.3599853515625
1993-11-25,461.8900146484375
1993-12-02,466.2900085449219
1993-12-09,461.8399963378906
1993-12-16,467.32000732421875
1993-12-23,470.5799865722656
1993-12-30,467.54998779296875
1994-01-06,474.1700134277344
1994-01-13,474.29998779296875
1994-01-20,473.20001220703125
1994-01-27,482.0
1994-02-03,472.7699890136719
1994-02-10,472.7900085449219
1994-02-17,470.69000244140625
1994-02-24,464.80999755859375
1994-03-03,467.05999755859375
1994-03-10,469.4200134277344
1994-03-17,468.5400085449219
1994-03-24,445.54998779296875
1994-03-31,448.04998779296875
1994-04-07,446.260009765625
1994-04-14,441.9599914550781
1994-04-21,451.8699951171875
1994-04-28,451.7200012207031
1994-05-05,441.489990234375
1994-05-12,453.69000244140625
1994-05-19,456.3399963378906
1994-05-26,457.6300048828125
1994-06-02,457.05999755859375
1994-06-09,460.6099853515625
1994-06-16,453.0899963378906
1994-06-23,447.6300048828125
1994-06-30,446.1300048828125
1994-07-07,448.7300109863281
1994-07-14,451.6000061035156
1994-07-21,452.57000732421875
1994-07-28,461.45001220703125
1994-08-04,460.29998779296875
1994-08-11,465.1700134277344
1994-08-18,469.0299987792969
1994-08-25,475.489990234375
1994-09-01,470.989990234375
1994-09-08,468.79998779296875
1994-09-15,461.4599914550781
1994-09-22,464.8399963378906
1994-09-29,453.5199890136719
1994-10-06,465.4700012207031
1994-10-13,470.2799987792969
1994-10-20,462.6199951171875
1994-10-27,466.510009765625
1994-11-03,465.3999938964844
1994-11-10,465.6199951171875
1994-11-17,449.92999267578125
1994-11-24,453.69000244140625
1994-12-01,451.2300109863281
1994-12-08,454.9700012207031
1994-12-15,459.6099853515625
1994-12-22,460.8599853515625
1994-12-29,460.7099914550781
1995-01-05,461.6600036621094
1995-01-12,469.7099914550781
1995-01-19,467.44000244140625
1995-01-26,470.3999938964844
1995-02-02,481.19000244140625
1995-02-09,484.5400085449219
1995-02-16,485.07000732421875
1995-02-23,485.6499938964844
1995-03-02,483.1400146484375
1995-03-09,491.8800048828125
1995-03-16,495.6700134277344
1995-03-23,503.1199951171875
1995-03-30,505.57000732421875
1995-04-06,507.1700134277344
1995-04-13,504.9200134277344
1995-04-20,512.6599731445312
1995-04-27,520.47998046875
1995-05-04,524.3599853515625
1995-05-11,527.0700073242188
1995-05-18,528.6099853515625
1995-05-25,533.4000244140625
1995-06-01,533.1300048828125
1995-06-08,536.469970703125
1995-06-15,543.97998046875
1995-06-22,544.72998046875
1995-06-29,547.260009765625
1995-07-06,560.8900146484375
1995-07-13,550.97998046875
1995-07-20,561.6099853515625
1995-07-27,558.7999877929688
1995-08-03,559.7100219726562
1995-08-10,559.969970703125
1995-08-17,557.1400146484375
1995-08-24,560.9199829101562
1995-08-31,570.1699829101562
1995-09-07,578.77001953125
1995-09-14,586.77001953125
1995-09-21,581.0399780273438
1995-09-28,581.469970703125
1995-10-05,579.4600219726562
1995-10-12,587.4400024414062
1995-10-19,582.469970703125
1995-10-26,584.219970703125
1995-11-02,591.7100219726562
1995-11-09,593.9600219726562
1995-11-16,598.4000244140625
1995-11-23,607.6400146484375
1995-11-30,620.1799926757812
1995-12-07,621.6900024414062
1995-12-14,605.9400024414062
1995-12-21,614.530029296875
1995-12-28,621.3200073242188
1996-01-04,598.47998046875
1996-01-11,606.3699951171875
1996-01-18,619.9600219726562
1996-01-25,636.02001953125
1996-02-01,649.9299926757812
1996-02-08,655.5800170898438
1996-02-15,648.0999755859375
1996-02-22,644.75
1996-02-29,652.0
1996-03-07,638.5499877929688
1996-03-14,649.97998046875
1996-03-21,648.9099731445312
1996-03-28,655.8800048828125
1996-04-04,633.5
1996-04-11,641.6099853515625
1996-04-18,650.1699829101562
1996-04-25,654.5800170898438
1996-05-02,644.77001953125
1996-05-09,665.4199829101562
1996-05-16,678.4199829101562
1996-05-23,667.9299926757812
1996-05-30,678.4400024414062
1996-06-06,669.0399780273438
1996-06-13,661.9600219726562
1996-06-20,664.3900146484375
1996-06-27,672.4000244140625
1996-07-04,656.0599975585938
1996-07-11,634.0700073242188
1996-07-18,626.6500244140625
1996-07-25,639.9500122070312
1996-08-01,664.1599731445312
1996-08-08,662.0499877929688
1996-08-15,665.0700073242188
1996-08-22,664.8099975585938
1996-08-29,655.6099853515625
1996-09-05,667.280029296875
1996-09-12,681.469970703125
1996-09-19,685.8300170898438
1996-09-26,694.010009765625
1996-10-03,696.739990234375
1996-10-10,704.4099731445312
1996-10-17,707.27001953125
1996-10-24,700.9000244140625
1996-10-31,724.5900268554688
1996-11-07,731.1300048828125
1996-11-14,743.9500122070312
1996-11-21,755.0
1996-11-28,745.0999755859375
1996-12-05,740.72998046875
1996-12-12,731.5399780273438
1996-12-19,751.030029296875
1996-12-26,740.739990234375
1997-01-02,748.4099731445312
1997-01-09,767.2000122070312
1997-01-16,786.22998046875
1997-01-23,772.5
1997-01-30,778.280029296875
1997-02-06,802.77001953125
1997-02-13,812.489990234375
1997-02-20,805.6799926757812
1997-02-27,801.989990234375
1997-03-06,804.260009765625
1997-03-13,785.77001953125
1997-03-20,790.5
1997-03-27,750.1099853515625
1997-04-03,760.5999755859375
1997-04-10,763.530029296875
1997-04-17,773.6400146484375
1997-04-24,801.3400268554688
1997-05-01,815.6199951171875
1997-05-08,836.0399780273438
1997-05-15,839.3499755859375
1997-05-22,847.2100219726562
1997-05-29,840.1099853515625
1997-06-05,869.5700073242188
1997-06-12,889.0599975585938
1997-06-19,888.989990234375
1997-06-26,904.030029296875
1997-07-03,907.5399780273438
1997-07-10,936.5900268554688
1997-07-17,936.5599975585938
1997-07-24,952.2899780273438
1997-07-31,960.3200073242188
1997-08-07,922.02001953125
1997-08-14,939.3499755859375
1997-08-21,913.7000122070312
1997-08-28,927.8599853515625
1997-09-04,919.030029296875
1997-09-11,943.0
1997-09-18,944.47998046875
1997-09-25,955.4099731445312
1997-10-02,973.8400268554688
1997-10-09,965.719970703125
1997-10-16,968.489990234375
1997-10-23,919.1599731445312
1997-10-30,942.760009765625
1997-11-06,905.9600219726562
1997-11-13,944.5900268554688
1997-11-20,951.6400146484375
1997-11-27,976.77001953125
1997-12-04,969.7899780273438
1997-12-11,965.5399780273438
1997-12-18,932.7000122070312
1997-12-25,970.4299926757812
1998-01-01,964.0
1998-01-08,957.9400024414062
1998-01-15,970.8099975585938
1998-01-22,977.4600219726562
1998-01-29,1006.9000244140625
1998-02-05,1020.010009765625
1998-02-12,1032.0799560546875
1998-02-19,1042.9000244140625
1998-02-26,1047.3299560546875
1998-03-05,1068.469970703125
1998-03-12,1085.52001953125
1998-03-19,1101.9300537109375
1998-03-26,1108.1500244140625
1998-04-02,1101.6500244140625
1998-04-09,1119.3199462890625
1998-04-16,1130.5400390625
1998-04-23,1094.6199951171875
1998-04-30,1104.9200439453125
1998-05-07,1118.8599853515625
1998-05-14,1119.06005859375
1998-05-21,1092.22998046875
1998-05-28,1082.72998046875
1998-06-04,1112.280029296875
1998-06-11,1107.1099853515625
1998-06-18,1132.8800048828125
1998-06-25,1148.56005859375
1998-07-02,1166.3800048828125
1998-07-09,1174.81005859375
1998-07-16,1164.0799560546875
1998-07-23,1125.2099609375
1998-07-30,1081.4300537109375
1998-08-06,1084.219970703125
1998-08-13,1098.06005859375
1998-08-20,1084.18994140625
1998-08-27,990.47998046875
1998-09-03,1006.2000122070312
1998-09-10,1045.47998046875
1998-09-17,1066.0899658203125
1998-09-24,1017.010009765625
1998-10-01,970.6799926757812
1998-10-08,1005.530029296875
1998-10-15,1069.9200439453125
1998-10-22,1068.0899658203125
1998-10-29,1118.6700439453125
1998-11-05,1120.969970703125
1998-11-12,1144.47998046875
1998-11-19,1186.8699951171875
1998-11-26,1171.25
1998-12-03,1183.489990234375
1998-12-10,1161.93994140625
1998-12-17,1228.5400390625
1998-12-24,1231.9300537109375
1998-12-31,1272.3399658203125
1999-01-07,1234.4000244140625
1999-01-14,1256.6199951171875
1999-01-21,1243.1700439453125
1999-01-28,1272.0699462890625
1999-02-04,1223.550048828125
1999-02-11,1224.030029296875
1999-02-18,1253.4100341796875
1999-02-25,1227.699951171875
1999-03-04,1286.8399658203125
1999-03-11,1297.8199462890625
1999-03-18,1268.5899658203125
1999-03-25,1286.3699951171875
1999-04-01,1326.8900146484375
1999-04-08,1328.43994140625
1999-04-15,1336.1199951171875
1999-04-22,1350.9100341796875
1999-04-29,1347.31005859375
1999-05-06,1364.0
1999-05-13,1344.22998046875
1999-05-20,1304.760009765625
1999-05-27,1294.81005859375
1999-06-03,1318.6400146484375
1999-06-10,1330.4100341796875
1999-06-17,1333.06005859375
1999-06-24,1372.7099609375
1999-07-01,1395.8599853515625
1999-07-08,1398.1700439453125
1999-07-15,1379.2900390625
1999-07-22,1365.4000244140625
1999-07-29,1305.3299560546875
1999-08-05,1301.9300537109375
1999-08-12,1332.8399658203125
1999-08-19,1381.7900390625
1999-08-26,1331.0699462890625
1999-09-02,1344.1500244140625
1999-09-09,1317.969970703125
1999-09-16,1310.510009765625
1999-09-23,1268.3699951171875
1999-09-30,1325.4000244140625
1999-10-07,1285.550048828125
1999-10-14,1289.4300537109375
1999-10-21,1296.7099609375
1999-10-28,1354.9300537109375
1999-11-04,1373.4599609375
1999-11-11,1410.7099609375
1999-11-18,1417.0799560546875
1999-11-25,1397.719970703125
1999-12-02,1403.8800048828125
1999-12-09,1413.3299560546875
1999-12-16,1436.1300048828125
1999-12-23,1463.4599609375
1999-12-30,1402.1099853515625
2000-01-06,1432.25
2000-01-13,1455.9000244140625
2000-01-20,1404.0899658203125
2000-01-27,1409.1199951171875
2000-02-03,1411.7099609375
2000-02-10,1387.6700439453125
2000-02-17,1360.68994140625
2000-02-24,1379.18994140625
2000-03-02,1366.699951171875
2000-03-09,1392.1400146484375
2000-03-16,1500.6400146484375
2000-03-23,1508.52001953125
2000-03-30,1487.3699951171875
2000-04-06,1467.1700439453125
2000-04-13,1427.469970703125
2000-04-20,1460.989990234375
2000-04-27,1415.0999755859375
2000-05-04,1383.050048828125
2000-05-11,1447.800048828125
2000-05-18,1399.050048828125
2000-05-25,1420.5999755859375
2000-06-01,1471.3599853515625
2000-06-08,1470.5400390625
2000-06-15,1479.1300048828125
2000-06-22,1454.8199462890625
2000-06-29,1446.22998046875
2000-07-06,1492.9200439453125
2000-07-13,1481.9599609375
2000-07-20,1452.4200439453125
2000-07-27,1438.699951171875
2000-08-03,1472.8699951171875
2000-08-10,1479.8499755859375
2000-08-17,1505.969970703125
2000-08-24,1502.5899658203125
2000-08-31,1492.25
2000-09-07,1484.9100341796875
2000-09-14,1451.3399658203125
2000-09-21,1426.5699462890625
2000-09-28,1434.3199462890625
2000-10-05,1364.5899658203125
2000-10-12,1342.1300048828125
2000-10-19,1364.9000244140625
2000-10-26,1421.219970703125
2000-11-02,1409.280029296875
2000-11-09,1389.81005859375
2000-11-16,1322.3599853515625
2000-11-23,1341.9300537109375
2000-11-30,1351.4599609375
2000-12-07,1359.989990234375
2000-12-14,1264.739990234375
2000-12-21,1328.9200439453125
2000-12-28,1347.56005859375
2001-01-04,1313.27001953125
2001-01-11,1329.469970703125
2001-01-18,1364.300048828125
2001-01-25,1366.010009765625
2001-02-01,1340.8900146484375
2001-02-08,1315.9200439453125
2001-02-15,1255.27001953125
2001-02-22,1239.93994140625
2001-03-01,1261.8900146484375
2001-03-08,1166.7099609375
2001-03-15,1122.1400146484375
2001-03-22,1153.2900390625
2001-03-29,1103.25
2001-04-05,1165.8900146484375
2001-04-12,1238.1600341796875
2001-04-19,1228.75
2001-04-26,1267.4300537109375
2001-05-03,1255.5400390625
2001-05-10,1284.989990234375
2001-05-17,1289.050048828125
2001-05-24,1248.0799560546875
2001-05-31,1270.030029296875
2001-06-07,1241.5999755859375
2001-06-14,1223.1400146484375
2001-06-21,1211.0699462890625
2001-06-28,1234.449951171875
2001-07-05,1180.1800537109375
2001-07-12,1207.7099609375
2001-07-19,1190.489990234375
2001-07-26,1215.9300537109375
2001-08-02,1183.530029296875
2001-08-09,1178.02001953125
2001-08-16,1165.31005859375
2001-08-23,1148.56005859375
2001-08-30,1131.739990234375
2001-09-06,1092.5400390625
2001-09-13,1016.0999755859375
2001-09-20,1007.0399780273438
2001-09-27,1072.280029296875
2001-10-04,1080.989990234375
2001-10-11,1077.0899658203125
2001-10-18,1085.199951171875
2001-10-25,1059.780029296875
2001-11-01,1115.800048828125
2001-11-08,1141.2099609375
2001-11-15,1137.030029296875
2001-11-22,1128.52001953125
2001-11-29,1170.3499755859375
2001-12-06,1137.0699462890625
2001-12-13,1149.56005859375
2001-12-20,1149.3699951171875
2001-12-27,1154.6700439453125
2002-01-03,1155.1400146484375
2002-01-10,1127.5699462890625
2002-01-17,1128.1800537109375
2002-01-24,1113.5699462890625
2002-01-31,1083.510009765625
2002-02-07,1118.510009765625
2002-02-14,1097.97998046875
2002-02-21,1109.8900146484375
2002-02-28,1162.77001953125
2002-03-07,1154.0899658203125
2002-03-14,1151.8499755859375
2002-03-21,1144.5799560546875
2002-03-28,1125.4000244140625
2002-04-04,1130.469970703125
2002-04-11,1126.0699462890625
2002-04-18,1093.1400146484375
2002-04-25,1086.4599609375
2002-05-02,1088.8499755859375
2002-05-09,1091.0699462890625
2002-05-16,1086.02001953125
2002-05-23,1067.6600341796875
2002-05-30,1049.9000244140625
2002-06-06,1020.260009765625
2002-06-13,1019.989990234375
2002-06-20,973.530029296875
2002-06-27,953.989990234375
2002-07-04,920.469970703125
2002-07-11,906.0399780273438
2002-07-18,843.4299926757812
2002-07-25,911.6199951171875
2002-08-01,876.77001953125
2002-08-08,919.6199951171875
2002-08-15,949.3599853515625
2002-08-22,917.8699951171875
2002-08-29,893.4000244140625
2002-09-05,909.4500122070312
2002-09-12,869.4600219726562
2002-09-19,839.6599731445312
2002-09-26,827.9099731445312
2002-10-03,776.760009765625
2002-10-10,860.02001953125
2002-10-17,896.1400146484375
2002-10-24,890.7100219726562
2002-10-31,923.760009765625
2002-11-07,882.530029296875
2002-11-14,914.1500244140625
2002-11-21,938.8699951171875
2002-11-28,917.5800170898438
2002-12-05,904.9600219726562
2002-12-12,891.1199951171875
2002-12-19,892.469970703125
2002-12-26,879.8200073242188
2003-01-02,909.9299926757812
2003-01-09,918.219970703125
2003-01-16,878.3599853515625
2003-01-23,864.3599853515625
2003-01-30,843.5900268554688
2003-02-06,818.6799926757812
2003-02-13,845.1300048828125
2003-02-20,827.5499877929688
2003-02-27,829.8499755859375
2003-03-06,804.1900024414062
2003-03-13,874.02001953125
2003-03-20,869.9500122070312
2003-03-27,880.9000244140625
2003-04-03,865.989990234375
2003-04-10,879.9099731445312
2003-04-17,919.02001953125
2003-04-24,916.9199829101562
2003-05-01,929.6199951171875
2003-05-08,939.280029296875
2003-05-15,923.4199829101562
2003-05-22,953.219970703125
2003-05-29,986.239990234375
2003-06-05,997.47998046875
2003-06-12,1010.0900268554688
2003-06-19,975.3200073242188
2003-06-26,993.75
2003-07-03,1002.2100219726562
2003-07-10,994.0900268554688
2003-07-17,988.6099853515625
2003-07-24,987.489990234375
2003-07-31,967.0800170898438
2003-08-07,984.030029296875
2003-08-14,1000.2999877929688
2003-08-21,996.7899780273438
2003-08-28,1026.27001953125
2003-09-04,1010.9199829101562
2003-09-11,1025.969970703125
2003-09-18,1009.3800048828125
2003-09-25,1018.219970703125
2003-10-02,1033.780029296875
2003-10-09,1046.760009765625
2003-10-16,1030.3599853515625
2003-10-23,1048.1099853515625
2003-10-30,1051.81005859375
2003-11-06,1058.530029296875
2003-11-13,1042.43994140625
2003-11-20,1058.449951171875
2003-11-27,1064.72998046875
2003-12-04,1059.050048828125
2003-12-11,1076.47998046875
2003-12-18,1094.0400390625
2003-12-25,1111.9200439453125
2004-01-01,1126.3299560546875
2004-01-08,1130.52001953125
2004-01-15,1147.6199951171875
2004-01-22,1128.47998046875
2004-01-29,1126.52001953125
2004-02-05,1157.760009765625
2004-02-12,1151.8199462890625
2004-02-19,1143.6700439453125
2004-02-26,1151.030029296875
2004-03-04,1123.8900146484375
2004-03-11,1123.75
2004-03-18,1091.3299560546875
2004-03-25,1126.2099609375
2004-04-01,1140.530029296875
2004-04-08,1128.1700439453125
2004-04-15,1124.0899658203125
2004-04-22,1122.4100341796875
2004-04-29,1121.530029296875
2004-05-06,1097.280029296875
2004-05-13,1088.6800537109375
2004-05-20,1114.93994140625
2004-05-27,1124.989990234375
2004-06-03,1131.3299560546875
2004-06-10,1133.56005859375
2004-06-17,1144.06005859375
2004-06-24,1140.8399658203125
2004-07-01,1118.3299560546875
2004-07-08,1111.469970703125
2004-07-15,1093.8800048828125
2004-07-22,1095.4200439453125
2004-07-29,1098.6300048828125
2004-08-05,1075.7900390625
2004-08-12,1095.1700439453125
2004-08-19,1104.9599609375
2004-08-26,1105.9100341796875
2004-09-02,1116.27001953125
2004-09-09,1120.3699951171875
2004-09-16,1113.56005859375
2004-09-23,1114.800048828125
2004-09-30,1142.050048828125
2004-10-07,1113.6500244140625
2004-10-14,1103.6600341796875
2004-10-21,1125.4000244140625
2004-10-28,1143.199951171875
2004-11-04,1162.9100341796875
2004-11-11,1181.93994140625
2004-11-18,1181.760009765625
2004-11-25,1191.3699951171875
2004-12-02,1182.81005859375
2004-12-09,1205.719970703125
2004-12-16,1209.5699462890625
2004-12-23,1213.449951171875
2004-12-30,1183.739990234375
2005-01-06,1187.699951171875
2005-01-13,1184.6300048828125
2005-01-20,1174.0699462890625
2005-01-27,1193.18994140625
2005-02-03,1191.989990234375
2005-02-10,1210.3399658203125
2005-02-17,1190.800048828125
2005-02-24,1210.0799560546875
2005-03-03,1207.010009765625
2005-03-10,1188.0699462890625
2005-03-17,1172.530029296875
2005-03-24,1181.4100341796875
2005-03-31,1184.0699462890625
2005-04-07,1173.7900390625
2005-04-14,1137.5
2005-04-21,1156.3800048828125
2005-04-28,1175.6500244140625
2005-05-05,1171.1099853515625
2005-05-12,1185.56005859375
2005-05-19,1190.010009765625
2005-05-26,1202.219970703125
2005-06-02,1194.6700439453125
2005-06-09,1206.5799560546875
2005-06-16,1213.8800048828125
2005-06-23,1199.8499755859375
2005-06-30,1194.93994140625
2005-07-07,1223.2900390625
2005-07-14,1235.199951171875
2005-07-21,1236.7900390625
2005-07-28,1245.0400390625
2005-08-04,1229.1300048828125
2005-08-11,1220.239990234375
2005-08-18,1209.5899658203125
2005-08-25,1220.3299560546875
2005-09-01,1236.3599853515625
2005-09-08,1227.1600341796875
2005-09-15,1210.199951171875
2005-09-22,1216.8900146484375
2005-09-29,1196.3900146484375
2005-10-06,1177.6800537109375
2005-10-13,1195.760009765625
2005-10-20,1191.3800048828125
2005-10-27,1214.760009765625
2005-11-03,1220.6500244140625
2005-11-10,1231.2099609375
2005-11-17,1265.6099853515625
2005-11-24,1249.47998046875
2005-12-01,1257.3699951171875
2005-12-08,1272.739990234375
2005-12-15,1262.7900390625
2005-12-22,1258.1700439453125
2005-12-29,1273.4599609375
2006-01-05,1294.1800537109375
2006-01-12,1277.9300537109375
2006-01-19,1264.6800537109375
2006-01-26,1282.4599609375
2006-02-02,1265.6500244140625
2006-02-09,1280.0
2006-02-16,1292.6700439453125
2006-02-23,1291.239990234375
2006-03-02,1278.469970703125
2006-03-09,1303.02001953125
2006-03-16,1305.0400390625
2006-03-23,1302.8900146484375
2006-03-30,1311.56005859375
2006-04-06,1288.1199951171875
2006-04-13,1309.9300537109375
2006-04-20,1305.4100341796875
2006-04-27,1308.1199951171875
2006-05-04,1322.8499755859375
2006-05-11,1270.3199462890625
2006-05-18,1258.5699462890625
2006-05-25,1270.0899658203125
2006-06-01,1256.1500244140625
2006-06-08,1230.0400390625
2006-06-15,1252.199951171875
2006-06-22,1246.0
2006-06-29,1270.9100341796875
2006-07-06,1258.5999755859375
2006-07-13,1259.81005859375
2006-07-20,1268.4000244140625
2006-07-27,1277.4100341796875
2006-08-03,1265.949951171875
2006-08-10,1295.4300537109375
2006-08-17,1292.989990234375
2006-08-24,1305.3699951171875
2006-08-31,1300.260009765625
2006-09-07,1318.0699462890625
2006-09-14,1325.1800537109375
2006-09-21,1336.5899658203125
2006-09-28,1350.199951171875
2006-10-05,1349.949951171875
2006-10-12,1365.800048828125
2006-10-19,1382.219970703125
2006-10-26,1367.81005859375
2006-11-02,1385.719970703125
2006-11-09,1396.5699462890625
2006-11-16,1406.0899658203125
2006-11-23,1399.47998046875
2006-11-30,1412.9000244140625
2006-12-07,1413.2099609375
2006-12-14,1423.530029296875
2006-12-21,1426.8399658203125
2006-12-28,1416.5999755859375
2007-01-04,1414.8499755859375
2007-01-11,1430.6199951171875
2007-01-18,1440.1300048828125
2007-01-25,1438.239990234375
2007-02-01,1450.02001953125
2007-02-08,1455.300048828125
2007-02-15,1457.6300048828125
2007-02-22,1406.8199462890625
2007-03-01,1391.969970703125
2007-03-08,1387.1700439453125
2007-03-15,1435.0400390625
2007-03-22,1417.22998046875
2007-03-29,1439.3699951171875
2007-04-05,1438.8699951171875
2007-04-12,1472.5
2007-04-19,1495.4200439453125
2007-04-26,1495.9200439453125
2007-05-03,1512.5799560546875
2007-05-10,1514.1400146484375
2007-05-17,1522.280029296875
2007-05-24,1530.22998046875
2007-05-31,1517.3800048828125
2007-06-07,1515.6700439453125
2007-06-14,1512.8399658203125
2007-06-21,1506.3399658203125
2007-06-28,1524.8699951171875
2007-07-05,1518.760009765625
2007-07-12,1546.1700439453125
2007-07-19,1518.0899658203125
2007-07-26,1465.81005859375
2007-08-02,1497.489990234375
2007-08-09,1406.699951171875
2007-08-16,1464.0699462890625
2007-08-23,1463.760009765625
2007-08-30,1472.2900390625
2007-09-06,1471.56005859375
2007-09-13,1529.030029296875
2007-09-20,1525.4200439453125
2007-09-27,1539.5899658203125
2007-10-04,1562.469970703125
2007-10-11,1541.239990234375
2007-10-18,1515.8800048828125
2007-10-25,1549.3800048828125
2007-11-01,1475.6199951171875
2007-11-08,1470.5799560546875
2007-11-15,1416.77001953125
2007-11-22,1469.02001953125
2007-11-29,1485.010009765625
2007-12-06,1486.5899658203125
2007-12-13,1453.0
2007-12-20,1497.6600341796875
2007-12-27,1447.1600341796875
2008-01-03,1409.1300048828125
2008-01-10,1373.199951171875
2008-01-17,1338.5999755859375
2008-01-24,1355.81005859375
2008-01-31,1326.449951171875
2008-02-07,1367.2099609375
2008-02-14,1360.030029296875
2008-02-21,1380.02001953125
2008-02-28,1333.699951171875
2008-03-06,1308.77001953125
2008-03-13,1298.4200439453125
2008-03-20,1341.1300048828125
2008-03-27,1367.530029296875
2008-04-03,1354.489990234375
2008-04-10,1364.7099609375
2008-04-17,1379.9300537109375
2008-04-24,1385.5899658203125
2008-05-01,1392.5699462890625
2008-05-08,1408.6600341796875
2008-05-15,1390.7099609375
2008-05-22,1390.8399658203125
2008-05-29,1377.199951171875
2008-06-05,1335.489990234375
2008-06-12,1337.81005859375
2008-06-19,1321.969970703125
2008-06-26,1261.52001953125
2008-07-03,1244.68994140625
2008-07-10,1245.3599853515625
2008-07-17,1282.18994140625
2008-07-24,1284.260009765625
2008-07-31,1289.18994140625
2008-08-07,1285.8299560546875
2008-08-14,1274.5400390625
2008-08-21,1281.6600341796875
2008-08-28,1274.97998046875
2008-09-04,1232.0400390625
2008-09-11,1156.3900146484375
2008-09-18,1185.8699951171875
2008-09-25,1161.06005859375
2008-10-02,984.9400024414062
2008-10-09,907.8400268554688
2008-10-16,896.780029296875
2008-10-23,930.0900268554688
2008-10-30,952.77001953125
2008-11-06,852.2999877929688
2008-11-13,806.5800170898438
2008-11-20,887.6799926757812
2008-11-27,870.739990234375
2008-12-04,899.239990234375
2008-12-11,904.4199829101562
2008-12-18,868.1500244140625
2008-12-25,903.25
2009-01-01,906.6500244140625
2009-01-08,842.6199951171875
2009-01-15,840.239990234375
2009-01-22,874.0900268554688
2009-01-29,832.22998046875
2009-02-05,833.739990234375
2009-02-12,788.4199829101562
2009-02-19,764.9000244140625
2009-02-26,712.8699951171875
2009-03-05,721.3599853515625
2009-03-12,794.3499755859375
2009-03-19,813.8800048828125
2009-03-26,811.0800170898438
2009-04-02,825.1599731445312
2009-04-09,852.0599975585938
2009-04-16,843.5499877929688
2009-04-23,873.6400146484375
2009-04-30,919.530029296875
2009-05-07,883.9199829101562
2009-05-14,903.469970703125
2009-05-21,893.0599975585938
2009-05-28,931.760009765625
2009-06-04,939.1500244140625
2009-06-11,910.7100219726562
2009-06-18,900.9400024414062
2009-06-25,923.3300170898438
2009-07-02,879.5599975585938
2009-07-09,932.6799926757812
2009-07-16,954.0700073242188
2009-07-23,975.1500244140625
2009-07-30,1002.719970703125
2009-08-06,1005.8099975585938
2009-08-13,996.4600219726562
2009-08-20,1028.1199951171875
2009-08-27,994.75
2009-09-03,1033.3699951171875
2009-09-10,1068.760009765625
2009-09-17,1060.8699951171875
2009-09-24,1057.0799560546875
2009-10-01,1057.5799560546875
2009-10-08,1092.02001953125
2009-10-15,1081.4000244140625
2009-10-22,1042.6300048828125
2009-10-29,1046.5
2009-11-05,1098.510009765625
2009-11-12,1109.800048828125
2009-11-19,1110.6300048828125
2009-11-26,1109.239990234375
2009-12-03,1095.949951171875
2009-12-10,1109.1800537109375
2009-12-17,1120.5899658203125
2009-12-24,1126.4200439453125
2009-12-31,1137.1400146484375
2010-01-07,1145.6800537109375
2010-01-14,1138.0400390625
2010-01-21,1097.5
2010-01-28,1097.280029296875
2010-02-04,1068.1300048828125
2010-02-11,1099.510009765625
2010-02-18,1105.239990234375
2010-02-25,1118.7900390625
2010-03-04,1145.6099853515625
2010-03-11,1166.2099609375
2010-03-18,1167.719970703125
2010-03-25,1169.4300537109375
2010-04-01,1182.449951171875
2010-04-08,1210.6500244140625
2010-04-15,1205.93994140625
2010-04-22,1191.3599853515625
2010-04-29,1165.8699951171875
2010-05-06,1171.6700439453125
2010-05-13,1115.050048828125
2010-05-20,1067.949951171875
2010-05-27,1098.3800048828125
2010-06-03,1055.68994140625
2010-06-10,1114.6099853515625
2010-06-17,1092.0400390625
2010-06-24,1030.7099609375
2010-07-01,1060.27001953125
2010-07-08,1095.1700439453125
2010-07-15,1069.5899658203125
2010-07-22,1106.1300048828125
2010-07-29,1127.239990234375
2010-08-05,1089.469970703125
2010-08-12,1094.1600341796875
2010-08-19,1055.3299560546875
2010-08-26,1080.2900390625
2010-09-02,1098.8699951171875
2010-09-09,1125.0699462890625
2010-09-16,1134.280029296875
2010-09-23,1144.72998046875
2010-09-30,1159.969970703125
2010-10-07,1178.0999755859375
2010-10-14,1178.1700439453125
2010-10-21,1182.449951171875
2010-10-28,1197.9599609375
2010-11-04,1218.7099609375
2010-11-11,1178.5899658203125
2010-11-18,1198.3499755859375
2010-11-25,1206.0699462890625
2010-12-02,1228.280029296875
2010-12-09,1235.22998046875
2010-12-16,1258.8399658203125
2010-12-23,1259.780029296875
2010-12-30,1276.56005859375
2011-01-06,1285.9599609375
2011-01-13,1281.9200439453125
2011-01-20,1296.6300048828125
2011-01-27,1304.030029296875
2011-02-03,1320.8800048828125
2011-02-10,1336.3199462890625
2011-02-17,1307.4000244140625
2011-02-24,1308.43994140625
2011-03-03,1320.02001953125
2011-03-10,1256.8800048828125
2011-03-17,1297.5400390625
2011-03-24,1328.260009765625
2011-03-31,1335.5400390625
2011-04-07,1314.4100341796875
2011-04-14,1330.3599853515625
2011-04-21,1355.6600341796875
2011-04-28,1347.3199462890625
2011-05-05,1342.0799560546875
2011-05-12,1340.6800537109375
2011-05-19,1320.469970703125
2011-05-26,1314.550048828125
2011-06-02,1279.56005859375
2011-06-09,1265.4200439453125
2011-06-16,1287.1400146484375
2011-06-23,1307.4100341796875
2011-06-30,1339.219970703125
2011-07-07,1317.719970703125
2011-07-14,1325.8399658203125
2011-07-21,1304.8900146484375
2011-07-28,1260.3399658203125
2011-08-04,1120.760009765625
2011-08-11,1193.8900146484375
2011-08-18,1177.5999755859375
2011-08-25,1218.8900146484375
2011-09-01,1198.6199951171875
2011-09-08,1188.6800537109375
2011-09-15,1166.760009765625
2011-09-22,1151.06005859375
2011-09-29,1144.030029296875
2011-10-06,1207.25
2011-10-13,1209.8800048828125
2011-10-20,1242.0
2011-10-27,1237.9000244140625
2011-11-03,1229.0999755859375
2011-11-10,1236.9100341796875
2011-11-17,1161.7900390625
2011-11-24,1246.9599609375
2011-12-01,1261.010009765625
2011-12-08,1211.8199462890625
2011-12-15,1243.719970703125
2011-12-22,1249.6400146484375
2011-12-29,1277.300048828125
2012-01-05,1292.47998046875
2012-01-12,1308.0400390625
2012-01-19,1326.06005859375
2012-01-26,1324.0899658203125
2012-02-02,1349.9599609375
2012-02-09,1343.22998046875
2012-02-16,1357.6600341796875
2012-02-23,1365.6800537109375
2012-03-01,1352.6300048828125
2012-03-08,1394.280029296875
2012-03-15,1402.8900146484375
2012-03-22,1405.5400390625
2012-03-29,1398.9599609375
2012-04-05,1368.7099609375
2012-04-12,1385.1400146484375
2012-04-19,1390.68994140625
2012-04-26,1402.31005859375
2012-05-03,1354.5799560546875
2012-05-10,1324.800048828125
2012-05-17,1318.8599853515625
2012-05-24,1313.3199462890625
2012-05-31,1315.1300048828125
2012-06-07,1314.8800048828125
2012-06-14,1355.68994140625
2012-06-21,1331.8499755859375
2012-06-28,1374.02001953125
2012-07-05,1341.449951171875
2012-07-12,1372.780029296875
2012-07-19,1337.8900146484375
2012-07-26,1375.3199462890625
2012-08-02,1402.219970703125
2012-08-09,1405.530029296875
2012-08-16,1413.489990234375
2012-08-23,1410.489990234375
2012-08-30,1403.43994140625
2012-09-06,1436.56005859375
2012-09-13,1461.050048828125
2012-09-20,1433.3199462890625
2012-09-27,1450.989990234375
2012-10-04,1432.56005859375
2012-10-11,1460.9100341796875
2012-10-18,1408.75
2012-10-25,1412.1600341796875
2012-11-01,1394.530029296875
2012-11-08,1355.489990234375
2012-11-15,1391.030029296875
2012-11-22,1409.9300537109375
2012-11-29,1409.280029296875
2012-12-06,1428.47998046875
2012-12-13,1435.81005859375
2012-12-20,1419.8299560546875
2012-12-27,1462.4200439453125
2013-01-03,1461.02001953125
2013-01-10,1472.6300048828125
2013-01-17,1494.81005859375
2013-01-24,1501.9599609375
2013-01-31,1512.1199951171875
2013-02-07,1520.3299560546875
2013-02-14,1511.949951171875
2013-02-21,1515.989990234375
2013-02-28,1541.4599609375
2013-03-07,1554.52001953125
2013-03-14,1558.7099609375
2013-03-21,1562.8499755859375
2013-03-28,1553.68994140625
2013-04-04,1587.72998046875
2013-04-11,1552.010009765625
2013-04-18,1578.7900390625
2013-04-25,1582.699951171875
2013-05-02,1632.68994140625
2013-05-09,1658.780029296875
2013-05-16,1655.3499755859375
2013-05-23,1648.3599853515625
2013-05-30,1608.9000244140625
2013-06-06,1612.52001953125
2013-06-13,1628.9300537109375
2013-06-20,1603.260009765625
2013-06-27,1615.4100341796875
2013-07-04,1652.6199951171875
2013-07-11,1680.9100341796875
2013-07-18,1685.93994140625
2013-07-25,1685.72998046875
2013-08-01,1690.9100341796875
2013-08-08,1685.3900146484375
2013-08-15,1642.800048828125
2013-08-22,1634.9599609375
2013-08-29,1653.0799560546875
2013-09-05,1689.1300048828125
2013-09-12,1725.52001953125
2013-09-19,1692.77001953125
2013-09-26,1693.8699951171875
2013-10-03,1656.4000244140625
2013-10-10,1721.5400390625
2013-10-17,1746.3800048828125
2013-10-24,1763.31005859375
2013-10-31,1770.489990234375
2013-11-07,1782.0
2013-11-14,1781.3699951171875
2013-11-21,1807.22998046875
2013-11-28,1792.81005859375
2013-12-05,1782.219970703125
2013-12-12,1810.6500244140625
2013-12-19,1833.3199462890625
2013-12-26,1848.3599853515625
2014-01-02,1837.489990234375
2014-01-09,1848.3800048828125
2014-01-16,1844.8599853515625
2014-01-23,1774.199951171875
2014-01-30,1751.6400146484375
2014-02-06,1819.260009765625
2014-02-13,1828.75
2014-02-20,1845.1600341796875
2014-02-27,1873.81005859375
2014-03-06,1868.199951171875
2014-03-13,1860.77001953125
2014-03-20,1852.56005859375
2014-03-27,1890.9000244140625
2014-04-03,1872.1800537109375
2014-04-10,1862.31005859375
2014-04-17,1875.3900146484375
2014-04-24,1883.949951171875
2014-05-01,1878.2099609375
2014-05-08,1888.530029296875
2014-05-15,1888.030029296875
2014-05-22,1909.780029296875
2014-05-29,1927.8800048828125
2014-06-05,1943.8900146484375
2014-06-12,1956.97998046875
2014-06-19,1959.530029296875
2014-06-26,1974.6199951171875
2014-07-03,1972.8299560546875
2014-07-10,1981.5699462890625
2014-07-17,1987.010009765625
2014-07-24,1970.0699462890625
2014-07-31,1920.239990234375
2014-08-07,1946.719970703125
2014-08-14,1986.510009765625
2014-08-21,2000.1199951171875
2014-08-28,2000.719970703125
2014-09-04,1995.68994140625
2014-09-11,2001.5699462890625
2014-09-18,1998.300048828125
2014-09-25,1946.1600341796875
2014-10-02,1968.8900146484375
2014-10-09,1862.489990234375
2014-10-16,1927.1099853515625
2014-10-23,1982.300048828125
2014-10-30,2023.5699462890625
2014-11-06,2038.25
2014-11-13,2048.719970703125
2014-11-20,2072.830078125
2014-11-27,2074.330078125
2014-12-04,2026.1400146484375
2014-12-11,2012.8900146484375
2014-12-18,2081.8798828125
2014-12-25,2058.89990234375
2015-01-01,2025.9000244140625
2015-01-08,2011.27001953125
2015-01-15,2032.1199951171875
2015-01-22,2002.1600341796875
2015-01-29,2041.510009765625
2015-02-05,2068.530029296875
2015-02-12,2099.679931640625
2015-02-19,2113.860107421875
2015-02-26,2098.530029296875
2015-03-05,2040.239990234375
2015-03-12,2099.5
2015-03-19,2061.050048828125
2015-03-26,2059.68994140625
2015-04-02,2081.89990234375
2015-04-09,2106.6298828125
2015-04-16,2107.9599609375
2015-04-23,2106.85009765625
2015-04-30,2080.14990234375
2015-05-07,2098.47998046875
2015-05-14,2125.85009765625
2015-05-21,2123.47998046875
2015-05-28,2114.070068359375
2015-06-04,2105.199951171875
2015-06-11,2100.43994140625
2015-06-18,2108.580078125
2015-06-25,2077.419921875
2015-07-02,2046.6800537109375
2015-07-09,2107.39990234375
2015-07-16,2114.14990234375
2015-07-23,2108.570068359375
2015-07-30,2099.840087890625
2015-08-06,2086.050048828125
2015-08-13,2079.610107421875
2015-08-20,1940.510009765625
2015-08-27,1948.8599853515625
2015-09-03,1942.0400390625
2015-09-10,1995.31005859375
2015-09-17,1938.760009765625
2015-09-24,1920.030029296875
2015-10-01,1995.8299560546875
2015-10-08,1994.239990234375
2015-10-15,2018.93994140625
2015-10-22,2090.35009765625
2015-10-29,2102.31005859375
2015-11-05,2075.0
2015-11-12,2083.580078125
2015-11-19,2088.8701171875
2015-11-26,2079.510009765625
2015-12-03,2047.6199951171875
2015-12-10,2073.070068359375
2015-12-17,2064.2900390625
2015-12-24,2063.360107421875
2015-12-31,1990.260009765625
2016-01-07,1890.280029296875
2016-01-14,1859.3299560546875
2016-01-21,1882.949951171875
2016-01-28,1912.530029296875
2016-02-04,1851.8599853515625
2016-02-11,1926.8199462890625
2016-02-18,1929.800048828125
2016-02-25,1986.449951171875
2016-03-03,1989.260009765625
2016-03-10,2027.219970703125
2016-03-17,2036.7099609375
2016-03-24,2063.949951171875
2016-03-31,2066.659912109375
2016-04-07,2082.419921875
2016-04-14,2102.39990234375
2016-04-21,2095.14990234375
2016-04-28,2051.1201171875
2016-05-05,2064.4599609375
2016-05-12,2047.6300048828125
2016-05-19,2090.5400390625
2016-05-26,2099.330078125
2016-06-02,2119.1201171875
2016-06-09,2071.5
2016-06-16,2085.449951171875
2016-06-23,2070.77001953125
2016-06-30,2099.72998046875
2016-07-07,2152.429931640625
2016-07-14,2173.02001953125
2016-07-21,2166.580078125
2016-07-28,2163.7900390625
2016-08-04,2175.489990234375
2016-08-11,2182.219970703125
2016-08-18,2175.43994140625
2016-08-25,2170.949951171875
2016-09-01,2186.159912109375
2016-09-08,2125.77001953125
2016-09-15,2163.1201171875
2016-09-22,2171.3701171875
2016-09-29,2159.72998046875
2016-10-06,2139.179931640625
2016-10-13,2144.2900390625
2016-10-20,2139.429931640625
2016-10-27,2097.93994140625
2016-11-03,2163.260009765625
2016-11-10,2176.93994140625
2016-11-17,2204.719970703125
2016-11-24,2198.81005859375
2016-12-01,2241.35009765625
2016-12-08,2253.280029296875
2016-12-15,2265.179931640625
2016-12-22,2249.919921875
2016-12-29,2270.75
2017-01-05,2275.320068359375
2017-01-12,2271.889892578125
2017-01-19,2298.3701171875
2017-01-26,2279.550048828125
2017-02-02,2294.669921875
2017-02-09,2349.25
2017-02-16,2362.820068359375
2017-02-23,2395.9599609375
2017-03-02,2362.97998046875
2017-03-09,2385.260009765625
2017-03-16,2348.449951171875
2017-03-23,2361.1298828125
2017-03-30,2352.949951171875
2017-04-06,2344.929931640625
2017-04-13,2338.169921875
2017-04-20,2387.449951171875
2017-04-27,2388.1298828125
2017-05-04,2399.6298828125
2017-05-11,2357.030029296875
2017-05-18,2404.389892578125
2017-05-25,2411.800048828125
2017-06-01,2433.139892578125
2017-06-08,2437.919921875
2017-06-15,2435.610107421875
2017-06-22,2440.68994140625
2017-06-29,2432.5400390625
2017-07-06,2443.25
2017-07-13,2473.830078125
2017-07-20,2477.830078125
2017-07-27,2477.570068359375
2017-08-03,2474.02001953125
2017-08-10,2468.110107421875
2017-08-17,2444.0400390625
2017-08-24,2457.590087890625
2017-08-31,2465.5400390625
2017-09-07,2498.3701171875
2017-09-14,2508.239990234375
2017-09-21,2507.0400390625
2017-09-28,2537.739990234375
2017-10-05,2555.239990234375
2017-10-12,2561.260009765625
2017-10-19,2557.14990234375
2017-10-26,2579.360107421875
2017-11-02,2594.3798828125
2017-11-09,2564.6201171875
2017-11-16,2597.080078125
2017-11-23,2626.070068359375
2017-11-30,2629.27001953125
2017-12-07,2662.85009765625
2017-12-14,2679.25
2017-12-21,2682.6201171875
2017-12-28,2713.06005859375
2018-01-04,2748.22998046875
2018-01-11,2802.56005859375
2018-01-18,2837.5400390625
2018-01-25,2823.81005859375
2018-02-01,2681.659912109375
2018-02-08,2698.6298828125
2018-02-15,2701.330078125
2018-02-22,2713.830078125
2018-03-01,2726.800048828125
2018-03-08,2749.47998046875
2018-03-15,2711.929931640625
2018-03-22,2605.0
2018-03-29,2644.68994140625
2018-04-05,2642.18994140625
2018-04-12,2708.639892578125
2018-04-19,2639.39990234375
2018-04-26,2635.669921875
2018-05-03,2697.7900390625
2018-05-10,2722.4599609375
2018-05-17,2733.2900390625
2018-05-24,2724.010009765625
2018-05-31,2772.35009765625
2018-06-07,2775.6298828125
2018-06-14,2767.320068359375
2018-06-21,2699.6298828125
2018-06-28,2713.219970703125
2018-07-05,2774.02001953125
2018-07-12,2815.6201171875
2018-07-19,2846.070068359375
2018-07-26,2813.360107421875
2018-08-02,2857.699951171875
2018-08-09,2818.3701171875
2018-08-16,2861.820068359375
2018-08-23,2914.0400390625
2018-08-30,2888.60009765625
2018-09-06,2888.919921875
2018-09-13,2907.949951171875
2018-09-20,2905.969970703125
2018-09-27,2925.510009765625
2018-10-04,2785.679931640625
2018-10-11,2809.2099609375
2018-10-18,2656.10009765625
2018-10-25,2711.739990234375
2018-11-01,2813.889892578125
2018-11-08,2701.580078125
2018-11-15,2649.929931640625
2018-11-22,2743.7900390625
2018-11-29,2700.06005859375
2018-12-06,2651.070068359375
2018-12-13,2506.9599609375
2018-12-20,2467.699951171875
2018-12-27,2510.030029296875
2019-01-03,2584.9599609375
2019-01-10,2616.10009765625
2019-01-17,2638.699951171875
2019-01-24,2681.050048828125
2019-01-31,2731.610107421875
2019-02-07,2753.030029296875
2019-02-14,2784.699951171875
2019-02-21,2792.3798828125
2019-02-28,2771.449951171875
2019-03-07,2810.919921875
2019-03-14,2824.22998046875
2019-03-21,2805.3701171875
2019-03-28,2873.39990234375
2019-04-04,2888.2099609375
2019-04-11,2900.449951171875
2019-04-18,2927.25
2019-04-25,2923.72998046875
2019-05-02,2879.419921875
2019-05-09,2850.9599609375
2019-05-16,2856.27001953125
2019-05-23,2783.02001953125
2019-05-30,2826.14990234375
2019-06-06,2879.840087890625
2019-06-13,2926.4599609375
2019-06-20,2913.780029296875
2019-06-27,2995.820068359375
2019-07-04,2993.070068359375
2019-07-11,2984.419921875
2019-07-18,3019.56005859375
2019-07-25,2980.3798828125
2019-08-01,2883.97998046875
2019-08-08,2840.60009765625
2019-08-15,2924.429931640625
2019-08-22,2887.93994140625
2019-08-29,2937.780029296875
2019-09-05,3000.929931640625
2019-09-12,3006.72998046875
2019-09-19,2984.8701171875
2019-09-26,2887.610107421875
2019-10-03,2919.39990234375
2019-10-10,2989.68994140625
2019-10-17,3004.52001953125
2019-10-24,3046.77001953125
2019-10-31,3076.780029296875
2019-11-07,3094.0400390625
2019-11-14,3108.4599609375
2019-11-21,3153.6298828125
2019-11-28,3112.760009765625
2019-12-05,3141.6298828125
2019-12-12,3191.139892578125
2019-12-19,3223.3798828125
2019-12-26,3230.780029296875
2020-01-02,3253.050048828125
2020-01-09,3289.2900390625
2020-01-16,3321.75
2020-01-23,3273.39990234375
2020-01-30,3334.68994140625
2020-02-06,3379.449951171875
2020-02-13,3386.14990234375
2020-02-20,3116.389892578125
2020-02-27,3130.1201171875
2020-03-05,2741.3798828125
2020-03-12,2398.10009765625
2020-03-19,2475.56005859375
2020-03-26,2470.5
2020-04-02,2749.97998046875
2020-04-09,2783.360107421875
2020-04-16,2799.31005859375
2020-04-23,2939.510009765625
2020-04-30,2848.419921875
2020-05-07,2820.0
2020-05-14,2971.610107421875
2020-05-21,3036.1298828125
2020-05-28,3122.8701171875
2020-06-04,3190.139892578125
2020-06-11,3113.489990234375
2020-06-18,3050.330078125
2020-06-25,3115.860107421875
2020-07-02,3169.93994140625
2020-07-09,3226.56005859375
2020-07-16,3276.02001953125
2020-07-23,3258.43994140625
2020-07-30,3327.77001953125
2020-08-06,3380.35009765625
2020-08-13,3374.85009765625
2020-08-20,3478.72998046875
2020-08-27,3580.840087890625
2020-09-03,3398.9599609375
2020-09-10,3385.489990234375
2020-09-17,3236.919921875
2020-09-24,3363.0
2020-10-01,3419.43994140625
2020-10-08,3488.669921875
2020-10-15,3435.56005859375
2020-10-22,3271.030029296875
2020-10-29,3443.43994140625
2020-11-05,3572.659912109375
2020-11-12,3567.7900390625
2020-11-19,3629.64990234375
2020-11-26,3669.010009765625
2020-12-03,3672.820068359375
2020-12-10,3701.169921875
2020-12-17,3690.010009765625
2020-12-24,3732.0400390625
2020-12-31,3748.139892578125
2021-01-07,3809.840087890625
2021-01-14,3851.85009765625
2021-01-21,3750.77001953125
2021-01-28,3830.169921875
2021-02-04,3909.8798828125
2021-02-11,3931.330078125
2021-02-18,3925.429931640625
2021-02-25,3819.719970703125
2021-03-04,3898.81005859375
2021-03-11,3974.1201171875
2021-03-18,3889.139892578125
2021-03-25,3972.889892578125
2021-04-01,4079.949951171875
2021-04-08,4124.66015625
2021-04-15,4173.419921875
2021-04-22,4183.18017578125
2021-04-29,4167.58984375
2021-05-06,4063.0400390625
2021-05-13,4115.68017578125
2021-05-20,4195.990234375
2021-05-27,4208.1201171875
2021-06-03,4219.5498046875
2021-06-10,4223.7001953125
2021-06-17,4241.83984375
2021-06-24,4297.5
2021-07-01,4358.1298828125
2021-07-08,4374.2998046875
2021-07-15,4358.68994140625
2021-07-22,4400.64013671875
2021-07-29,4402.66015625
2021-08-05,4442.41015625
2021-08-12,4400.27001953125
2021-08-19,4496.18994140625
2021-08-26,4524.08984375
2021-09-02,4514.06982421875
2021-09-09,4480.7001953125
2021-09-16,4395.64013671875
2021-09-23,4359.4599609375
2021-09-30,4363.5498046875
2021-10-07,4363.7998046875
2021-10-14,4536.18994140625
2021-10-21,4551.68017578125
2021-10-28,4660.56982421875
2021-11-04,4646.7099609375
2021-11-11,4688.669921875
2021-11-18,4701.4599609375
2021-11-25,4513.0400390625
2021-12-02,4701.2099609375
2021-12-09,4709.85009765625
2021-12-16,4696.56005859375
2021-12-23,4793.06005859375
2021-12-30,4700.580078125
2022-01-06,4726.35009765625
2022-01-13,4532.759765625
2022-01-20,4349.93017578125
2022-01-27,4589.3798828125
2022-02-03,4587.18017578125
2022-02-10,4475.009765625
2022-02-17,4225.5
2022-02-24,4386.5400390625
2022-03-03,4277.8798828125
2022-03-10,4357.85986328125
2022-03-17,4456.240234375
2022-03-24,4602.4501953125
2022-03-31,4481.14990234375
2022-04-07,4446.58984375
2022-04-14,4459.4501953125
2022-04-21,4183.9599609375
2022-04-28,4300.169921875
2022-05-05,3935.179931640625
2022-05-12,3923.679931640625
2022-05-19,3978.72998046875
2022-05-26,4101.22998046875
2022-06-02,4115.77001953125
2022-06-09,3789.989990234375
2022-06-16,3759.889892578125
2022-06-23,3818.830078125
2022-06-30,3845.080078125
2022-07-07,3801.780029296875
2022-07-14,3959.89990234375
2022-07-21,4023.610107421875
2022-07-28,4155.169921875
2022-08-04,4210.240234375
2022-08-11,4274.0400390625
2022-08-18,4140.77001953125
2022-08-25,3955.0
2022-09-01,3979.8701171875
2022-09-08,3946.010009765625
2022-09-15,3789.929931640625
2022-09-22,3719.0400390625
2022-09-29,3783.280029296875
2022-10-06,3577.030029296875
2022-10-13,3695.159912109375
2022-10-20,3830.60009765625
2022-10-27,3759.68994140625
2022-11-03,3748.570068359375
2022-11-10,3958.7900390625
2022-11-17,4027.260009765625
2022-11-24,4080.110107421875
2022-12-01,3933.919921875
2022-12-08,3995.320068359375
2022-12-15,3878.43994140625
2022-12-22,3783.219970703125
2022-12-29,3852.969970703125
2023-01-05,3969.610107421875
2023-01-12,3928.860107421875
2023-01-19,4016.219970703125
2023-01-26,4119.2099609375
2023-02-02,4117.85986328125
2023-02-09,4147.60009765625
2023-02-16,3991.050048828125
2023-02-23,3951.389892578125
2023-03-02,3992.010009765625
2023-03-09,3891.929931640625
2023-03-16,3936.969970703125
2023-03-23,4027.81005859375
2023-03-30,4090.3798828125
2023-04-06,4091.949951171875
2023-04-13,4154.52001953125
2023-04-20,4055.989990234375
2023-04-27,4090.75
2023-05-04,4137.64013671875
2023-05-11,4158.77001953125
2023-05-18,4115.240234375
2023-05-25,4179.830078125
2023-06-01,4267.52001953125
2023-06-08,4372.58984375
2023-06-15,4365.68994140625
2023-06-22,4376.85986328125
2023-06-29,4446.81982421875
2023-07-06,4472.16015625
2023-07-13,4565.72021484375
2023-07-20,4566.75
2023-07-27,4513.39013671875
2023-08-03,4467.7099609375
2023-08-10,4404.330078125
2023-08-17,4436.009765625
2023-08-24,4514.8701171875
2023-08-31,4465.47998046875
2023-09-07,4467.43994140625
2023-09-14,4402.2001953125
2023-09-21,4274.509765625
2023-09-28,4263.75
2023-10-05,4376.9501953125
2023-10-12,4314.60009765625
2023-10-19,4186.77001953125
2023-10-26,4237.85986328125
2023-11-02,4382.77978515625
2023-11-09,4502.8798828125
2023-11-16,4556.6201171875
2023-11-23,4550.580078125
2023-11-30,4549.33984375
2023-12-07,4707.08984375
2023-12-14,4698.35009765625
2023-12-21,4781.580078125
2023-12-28,4704.81005859375
2024-01-04,4783.4501953125
2024-01-11,4739.2099609375
2024-01-18,4868.5498046875
2024-01-25,4845.64990234375
2024-02-01,4995.06005859375
2024-02-08,5000.6201171875
2024-02-15,4981.7998046875
2024-02-22,5069.759765625
2024-02-29,5104.759765625
2024-03-07,5165.31005859375
2024-03-14,5224.6201171875
2024-03-21,5248.490234375
2024-03-28,5211.490234375
2024-04-04,5160.64013671875
2024-04-11,5022.2099609375
2024-04-18,5071.6298828125
2024-04-25,5018.39013671875
2024-05-02,5187.669921875
2024-05-09,5308.14990234375
2024-05-16,5307.009765625
2024-05-23,5266.9501953125
2024-05-30,5354.02978515625
2024-06-06,5421.02978515625
2024-06-13,5487.02978515625
2024-06-20,5477.89990234375
2024-06-27,5537.02001953125
2024-07-04,5633.91015625
2024-07-11,5588.27001953125
2024-07-18,5427.1298828125
2024-07-25,5522.2998046875
2024-08-01,5199.5
2024-08-08,5455.2099609375
2024-08-15,5620.85009765625
2024-08-22,5592.18017578125
2024-08-29,5520.06982421875
2024-09-05,5554.1298828125
2024-09-12,5618.259765625
2024-09-19,5722.259765625
2024-09-26,5709.5400390625
2024-10-03,5792.0400390625
2024-10-10,5842.47021484375
2024-10-17,5797.419921875
2024-10-24,5813.669921875
2024-10-31,5929.0400390625
2024-11-07,5985.3798828125
2024-11-14,5917.10986328125
2024-11-21,5998.740234375
2024-11-28,6086.490234375
2024-12-05,6084.18994140625
2024-12-12,5872.16015625
2024-12-19,6040.0400390625
2024-12-26,5881.6298828125
2025-01-02,5918.25
2025-01-09,5949.91015625
2025-01-16,6086.3701171875
2025-01-23,6039.31005859375
2025-01-30,6061.47998046875
2025-02-06,6051.97021484375
2025-02-13,6144.14990234375
2025-02-20,5956.06005859375
2025-02-27,5842.6298828125
2025-03-06,5599.2998046875
2025-03-13,5675.2900390625
2025-03-20,5712.2001953125
2025-03-27,5670.97021484375
2025-04-03,5456.89990234375
2025-04-10,5275.7001953125
2025-04-17,5375.85986328125
2025-04-24,5569.06005859375
2025-05-01,5631.27978515625
2025-05-08,5892.580078125
2025-05-15,5844.60986328125
2025-05-22,5888.5498046875
2025-05-29,5970.81005859375
2025-06-05,6022.240234375
2025-06-12,5980.8701171875
2025-06-19,6092.16015625
2025-06-26,6227.419921875
2025-07-03,6263.259765625
2025-07-10,6263.7001953125
2025-07-17,6358.91015625
2025-07-24,6362.89990234375
2025-07-31,6345.06005859375
2025-08-07,6466.580078125
2025-08-14,6395.77978515625
2025-08-21,6481.39990234375
2025-08-28,6448.259765625
2025-09-04,6532.0400390625
2025-09-11,6600.35009765625
2025-09-18,6637.97021484375
2025-09-25,6711.2001953125
2025-10-02,6753.72021484375
2025-10-09,6671.06005859375
2025-10-16,6699.39990234375
2025-10-23,6890.58984375
2025-10-30,6796.2900390625
2025-11-06,6850.919921875
2025-11-13,6642.16015625
2025-11-20,6812.60986328125
2025-11-27,6849.72021484375
2025-12-04,6886.68017578125
2025-12-11,6721.43017578125
2025-12-18,6932.0498046875
2025-12-25,6845.5
2026-01-01,6920.93017578125
2026-01-08,6926.60009765625
2026-01-15,6875.6201171875
2026-01-22,6978.02978515625
2026-01-29,6882.72021484375
2026-02-05,6941.47021484375
2026-02-12,6881.31005859375
2026-02-19,6946.1298828125
2026-02-26,6869.5
2026-03-05,6775.7998046875
2026-03-12,6624.7001953125
2026-03-19,6591.89990234375
2026-03-26,6575.31982421875
2026-04-02,6782.81005859375
2026-04-09,7022.9501953125
2026-04-16,7137.89990234375
2026-04-23,7135.9501953125
2026-04-30,7365.1201171875
2026-05-07,7444.25
2026-05-14,7432.97021484375
2026-05-21,7520.35986328125
2026-05-28,7553.68017578125
2026-06-04,7266.990234375
2026-06-11,7420.10009765625
2026-06-18,7358.22021484375
2026-06-25,7483.22998046875
2026-07-02,7482.7099609375
2026-07-09,7572.39990234375
2026-07-16,7498.9599609375
2026-07-23,7316.14990234375
2026-07-30,7723.5498046875
2026-08-06,7748.5
2026-08-13,7707.97998046875
2026-08-20,7675.7001953125
2026-08-27,7666.60009765625
2026-09-03,7636.35986328125
2026-09-10,7551.81005859375
2026-09-17,7706.02978515625
2026-09-24,7704.1298828125
