year,team_id,team,IP,K,BB,HR,ER,R,ERA,WHIP
1985,119,Los Angeles Dodgers,1465.0,979,462,102,482,579,2.96,1.19
1985,138,St. Louis Cardinals,1464.0,798,453,98,505,572,3.1,1.23
1985,121,New York Mets,1488.0,1039,515,111,514,568,3.11,1.22
1985,141,Toronto Blue Jays,1448.0,823,484,147,529,588,3.29,1.24
1985,135,San Diego Padres,1451.33,727,443,127,549,622,3.4,1.27
1985,118,Kansas City Royals,1461.0,846,463,103,564,639,3.47,1.3
1985,120,Montreal Expos,1457.0,870,509,99,574,636,3.55,1.27
1985,137,San Francisco Giants,1448.0,985,572,125,581,674,3.61,1.33
1985,117,Houston Astros,1458.0,909,543,119,593,691,3.66,1.33
1985,143,Philadelphia Phillies,1447.0,899,596,115,592,673,3.68,1.4
1985,147,New York Yankees,1440.33,907,518,157,590,660,3.69,1.31
1985,113,Cincinnati Reds,1451.33,910,535,131,598,666,3.71,1.3
1985,116,Detroit Tigers,1456.0,943,556,141,612,688,3.78,1.28
1985,108,California Angels,1457.33,767,514,171,633,703,3.91,1.35
1985,134,Pittsburgh Pirates,1445.33,962,584,107,638,708,3.97,1.38
1985,111,Boston Red Sox,1461.33,913,540,130,659,720,4.06,1.39
1985,145,Chicago White Sox,1451.67,1023,569,161,655,720,4.06,1.36
1985,112,Chicago Cubs,1442.33,820,519,156,666,729,4.16,1.39
1985,144,Atlanta Braves,1457.33,776,642,134,679,781,4.19,1.48
1985,110,Baltimore Orioles,1427.33,793,568,160,694,764,4.38,1.43
1985,133,Oakland Athletics,1453.0,785,607,172,707,787,4.38,1.42
1985,158,Milwaukee Brewers,1437.0,777,499,175,701,802,4.39,1.4
1985,142,Minnesota Twins,1426.33,767,462,164,711,782,4.49,1.35
1985,140,Texas Rangers,1411.67,863,501,173,715,785,4.56,1.4
1985,136,Seattle Mariners,1432.0,868,637,154,744,818,4.68,1.46
1985,114,Cleveland Indians,1421.0,702,547,170,776,861,4.91,1.48
1986,121,New York Mets,1484.0,1083,509,103,513,578,3.11,1.22
1986,117,Houston Astros,1456.33,1160,523,116,509,569,3.15,1.19
1986,137,San Francisco Giants,1460.33,992,591,121,544,618,3.35,1.27
1986,138,St. Louis Cardinals,1466.33,761,485,135,550,611,3.38,1.26
1986,119,Los Angeles Dodgers,1454.33,1051,499,115,608,679,3.76,1.33
1986,120,Montreal Expos,1466.33,1051,566,119,616,688,3.78,1.31
1986,118,Kansas City Royals,1440.67,888,479,121,612,673,3.82,1.31
1986,108,California Angels,1456.0,955,478,153,621,684,3.84,1.26
1986,143,Philadelphia Phillies,1451.67,874,553,130,621,713,3.85,1.4
1986,134,Pittsburgh Pirates,1450.67,924,570,138,629,700,3.9,1.36
1986,113,Cincinnati Reds,1468.0,924,524,136,637,717,3.91,1.35
1986,145,Chicago White Sox,1442.33,895,561,143,630,699,3.93,1.33
1986,111,Boston Red Sox,1429.67,1033,474,167,625,696,3.93,1.36
1986,144,Atlanta Braves,1424.67,932,576,117,629,719,3.97,1.42
1986,135,San Diego Padres,1443.33,934,607,150,640,723,3.99,1.39
1986,158,Milwaukee Brewers,1431.67,952,494,158,638,734,4.01,1.38
1986,116,Detroit Tigers,1443.67,880,571,183,645,714,4.02,1.35
1986,141,Toronto Blue Jays,1476.0,1002,487,164,669,733,4.08,1.32
1986,147,New York Yankees,1443.33,878,492,175,658,738,4.1,1.35
1986,140,Texas Rangers,1450.33,1059,736,145,662,743,4.11,1.44
1986,110,Baltimore Orioles,1436.67,954,535,177,687,760,4.3,1.38
1986,133,Oakland Athletics,1433.0,937,667,166,686,760,4.31,1.4
1986,112,Chicago Cubs,1445.0,962,557,143,721,781,4.49,1.46
1986,114,Cleveland Indians,1447.67,744,605,167,736,841,4.58,1.49
1986,136,Seattle Mariners,1439.67,944,585,171,744,835,4.65,1.51
1986,142,Minnesota Twins,1432.67,937,503,200,759,839,4.77,1.45
1987,137,San Francisco Giants,1471.0,1039,547,146,601,669,3.68,1.33
1987,119,Los Angeles Dodgers,1455.0,1097,565,130,601,675,3.72,1.36
1987,141,Toronto Blue Jays,1454.0,1064,567,158,605,655,3.74,1.3
1987,117,Houston Astros,1441.33,1137,525,141,615,678,3.84,1.31
1987,121,New York Mets,1454.0,1032,510,135,621,698,3.84,1.32
1987,118,Kansas City Royals,1424.0,923,548,128,610,691,3.86,1.38
1987,138,St. Louis Cardinals,1466.0,873,533,129,636,693,3.9,1.38
1987,120,Montreal Expos,1450.33,1012,446,145,631,720,3.92,1.29
1987,116,Detroit Tigers,1456.0,976,563,180,651,735,4.02,1.37
1987,143,Philadelphia Phillies,1448.33,877,587,167,673,749,4.18,1.41
1987,134,Pittsburgh Pirates,1445.0,914,562,164,674,744,4.2,1.34
1987,113,Cincinnati Reds,1452.33,919,485,170,685,752,4.24,1.36
1987,135,San Diego Padres,1433.33,897,602,175,680,763,4.27,1.4
1987,145,Chicago White Sox,1447.67,792,537,189,691,746,4.3,1.36
1987,133,Oakland Athletics,1445.67,1042,531,176,694,789,4.32,1.36
1987,147,New York Yankees,1446.33,900,542,179,700,758,4.36,1.39
1987,108,California Angels,1457.33,941,504,212,709,803,4.38,1.36
1987,136,Seattle Mariners,1430.67,919,497,199,713,801,4.49,1.4
1987,112,Chicago Cubs,1434.67,1024,628,159,726,801,4.55,1.5
1987,144,Atlanta Braves,1427.67,837,587,163,733,829,4.62,1.48
1987,158,Milwaukee Brewers,1464.0,1039,529,169,752,817,4.62,1.42
1987,142,Minnesota Twins,1427.33,990,564,210,734,806,4.63,1.42
1987,140,Texas Rangers,1444.33,1103,760,199,743,849,4.63,1.49
1987,111,Boston Red Sox,1436.0,1034,517,190,761,825,4.77,1.46
1987,110,Baltimore Orioles,1439.67,870,547,226,801,880,5.01,1.46
1987,114,Cleveland Indians,1422.67,849,606,219,835,957,5.28,1.53
1988,121,New York Mets,1439.0,1100,404,78,465,532,2.91,1.15
1988,119,Los Angeles Dodgers,1463.33,1029,473,84,482,544,2.96,1.21
1988,120,Montreal Expos,1482.67,923,476,122,508,592,3.08,1.2
1988,135,San Diego Padres,1449.0,885,439,112,528,583,3.28,1.22
1988,113,Cincinnati Reds,1455.0,934,504,121,541,596,3.35,1.22
1988,137,San Francisco Giants,1462.33,875,422,99,550,626,3.39,1.19
1988,117,Houston Astros,1474.67,1049,478,123,558,631,3.41,1.23
1988,133,Oakland Athletics,1489.33,983,553,116,569,620,3.44,1.3
1988,158,Milwaukee Brewers,1449.33,832,437,125,555,616,3.45,1.24
1988,134,Pittsburgh Pirates,1440.67,790,469,108,555,616,3.47,1.26
1988,138,St. Louis Cardinals,1470.67,881,486,91,567,633,3.47,1.27
1988,118,Kansas City Royals,1428.33,886,465,102,580,648,3.65,1.32
1988,116,Detroit Tigers,1445.67,890,497,150,596,658,3.71,1.29
1988,141,Toronto Blue Jays,1449.0,904,528,143,612,680,3.8,1.33
1988,112,Chicago Cubs,1464.33,897,490,115,625,694,3.84,1.35
1988,142,Minnesota Twins,1431.67,897,453,146,625,672,3.93,1.33
1988,111,Boston Red Sox,1426.33,1085,493,143,629,689,3.97,1.34
1988,140,Texas Rangers,1438.67,912,654,129,647,735,4.05,1.37
1988,144,Atlanta Braves,1446.0,810,524,108,657,741,4.09,1.39
1988,145,Chicago White Sox,1439.0,754,533,138,659,757,4.12,1.39
1988,143,Philadelphia Phillies,1433.0,859,628,118,659,734,4.14,1.45
1988,136,Seattle Mariners,1428.0,981,558,144,660,744,4.16,1.36
1988,114,Cleveland Indians,1434.0,812,442,120,663,731,4.16,1.35
1988,147,New York Yankees,1456.0,861,487,157,689,748,4.26,1.37
1988,108,California Angels,1455.67,817,568,135,698,771,4.32,1.42
1988,110,Baltimore Orioles,1416.0,709,523,153,714,789,4.54,1.43
1989,119,Los Angeles Dodgers,1463.33,1052,504,95,479,536,2.95,1.22
1989,133,Oakland Athletics,1448.33,930,510,103,497,576,3.09,1.24
1989,108,California Angels,1454.33,897,465,113,530,578,3.28,1.27
1989,121,New York Mets,1454.33,1108,532,115,533,595,3.3,1.23
1989,137,San Francisco Giants,1457.0,802,471,120,535,600,3.3,1.23
1989,138,St. Louis Cardinals,1461.0,844,482,84,546,608,3.36,1.24
1989,135,San Diego Padres,1457.33,933,481,133,547,626,3.38,1.26
1989,112,Chicago Cubs,1460.33,918,532,106,556,623,3.43,1.3
1989,120,Montreal Expos,1468.33,1059,519,120,567,630,3.48,1.27
1989,118,Kansas City Royals,1451.67,978,455,86,572,635,3.55,1.29
1989,141,Toronto Blue Jays,1467.0,849,478,99,584,651,3.58,1.29
1989,117,Houston Astros,1479.33,965,551,105,599,669,3.64,1.3
1989,134,Pittsburgh Pirates,1487.67,827,539,121,603,680,3.65,1.3
1989,114,Cleveland Indians,1453.0,844,452,107,589,654,3.65,1.29
1989,144,Atlanta Braves,1447.67,966,468,114,595,680,3.7,1.27
1989,113,Cincinnati Reds,1464.33,981,559,125,607,691,3.73,1.34
1989,158,Milwaukee Brewers,1432.33,812,457,129,604,679,3.8,1.34
1989,140,Texas Rangers,1434.33,1112,654,119,623,714,3.91,1.35
1989,136,Seattle Mariners,1438.0,897,560,114,639,728,4.0,1.38
1989,110,Baltimore Orioles,1448.33,676,486,134,644,686,4.0,1.38
1989,111,Boston Red Sox,1460.33,1054,548,131,650,735,4.01,1.37
1989,143,Philadelphia Phillies,1433.33,899,613,127,644,735,4.04,1.41
1989,145,Chicago White Sox,1422.0,778,539,144,668,750,4.23,1.41
1989,142,Minnesota Twins,1429.33,851,500,139,680,738,4.28,1.4
1989,147,New York Yankees,1414.67,787,521,150,708,792,4.5,1.46
1989,116,Detroit Tigers,1427.33,831,652,150,719,816,4.53,1.52
1990,133,Oakland Athletics,1456.0,831,494,123,514,570,3.18,1.22
1990,120,Montreal Expos,1473.33,991,510,127,551,598,3.37,1.26
1990,134,Pittsburgh Pirates,1447.0,848,413,135,546,619,3.4,1.23
1990,113,Cincinnati Reds,1456.33,1029,543,124,550,597,3.4,1.29
1990,121,New York Mets,1440.0,1217,444,119,548,613,3.43,1.24
1990,117,Houston Astros,1450.0,854,496,130,581,656,3.61,1.3
1990,145,Chicago White Sox,1449.33,914,548,106,581,633,3.61,1.28
1990,135,San Diego Padres,1461.67,928,507,147,597,673,3.68,1.33
1990,136,Seattle Mariners,1443.33,1064,606,120,592,680,3.69,1.33
1990,111,Boston Red Sox,1442.0,997,519,92,596,664,3.72,1.36
1990,119,Los Angeles Dodgers,1442.0,1021,478,137,596,685,3.72,1.28
1990,108,California Angels,1454.0,944,544,106,613,706,3.79,1.39
1990,140,Texas Rangers,1444.67,997,623,113,615,696,3.83,1.36
1990,141,Toronto Blue Jays,1454.0,892,445,143,620,661,3.84,1.29
1990,138,St. Louis Cardinals,1443.33,833,475,98,621,698,3.87,1.32
1990,118,Kansas City Royals,1420.67,1006,560,116,621,709,3.93,1.41
1990,110,Baltimore Orioles,1435.33,776,537,161,644,698,4.04,1.38
1990,143,Philadelphia Phillies,1449.0,840,651,124,655,729,4.07,1.4
1990,137,San Francisco Giants,1446.33,788,553,131,655,710,4.08,1.4
1990,158,Milwaukee Brewers,1445.0,771,469,121,655,760,4.08,1.4
1990,142,Minnesota Twins,1435.67,872,489,134,658,729,4.12,1.39
1990,147,New York Yankees,1444.67,909,618,144,676,749,4.21,1.42
1990,114,Cleveland Indians,1427.33,860,518,163,676,737,4.26,1.41
1990,112,Chicago Cubs,1442.67,877,572,121,695,774,4.34,1.44
1990,116,Detroit Tigers,1430.33,856,661,154,697,754,4.39,1.44
1990,144,Atlanta Braves,1429.67,938,579,128,727,821,4.58,1.47
1991,119,Los Angeles Dodgers,1458.0,1028,500,96,496,565,3.06,1.24
1991,134,Pittsburgh Pirates,1456.67,919,401,117,557,632,3.44,1.24
1991,144,Atlanta Braves,1452.67,969,481,118,563,644,3.49,1.23
1991,141,Toronto Blue Jays,1462.67,971,523,121,569,622,3.5,1.25
1991,121,New York Mets,1437.33,1028,410,108,568,646,3.56,1.26
1991,135,San Diego Padres,1452.67,921,457,139,577,646,3.57,1.27
1991,120,Montreal Expos,1440.33,909,584,111,583,655,3.64,1.31
1991,138,St. Louis Cardinals,1435.33,822,454,114,588,648,3.69,1.27
1991,108,California Angels,1441.67,990,543,141,591,649,3.69,1.31
1991,142,Minnesota Twins,1449.33,876,488,139,595,652,3.69,1.3
1991,136,Seattle Mariners,1464.33,1003,628,136,616,674,3.79,1.38
1991,145,Chicago White Sox,1478.0,923,601,154,622,681,3.79,1.29
1991,113,Cincinnati Reds,1440.0,997,560,127,613,691,3.83,1.34
1991,143,Philadelphia Phillies,1463.0,988,670,111,628,680,3.86,1.38
1991,118,Kansas City Royals,1466.0,1004,529,105,638,722,3.92,1.37
1991,117,Houston Astros,1453.0,1033,651,129,646,717,4.0,1.38
1991,111,Boston Red Sox,1439.67,999,530,147,642,712,4.01,1.34
1991,137,San Francisco Giants,1442.0,905,544,143,646,697,4.03,1.35
1991,112,Chicago Cubs,1456.67,927,542,117,653,734,4.03,1.34
1991,158,Milwaukee Brewers,1463.67,859,527,147,674,744,4.14,1.38
1991,114,Cleveland Indians,1441.33,862,441,110,678,759,4.23,1.38
1991,147,New York Yankees,1444.0,936,506,152,709,777,4.42,1.4
1991,140,Texas Rangers,1479.0,1022,662,151,734,814,4.47,1.45
1991,116,Detroit Tigers,1450.33,739,593,148,724,794,4.49,1.49
1991,133,Oakland Athletics,1444.33,892,655,155,734,776,4.57,1.44
1991,110,Baltimore Orioles,1457.67,868,504,147,743,796,4.59,1.4
1992,144,Atlanta Braves,1460.0,948,489,89,510,569,3.14,1.24
1992,120,Montreal Expos,1468.0,1014,525,92,530,581,3.25,1.24
1992,134,Pittsburgh Pirates,1479.67,844,455,101,551,595,3.35,1.26
1992,138,St. Louis Cardinals,1480.0,842,400,118,556,604,3.38,1.22
1992,112,Chicago Cubs,1469.0,901,575,107,554,624,3.39,1.3
1992,119,Los Angeles Dodgers,1438.0,981,553,82,545,636,3.41,1.36
1992,158,Milwaukee Brewers,1457.0,793,435,127,556,604,3.43,1.22
1992,113,Cincinnati Reds,1449.67,1060,470,109,558,609,3.46,1.26
1992,135,San Diego Padres,1461.33,971,439,111,579,636,3.57,1.29
1992,111,Boston Red Sox,1448.67,943,535,107,577,669,3.58,1.34
1992,137,San Francisco Giants,1461.0,927,502,128,586,647,3.61,1.29
1992,121,New York Mets,1446.67,1025,482,98,589,653,3.66,1.3
1992,142,Minnesota Twins,1453.0,923,479,121,598,653,3.7,1.29
1992,117,Houston Astros,1459.33,978,539,114,603,668,3.72,1.32
1992,133,Oakland Athletics,1447.0,843,601,129,599,672,3.73,1.38
1992,110,Baltimore Orioles,1464.0,846,518,124,614,656,3.77,1.32
1992,118,Kansas City Royals,1447.33,834,512,106,613,667,3.81,1.34
1992,145,Chicago White Sox,1461.67,810,550,123,621,690,3.82,1.33
1992,108,California Angels,1446.0,888,532,130,617,671,3.84,1.37
1992,141,Toronto Blue Jays,1440.67,954,541,124,626,682,3.91,1.31
1992,140,Texas Rangers,1460.33,1034,598,113,663,753,4.09,1.42
1992,114,Cleveland Indians,1470.0,890,566,159,671,746,4.11,1.41
1992,143,Philadelphia Phillies,1428.0,851,549,113,652,717,4.11,1.36
1992,147,New York Yankees,1452.67,851,612,129,679,746,4.21,1.42
1992,136,Seattle Mariners,1445.0,894,661,129,730,799,4.55,1.47
1992,116,Detroit Tigers,1435.67,693,564,155,733,794,4.6,1.46
1993,144,Atlanta Braves,1455.0,1036,480,101,507,559,3.14,1.22
1993,117,Houston Astros,1441.33,1056,476,117,559,630,3.49,1.28
1993,119,Los Angeles Dodgers,1472.67,1043,567,103,573,662,3.5,1.34
1993,120,Montreal Expos,1456.67,934,521,119,574,682,3.55,1.3
1993,137,San Francisco Giants,1456.67,982,442,168,585,636,3.61,1.25
1993,145,Chicago White Sox,1454.0,974,566,125,598,664,3.7,1.35
1993,111,Boston Red Sox,1452.33,997,552,127,610,698,3.78,1.33
1993,143,Philadelphia Phillies,1472.67,1117,573,129,647,740,3.95,1.35
1993,118,Kansas City Royals,1445.33,985,571,105,649,694,4.04,1.35
1993,121,New York Mets,1438.0,867,434,139,647,744,4.05,1.33
1993,138,St. Louis Cardinals,1453.0,775,383,152,660,744,4.09,1.33
1993,146,Florida Marlins,1440.33,945,598,135,661,724,4.13,1.41
1993,112,Chicago Cubs,1449.67,905,470,153,673,739,4.18,1.37
1993,136,Seattle Mariners,1453.67,1083,605,135,678,731,4.2,1.39
1993,141,Toronto Blue Jays,1441.33,1023,620,134,674,742,4.21,1.43
1993,135,San Diego Padres,1437.67,957,558,148,675,772,4.23,1.41
1993,140,Texas Rangers,1438.33,957,562,144,684,751,4.28,1.42
1993,110,Baltimore Orioles,1442.67,900,579,153,691,745,4.31,1.39
1993,108,California Angels,1430.33,843,550,153,690,770,4.34,1.42
1993,147,New York Yankees,1438.33,899,552,170,695,761,4.35,1.4
1993,158,Milwaukee Brewers,1447.0,810,522,153,716,792,4.45,1.4
1993,113,Cincinnati Reds,1434.0,996,508,158,718,785,4.51,1.41
1993,114,Cleveland Indians,1445.67,888,591,182,735,813,4.58,1.51
1993,116,Detroit Tigers,1436.67,828,542,188,742,837,4.65,1.45
1993,142,Minnesota Twins,1444.33,901,514,148,756,830,4.71,1.46
1993,134,Pittsburgh Pirates,1445.67,832,485,153,766,806,4.77,1.41
1993,133,Oakland Athletics,1452.33,864,680,157,791,846,4.9,1.54
1993,115,Colorado Rockies,1431.33,913,609,181,861,967,5.41,1.59
1994,120,Montreal Expos,1036.67,805,288,100,410,454,3.56,1.21
1994,144,Atlanta Braves,1026.33,865,378,76,407,448,3.57,1.27
1994,113,Cincinnati Reds,1038.33,799,339,117,436,490,3.78,1.33
1994,143,Philadelphia Phillies,1024.33,699,377,98,438,497,3.85,1.37
1994,145,Chicago White Sox,1011.33,754,377,115,445,498,3.96,1.33
1994,117,Houston Astros,1029.67,739,367,102,454,503,3.97,1.37
1994,137,San Francisco Giants,1025.33,655,372,122,454,500,3.99,1.35
1994,135,San Diego Padres,1045.67,862,393,99,474,531,4.08,1.34
1994,121,New York Mets,1023.0,640,332,117,470,526,4.13,1.37
1994,119,Los Angeles Dodgers,1014.0,732,354,90,470,509,4.17,1.38
1994,118,Kansas City Royals,1031.67,717,392,95,485,532,4.23,1.37
1994,110,Baltimore Orioles,997.67,666,351,131,478,497,4.31,1.36
1994,147,New York Yankees,1019.67,656,398,120,492,534,4.34,1.42
1994,114,Cleveland Indians,1018.67,666,404,94,494,562,4.36,1.47
1994,112,Chicago Cubs,1023.67,717,392,120,508,549,4.47,1.41
1994,146,Florida Marlins,1015.0,649,428,120,507,576,4.5,1.47
1994,158,Milwaukee Brewers,1036.0,577,421,127,532,586,4.62,1.44
1994,134,Pittsburgh Pirates,1005.67,650,370,117,518,580,4.64,1.46
1994,141,Toronto Blue Jays,1025.0,832,482,127,535,579,4.7,1.5
1994,133,Oakland Athletics,1003.33,732,510,128,536,589,4.81,1.48
1994,111,Boston Red Sox,1029.33,729,450,120,564,621,4.93,1.51
1994,136,Seattle Mariners,984.0,763,486,109,548,616,5.01,1.56
1994,138,St. Louis Cardinals,1018.0,632,355,134,582,621,5.15,1.48
1994,115,Colorado Rockies,1031.0,703,448,120,590,638,5.15,1.58
1994,116,Detroit Tigers,1018.0,560,449,148,609,671,5.38,1.56
1994,108,California Angels,1027.0,682,436,150,619,660,5.42,1.54
1994,140,Texas Rangers,1023.0,683,394,157,620,697,5.45,1.53
1994,142,Minnesota Twins,1005.0,602,388,153,635,688,5.69,1.58
1995,144,Atlanta Braves,1291.67,1087,436,107,494,540,3.44,1.25
1995,119,Los Angeles Dodgers,1295.0,1060,462,125,526,609,3.66,1.27
1995,114,Cleveland Indians,1301.0,926,445,135,554,607,3.83,1.31
1995,121,New York Mets,1291.0,901,401,133,556,618,3.88,1.31
1995,113,Cincinnati Reds,1289.33,903,424,131,578,623,4.03,1.31
1995,117,Houston Astros,1320.33,1056,460,118,596,674,4.06,1.38
1995,138,St. Louis Cardinals,1265.67,842,445,135,575,658,4.09,1.37
1995,120,Montreal Expos,1283.67,950,416,128,586,638,4.11,1.33
1995,112,Chicago Cubs,1301.0,926,518,162,597,671,4.13,1.41
1995,135,San Diego Padres,1284.67,1047,512,142,590,672,4.13,1.37
1995,143,Philadelphia Phillies,1290.33,980,538,134,603,658,4.21,1.38
1995,146,Florida Marlins,1286.0,994,562,139,610,673,4.27,1.45
1995,110,Baltimore Orioles,1267.0,930,523,149,607,640,4.31,1.33
1995,111,Boston Red Sox,1292.67,888,476,127,631,698,4.39,1.4
1995,118,Kansas City Royals,1288.0,763,503,142,642,691,4.49,1.42
1995,136,Seattle Mariners,1289.33,1068,591,149,644,708,4.5,1.5
1995,108,California Angels,1284.33,901,486,163,645,697,4.52,1.4
1995,147,New York Yankees,1284.67,908,535,159,651,688,4.56,1.42
1995,140,Texas Rangers,1285.0,838,514,152,665,720,4.66,1.48
1995,134,Pittsburgh Pirates,1275.33,871,477,130,666,736,4.7,1.48
1995,158,Milwaukee Brewers,1286.0,699,603,146,689,747,4.82,1.55
1995,145,Chicago White Sox,1284.67,892,617,164,693,758,4.85,1.55
1995,137,San Francisco Giants,1293.67,801,505,173,699,776,4.86,1.45
1995,141,Toronto Blue Jays,1292.67,894,654,145,701,777,4.88,1.54
1995,133,Oakland Athletics,1273.0,890,556,153,698,761,4.93,1.47
1995,115,Colorado Rockies,1288.33,891,512,160,711,783,4.97,1.52
1995,116,Detroit Tigers,1275.0,729,536,170,778,844,5.49,1.6
1995,142,Minnesota Twins,1272.67,790,533,210,815,889,5.76,1.56
1996,119,Los Angeles Dodgers,1466.33,1212,534,125,564,652,3.46,1.3
1996,144,Atlanta Braves,1469.0,1245,451,120,575,648,3.52,1.24
1996,135,San Diego Padres,1489.0,1194,506,138,616,682,3.72,1.28
1996,120,Montreal Expos,1441.33,1206,482,152,605,668,3.78,1.27
1996,146,Florida Marlins,1443.0,1050,598,113,634,703,3.95,1.37
1996,138,St. Louis Cardinals,1452.33,1050,539,173,641,706,3.97,1.32
1996,121,New York Mets,1440.0,999,532,159,675,779,4.22,1.42
1996,113,Cincinnati Reds,1443.0,1089,591,167,692,773,4.32,1.41
1996,114,Cleveland Indians,1452.33,1033,484,173,700,769,4.34,1.39
1996,112,Chicago Cubs,1456.33,1027,546,184,705,771,4.36,1.37
1996,117,Houston Astros,1447.0,1163,539,154,702,792,4.37,1.44
1996,143,Philadelphia Phillies,1423.33,1044,510,160,708,790,4.48,1.39
1996,145,Chicago White Sox,1461.0,1039,616,174,733,794,4.52,1.47
1996,118,Kansas City Royals,1450.0,926,460,176,733,786,4.55,1.4
1996,141,Toronto Blue Jays,1445.67,1033,610,187,734,809,4.57,1.44
1996,134,Pittsburgh Pirates,1453.33,1044,479,183,744,833,4.61,1.43
1996,147,New York Yankees,1440.0,1139,610,143,744,787,4.65,1.44
1996,140,Texas Rangers,1449.33,976,582,168,749,799,4.65,1.48
1996,137,San Francisco Giants,1442.33,997,570,194,754,862,4.7,1.45
1996,111,Boston Red Sox,1458.0,1165,722,185,807,921,4.98,1.6
1996,158,Milwaukee Brewers,1447.33,846,635,213,826,899,5.14,1.52
1996,110,Baltimore Orioles,1468.67,1047,597,209,839,903,5.14,1.5
1996,133,Oakland Athletics,1456.33,884,644,205,841,900,5.2,1.57
1996,136,Seattle Mariners,1431.67,1000,605,216,829,895,5.21,1.51
1996,142,Minnesota Twins,1439.67,959,581,233,844,900,5.28,1.49
1996,108,California Angels,1439.0,1052,662,219,847,943,5.3,1.53
1996,115,Colorado Rockies,1422.67,932,624,198,884,964,5.59,1.56
1996,116,Detroit Tigers,1432.67,957,784,241,1015,1103,6.38,1.73
1997,144,Atlanta Braves,1465.67,1196,450,111,518,581,3.18,1.21
1997,119,Los Angeles Dodgers,1459.33,1232,546,163,587,645,3.62,1.28
1997,117,Houston Astros,1459.0,1138,511,134,595,660,3.67,1.3
1997,146,Florida Marlins,1446.67,1188,639,131,615,669,3.83,1.38
1997,147,New York Yankees,1467.67,1165,532,144,627,688,3.84,1.36
1997,138,St. Louis Cardinals,1455.67,1130,536,124,628,708,3.88,1.35
1997,110,Baltimore Orioles,1461.0,1139,563,164,635,681,3.91,1.35
1997,141,Toronto Blue Jays,1442.67,1150,497,167,628,694,3.92,1.35
1997,121,New York Mets,1459.33,982,504,160,640,709,3.95,1.34
1997,120,Montreal Expos,1447.0,1138,557,149,665,740,4.14,1.33
1997,158,Milwaukee Brewers,1427.33,1016,542,177,671,742,4.23,1.37
1997,134,Pittsburgh Pirates,1436.0,1080,560,143,683,760,4.28,1.44
1997,113,Cincinnati Reds,1449.0,1159,558,173,711,764,4.42,1.36
1997,137,San Francisco Giants,1446.0,1044,578,160,710,793,4.42,1.43
1997,112,Chicago Cubs,1429.0,1072,590,185,705,759,4.44,1.43
1997,108,Anaheim Angels,1454.67,1050,605,202,730,794,4.52,1.45
1997,116,Detroit Tigers,1445.67,982,552,178,732,790,4.56,1.4
1997,140,Texas Rangers,1429.67,925,541,169,747,823,4.7,1.5
1997,118,Kansas City Royals,1443.0,961,531,186,754,820,4.7,1.43
1997,114,Cleveland Indians,1425.67,1036,575,181,749,815,4.73,1.48
1997,145,Chicago White Sox,1422.33,961,575,175,748,833,4.73,1.46
1997,136,Seattle Mariners,1447.67,1207,598,192,769,833,4.78,1.45
1997,143,Philadelphia Phillies,1420.33,1209,616,171,765,840,4.85,1.45
1997,111,Boston Red Sox,1451.67,987,611,149,782,857,4.85,1.5
1997,135,San Diego Padres,1450.0,1059,596,172,803,891,4.98,1.5
1997,142,Minnesota Twins,1434.0,908,495,187,796,861,5.0,1.46
1997,115,Colorado Rockies,1432.67,870,566,196,836,908,5.25,1.58
1997,133,Oakland Athletics,1445.33,953,642,197,881,946,5.49,1.64
1998,144,Atlanta Braves,1438.67,1232,467,117,520,581,3.25,1.22
1998,117,Houston Astros,1471.33,1187,465,147,572,620,3.5,1.29
1998,135,San Diego Padres,1454.67,1217,501,139,587,635,3.63,1.3
1998,121,New York Mets,1458.0,1129,532,152,609,645,3.76,1.31
1998,119,Los Angeles Dodgers,1447.33,1178,587,135,612,678,3.81,1.33
1998,147,New York Yankees,1456.67,1080,466,156,619,656,3.82,1.25
1998,134,Pittsburgh Pirates,1449.0,1112,530,147,629,718,3.91,1.35
1998,137,San Francisco Giants,1477.0,1089,562,171,686,739,4.18,1.37
1998,111,Boston Red Sox,1436.0,1025,504,168,667,729,4.18,1.33
1998,141,Toronto Blue Jays,1465.0,1154,587,169,697,768,4.28,1.39
1998,138,St. Louis Cardinals,1469.67,972,558,151,703,782,4.31,1.41
1998,139,Tampa Bay Devil Rays,1443.0,1008,643,171,698,751,4.35,1.43
1998,120,Montreal Expos,1427.0,1017,533,156,695,783,4.38,1.39
1998,113,Cincinnati Reds,1441.33,1098,573,170,710,760,4.43,1.37
1998,114,Cleveland Indians,1460.0,1037,563,171,722,779,4.45,1.45
1998,112,Chicago Cubs,1477.33,1207,575,180,736,792,4.48,1.42
1998,108,Anaheim Angels,1444.0,1091,630,164,720,783,4.49,1.46
1998,158,Milwaukee Brewers,1451.0,1063,550,188,746,812,4.63,1.44
1998,109,Arizona Diamondbacks,1432.33,908,489,188,737,812,4.63,1.36
1998,143,Philadelphia Phillies,1463.0,1176,544,188,754,808,4.64,1.38
1998,110,Baltimore Orioles,1431.33,1065,535,169,754,785,4.74,1.43
1998,142,Minnesota Twins,1447.67,952,457,180,765,818,4.76,1.44
1998,133,Oakland Athletics,1434.0,922,529,179,766,866,4.81,1.45
1998,116,Detroit Tigers,1446.33,947,595,185,793,863,4.93,1.48
1998,136,Seattle Mariners,1424.33,1156,528,196,784,855,4.95,1.44
1998,140,Texas Rangers,1431.33,994,519,164,794,871,4.99,1.5
1998,115,Colorado Rockies,1432.67,951,562,174,796,855,5.0,1.5
1998,118,Kansas City Royals,1436.33,999,568,196,822,899,5.15,1.5
1998,146,Florida Marlins,1449.67,1016,715,182,834,923,5.18,1.61
1998,145,Chicago White Sox,1438.67,911,580,211,835,931,5.22,1.49
1999,144,Atlanta Braves,1471.0,1197,507,142,593,661,3.63,1.3
1999,109,Arizona Diamondbacks,1467.33,1198,543,176,615,676,3.77,1.32
1999,117,Houston Astros,1458.67,1204,478,128,620,675,3.83,1.35
1999,113,Cincinnati Reds,1462.0,1081,636,190,647,711,3.98,1.33
1999,111,Boston Red Sox,1436.67,1131,469,160,638,718,4.0,1.3
1999,147,New York Yankees,1439.67,1111,581,158,661,731,4.13,1.38
1999,121,New York Mets,1456.67,1172,617,167,691,711,4.27,1.37
1999,134,Pittsburgh Pirates,1433.33,1083,633,160,689,782,4.33,1.45
1999,119,Los Angeles Dodgers,1453.0,1077,594,192,718,787,4.45,1.4
1999,135,San Diego Padres,1420.33,1078,529,193,705,781,4.47,1.4
1999,133,Oakland Athletics,1438.33,967,569,160,750,846,4.69,1.46
1999,120,Montreal Expos,1434.33,1043,572,152,748,853,4.69,1.45
1999,137,San Francisco Giants,1456.33,1076,655,194,762,831,4.71,1.47
1999,138,St. Louis Cardinals,1445.33,1025,667,161,761,838,4.74,1.51
1999,110,Baltimore Orioles,1435.0,982,647,198,760,815,4.77,1.47
1999,108,Anaheim Angels,1431.33,877,624,177,762,826,4.79,1.46
1999,114,Cleveland Indians,1450.33,1120,634,197,788,860,4.89,1.47
1999,146,Florida Marlins,1435.67,943,655,171,781,852,4.9,1.54
1999,145,Chicago White Sox,1438.33,968,596,210,786,870,4.92,1.53
1999,141,Toronto Blue Jays,1439.0,1009,575,191,787,862,4.92,1.5
1999,143,Philadelphia Phillies,1438.33,1030,627,212,787,846,4.92,1.47
1999,142,Minnesota Twins,1423.33,927,487,208,791,845,5.0,1.46
1999,139,Tampa Bay Devil Rays,1433.0,1055,695,172,805,913,5.06,1.61
1999,140,Texas Rangers,1436.33,979,509,186,809,859,5.07,1.49
1999,158,Milwaukee Brewers,1442.67,987,616,213,813,886,5.07,1.55
1999,116,Detroit Tigers,1421.0,976,583,209,817,882,5.17,1.49
1999,136,Seattle Mariners,1433.67,980,684,191,834,905,5.24,1.6
1999,112,Chicago Cubs,1430.67,980,529,221,837,920,5.27,1.5
1999,118,Kansas City Royals,1420.67,831,643,202,844,921,5.35,1.58
1999,115,Colorado Rockies,1429.0,1032,737,237,955,1028,6.01,1.71
2000,144,Atlanta Braves,1440.33,1093,484,165,648,714,4.05,1.33
2000,119,Los Angeles Dodgers,1445.0,1154,600,176,659,729,4.1,1.37
2000,121,New York Mets,1450.0,1164,574,164,670,738,4.16,1.36
2000,137,San Francisco Giants,1444.33,1076,623,151,675,747,4.21,1.44
2000,111,Boston Red Sox,1452.67,1121,498,173,683,745,4.23,1.33
2000,113,Cincinnati Reds,1456.33,1015,659,190,700,765,4.33,1.45
2000,109,Arizona Diamondbacks,1443.67,1220,500,190,699,754,4.36,1.34
2000,138,St. Louis Cardinals,1433.67,1100,606,196,698,771,4.38,1.4
2000,136,Seattle Mariners,1441.67,998,634,167,720,780,4.49,1.44
2000,135,San Diego Padres,1459.33,1071,649,191,733,815,4.52,1.43
2000,133,Oakland Athletics,1435.33,963,615,158,730,813,4.58,1.5
2000,146,Florida Marlins,1429.67,1051,650,169,729,797,4.59,1.49
2000,158,Milwaukee Brewers,1466.33,967,728,174,755,826,4.63,1.52
2000,145,Chicago White Sox,1450.33,1037,614,195,752,839,4.67,1.46
2000,116,Detroit Tigers,1443.33,978,496,177,756,827,4.71,1.44
2000,147,New York Yankees,1424.33,1040,577,177,753,814,4.76,1.43
2000,143,Philadelphia Phillies,1438.67,1123,640,201,763,830,4.77,1.46
2000,114,Cleveland Indians,1442.33,1213,666,173,775,816,4.84,1.51
2000,139,Tampa Bay Devil Rays,1431.33,955,533,198,773,842,4.86,1.46
2000,134,Pittsburgh Pirates,1449.0,1070,711,163,795,888,4.94,1.56
2000,108,Anaheim Angels,1448.0,846,662,228,805,869,5.0,1.52
2000,120,Montreal Expos,1424.67,1011,579,181,813,902,5.14,1.51
2000,141,Toronto Blue Jays,1437.33,978,560,195,823,908,5.15,1.51
2000,142,Minnesota Twins,1432.67,1042,516,212,821,880,5.16,1.5
2000,112,Chicago Cubs,1454.67,1143,658,231,849,904,5.25,1.49
2000,115,Colorado Rockies,1430.0,1001,588,221,836,897,5.26,1.51
2000,110,Baltimore Orioles,1433.33,1017,665,202,855,913,5.37,1.54
2000,117,Houston Astros,1437.67,1064,598,234,865,944,5.42,1.53
2000,118,Kansas City Royals,1439.33,927,693,239,876,930,5.48,1.58
2000,140,Texas Rangers,1429.0,918,661,202,876,974,5.52,1.64
2001,136,Seattle Mariners,1465.0,1051,465,160,576,627,3.54,1.2
2001,133,Oakland Athletics,1463.33,1117,440,153,583,645,3.59,1.25
2001,144,Atlanta Braves,1447.33,1133,499,153,578,643,3.59,1.29
2001,109,Arizona Diamondbacks,1459.67,1297,461,195,627,677,3.87,1.24
2001,138,St. Louis Cardinals,1435.33,1083,526,196,627,684,3.93,1.33
2001,147,New York Yankees,1451.33,1266,465,158,649,713,4.02,1.31
2001,112,Chicago Cubs,1437.0,1344,550,164,643,701,4.03,1.33
2001,121,New York Mets,1445.67,1191,438,186,654,713,4.07,1.28
2001,111,Boston Red Sox,1448.0,1259,544,146,667,745,4.15,1.35
2001,143,Philadelphia Phillies,1445.33,1086,527,170,667,719,4.15,1.35
2001,137,San Francisco Giants,1463.33,1080,579,145,680,748,4.18,1.38
2001,108,Anaheim Angels,1437.67,947,525,168,671,730,4.2,1.38
2001,119,Los Angeles Dodgers,1450.67,1212,524,184,685,744,4.25,1.32
2001,141,Toronto Blue Jays,1462.67,1041,490,165,696,753,4.28,1.4
2001,146,Florida Marlins,1438.0,1119,617,151,691,744,4.32,1.4
2001,117,Houston Astros,1454.67,1228,486,221,709,769,4.39,1.33
2001,142,Minnesota Twins,1441.33,965,445,192,722,766,4.51,1.35
2001,135,San Diego Padres,1440.67,1088,476,219,724,812,4.52,1.38
2001,145,Chicago White Sox,1433.33,921,500,181,725,795,4.55,1.37
2001,158,Milwaukee Brewers,1436.33,1057,667,197,740,806,4.64,1.48
2001,114,Cleveland Indians,1446.67,1218,573,148,746,821,4.64,1.44
2001,110,Baltimore Orioles,1432.33,938,528,194,744,829,4.67,1.42
2001,120,Montreal Expos,1431.33,1103,525,190,745,812,4.68,1.42
2001,113,Cincinnati Reds,1442.67,943,515,198,765,850,4.77,1.45
2001,118,Kansas City Royals,1440.0,911,576,209,779,858,4.87,1.47
2001,139,Tampa Bay Devil Rays,1423.67,1030,569,207,780,887,4.93,1.46
2001,116,Detroit Tigers,1429.33,859,553,180,795,876,5.01,1.52
2001,134,Pittsburgh Pirates,1416.33,908,549,167,794,858,5.05,1.44
2001,115,Colorado Rockies,1430.0,1058,598,239,841,906,5.29,1.48
2001,140,Texas Rangers,1438.33,951,596,222,913,968,5.71,1.58
2002,144,Atlanta Braves,1467.33,1058,554,123,511,565,3.13,1.26
2002,137,San Francisco Giants,1437.33,992,523,116,566,616,3.54,1.3
2002,133,Oakland Athletics,1452.0,1021,474,135,593,654,3.68,1.28
2002,108,Anaheim Angels,1452.33,999,509,169,595,644,3.69,1.28
2002,119,Los Angeles Dodgers,1457.67,1132,555,165,598,643,3.69,1.28
2002,138,St. Louis Cardinals,1446.33,1009,547,141,595,648,3.7,1.32
2002,111,Boston Red Sox,1446.0,1157,430,146,603,665,3.75,1.22
2002,147,New York Yankees,1452.0,1135,403,144,625,697,3.87,1.27
2002,121,New York Mets,1442.67,1107,543,163,626,703,3.91,1.35
2002,109,Arizona Diamondbacks,1446.67,1303,421,170,631,674,3.93,1.23
2002,120,Montreal Expos,1453.0,1088,508,165,642,718,3.98,1.36
2002,117,Houston Astros,1445.0,1219,546,151,642,695,4.0,1.36
2002,136,Seattle Mariners,1445.33,1063,441,178,654,699,4.07,1.29
2002,142,Minnesota Twins,1444.67,1026,439,184,662,712,4.12,1.31
2002,143,Philadelphia Phillies,1449.67,1075,570,153,671,724,4.17,1.35
2002,134,Pittsburgh Pirates,1412.67,920,572,163,664,730,4.23,1.43
2002,113,Cincinnati Reds,1453.67,980,550,173,690,774,4.27,1.41
2002,112,Chicago Cubs,1441.33,1333,606,167,687,759,4.29,1.37
2002,146,Florida Marlins,1456.33,1104,631,151,706,763,4.36,1.43
2002,110,Baltimore Orioles,1450.67,967,549,208,719,773,4.46,1.41
2002,145,Chicago White Sox,1423.0,945,528,190,716,798,4.53,1.37
2002,135,San Diego Padres,1436.33,1108,582,177,740,815,4.64,1.46
2002,158,Milwaukee Brewers,1432.33,1026,666,199,752,821,4.73,1.49
2002,141,Toronto Blue Jays,1438.33,991,590,177,767,828,4.8,1.46
2002,114,Cleveland Indians,1424.67,1058,603,142,777,837,4.91,1.48
2002,116,Detroit Tigers,1414.0,794,463,163,773,864,4.92,1.45
2002,140,Texas Rangers,1439.67,1030,669,194,825,882,5.16,1.53
2002,115,Colorado Rockies,1426.67,920,582,225,825,898,5.2,1.5
2002,118,Kansas City Royals,1441.0,909,572,212,834,891,5.21,1.5
2002,139,Tampa Bay Devil Rays,1440.33,925,620,215,846,918,5.29,1.52
2003,119,Los Angeles Dodgers,1457.67,1289,526,127,511,556,3.16,1.22
2003,133,Oakland Athletics,1441.67,1018,499,140,582,643,3.63,1.27
2003,137,San Francisco Giants,1437.33,1006,546,136,595,638,3.73,1.32
2003,136,Seattle Mariners,1441.0,1001,466,173,602,637,3.76,1.25
2003,112,Chicago Cubs,1456.33,1404,617,143,619,683,3.83,1.32
2003,109,Arizona Diamondbacks,1455.0,1291,526,150,621,685,3.84,1.31
2003,117,Houston Astros,1450.0,1139,565,161,622,677,3.86,1.32
2003,120,Montreal Expos,1437.67,1028,463,181,640,716,4.01,1.34
2003,147,New York Yankees,1462.0,1119,375,145,653,716,4.02,1.29
2003,146,Florida Marlins,1445.33,1132,530,128,648,692,4.04,1.35
2003,143,Philadelphia Phillies,1443.67,1060,536,142,648,697,4.04,1.33
2003,144,Atlanta Braves,1456.33,992,555,147,663,740,4.1,1.36
2003,145,Chicago White Sox,1431.0,1056,518,162,663,715,4.17,1.32
2003,114,Cleveland Indians,1459.33,943,501,179,682,778,4.21,1.36
2003,108,Anaheim Angels,1431.33,980,486,190,680,743,4.28,1.35
2003,142,Minnesota Twins,1462.0,997,402,187,716,758,4.41,1.32
2003,111,Boston Red Sox,1464.67,1141,488,153,729,809,4.48,1.36
2003,121,New York Mets,1413.33,907,576,168,704,754,4.48,1.47
2003,138,St. Louis Cardinals,1463.67,969,508,210,748,796,4.6,1.4
2003,134,Pittsburgh Pirates,1444.33,926,502,178,744,801,4.64,1.4
2003,141,Toronto Blue Jays,1435.0,984,485,184,748,826,4.69,1.43
2003,110,Baltimore Orioles,1449.67,981,526,198,767,820,4.76,1.45
2003,135,San Diego Padres,1431.33,1091,611,208,774,831,4.87,1.45
2003,139,Tampa Bay Devil Rays,1436.67,877,639,196,787,852,4.93,1.46
2003,158,Milwaukee Brewers,1452.0,1034,575,219,810,873,5.02,1.49
2003,118,Kansas City Royals,1438.67,865,566,190,808,867,5.05,1.48
2003,113,Cincinnati Reds,1446.33,932,590,209,818,886,5.09,1.5
2003,115,Colorado Rockies,1420.0,866,552,200,821,892,5.2,1.54
2003,116,Detroit Tigers,1438.67,764,557,195,847,928,5.3,1.51
2003,140,Texas Rangers,1433.33,1009,603,208,903,969,5.67,1.55
2004,144,Atlanta Braves,1450.0,1025,523,154,603,668,3.74,1.38
2004,138,St. Louis Cardinals,1453.67,1041,440,169,605,659,3.75,1.25
2004,112,Chicago Cubs,1465.33,1346,545,169,621,665,3.81,1.3
2004,119,Los Angeles Dodgers,1453.33,1066,521,178,647,684,4.01,1.31
2004,135,San Diego Padres,1441.0,1079,422,184,645,705,4.03,1.31
2004,142,Minnesota Twins,1476.0,1123,431,167,661,715,4.03,1.32
2004,117,Houston Astros,1443.0,1282,525,174,650,698,4.05,1.35
2004,121,New York Mets,1449.0,977,592,156,658,731,4.09,1.41
2004,146,Florida Marlins,1439.0,1116,513,166,655,700,4.1,1.33
2004,133,Oakland Athletics,1471.33,1034,544,164,682,742,4.17,1.37
2004,111,Boston Red Sox,1451.33,1132,447,159,674,768,4.18,1.29
2004,158,Milwaukee Brewers,1442.0,1098,476,164,679,757,4.24,1.33
2004,108,Anaheim Angels,1454.33,1164,502,170,692,734,4.28,1.36
2004,134,Pittsburgh Pirates,1428.0,1079,576,149,680,744,4.29,1.42
2004,137,San Francisco Giants,1457.0,1020,548,161,695,770,4.29,1.39
2004,120,Montreal Expos,1447.0,1032,582,191,696,769,4.33,1.42
2004,143,Philadelphia Phillies,1462.67,1070,502,214,724,781,4.45,1.36
2004,140,Texas Rangers,1439.67,979,547,182,724,794,4.53,1.45
2004,147,New York Yankees,1443.67,1058,445,182,752,808,4.69,1.37
2004,110,Baltimore Orioles,1455.33,1090,687,159,760,830,4.7,1.49
2004,136,Seattle Mariners,1459.33,1036,575,212,772,823,4.76,1.42
2004,139,Tampa Bay Devil Rays,1417.0,923,580,192,757,842,4.81,1.44
2004,114,Cleveland Indians,1466.67,1115,579,201,784,857,4.81,1.45
2004,141,Toronto Blue Jays,1421.0,956,608,181,775,823,4.91,1.49
2004,145,Chicago White Sox,1432.33,1013,527,224,782,831,4.91,1.42
2004,116,Detroit Tigers,1439.67,995,530,190,788,844,4.93,1.44
2004,109,Arizona Diamondbacks,1436.0,1153,668,197,794,899,4.98,1.5
2004,118,Kansas City Royals,1420.33,887,518,208,813,905,5.15,1.52
2004,113,Cincinnati Reds,1443.67,992,572,236,832,907,5.19,1.5
2004,115,Colorado Rockies,1435.33,947,697,198,883,923,5.54,1.62
2005,138,St. Louis Cardinals,1445.67,974,443,153,560,634,3.49,1.27
2005,117,Houston Astros,1443.0,1164,440,155,563,609,3.51,1.23
2005,114,Cleveland Indians,1452.67,1050,413,157,582,642,3.61,1.22
2005,145,Chicago White Sox,1475.67,1040,459,167,592,645,3.61,1.25
2005,108,Los Angeles Angels,1464.33,1126,443,158,598,643,3.68,1.27
2005,133,Oakland Athletics,1450.33,1075,504,154,594,658,3.69,1.25
2005,142,Minnesota Twins,1464.33,965,348,169,604,662,3.71,1.23
2005,121,New York Mets,1435.67,1012,491,135,599,648,3.76,1.31
2005,120,Washington Nationals,1458.0,997,539,140,627,673,3.87,1.37
2005,158,Milwaukee Brewers,1438.0,1173,569,169,635,697,3.97,1.36
2005,144,Atlanta Braves,1443.67,929,520,145,639,674,3.98,1.39
2005,141,Toronto Blue Jays,1447.0,958,444,185,653,705,4.06,1.33
2005,135,San Diego Padres,1455.33,1133,503,146,668,726,4.13,1.34
2005,146,Florida Marlins,1442.33,1125,563,116,666,732,4.16,1.4
2005,112,Chicago Cubs,1440.0,1256,576,186,671,714,4.19,1.34
2005,143,Philadelphia Phillies,1435.0,1159,487,189,672,726,4.21,1.3
2005,137,San Francisco Giants,1444.33,972,592,151,695,745,4.33,1.42
2005,119,Los Angeles Dodgers,1427.33,1004,471,182,695,755,4.38,1.33
2005,134,Pittsburgh Pirates,1436.0,958,612,162,706,769,4.42,1.44
2005,136,Seattle Mariners,1427.67,892,496,179,712,751,4.49,1.39
2005,116,Detroit Tigers,1435.67,907,461,193,719,787,4.51,1.37
2005,147,New York Yankees,1430.67,985,463,164,718,789,4.52,1.37
2005,110,Baltimore Orioles,1427.67,1052,580,180,724,800,4.56,1.43
2005,111,Boston Red Sox,1429.0,959,440,164,752,805,4.74,1.39
2005,109,Arizona Diamondbacks,1456.33,1038,537,193,783,856,4.84,1.45
2005,140,Texas Rangers,1440.0,932,522,159,794,858,4.96,1.47
2005,115,Colorado Rockies,1418.67,981,604,175,808,862,5.13,1.55
2005,113,Cincinnati Reds,1433.0,955,492,219,820,889,5.15,1.5
2005,139,Tampa Bay Devil Rays,1421.67,949,615,194,851,936,5.39,1.54
2005,118,Kansas City Royals,1413.33,924,580,178,862,935,5.49,1.57
2006,116,Detroit Tigers,1448.0,1003,489,160,618,675,3.84,1.32
2006,135,San Diego Padres,1463.67,1097,468,176,629,679,3.87,1.27
2006,142,Minnesota Twins,1439.33,1164,356,182,632,683,3.95,1.28
2006,108,Los Angeles Angels,1452.67,1164,471,158,652,732,4.04,1.29
2006,117,Houston Astros,1468.67,1160,480,182,666,719,4.08,1.3
2006,121,New York Mets,1461.33,1161,527,180,673,731,4.14,1.32
2006,133,Oakland Athletics,1451.67,1003,529,162,679,727,4.21,1.41
2006,119,Los Angeles Dodgers,1460.33,1068,492,152,686,751,4.23,1.38
2006,146,Florida Marlins,1433.33,1088,622,166,696,772,4.37,1.46
2006,141,Toronto Blue Jays,1428.33,1076,504,185,694,754,4.37,1.37
2006,114,Cleveland Indians,1423.33,948,429,166,698,782,4.41,1.41
2006,147,New York Yankees,1443.67,1019,496,170,708,767,4.41,1.36
2006,109,Arizona Diamondbacks,1459.67,1115,536,168,727,788,4.48,1.4
2006,113,Cincinnati Reds,1445.67,1053,464,213,725,801,4.51,1.41
2006,134,Pittsburgh Pirates,1435.0,1060,620,156,720,797,4.52,1.51
2006,138,St. Louis Cardinals,1429.67,970,504,193,721,762,4.54,1.38
2006,144,Atlanta Braves,1441.33,1049,572,183,736,805,4.6,1.46
2006,140,Texas Rangers,1431.33,972,496,162,731,784,4.6,1.44
2006,136,Seattle Mariners,1446.67,1067,560,183,739,792,4.6,1.42
2006,143,Philadelphia Phillies,1460.33,1138,512,211,747,812,4.6,1.42
2006,145,Chicago White Sox,1449.0,1012,433,200,743,794,4.61,1.36
2006,137,San Francisco Giants,1429.67,992,584,153,735,790,4.63,1.4
2006,115,Colorado Rockies,1447.33,952,553,155,749,812,4.66,1.45
2006,112,Chicago Cubs,1439.0,1250,687,210,758,834,4.74,1.45
2006,158,Milwaukee Brewers,1425.67,1145,514,177,763,833,4.82,1.38
2006,111,Boston Red Sox,1441.33,1070,509,181,773,825,4.83,1.44
2006,139,Tampa Bay Devil Rays,1420.33,979,606,180,782,856,4.96,1.55
2006,120,Washington Nationals,1436.33,960,584,193,803,872,5.03,1.48
2006,110,Baltimore Orioles,1419.0,1016,613,216,843,899,5.35,1.54
2006,118,Kansas City Royals,1426.33,904,637,213,896,971,5.65,1.6
2007,135,San Diego Padres,1484.67,1136,474,119,611,666,3.7,1.27
2007,111,Boston Red Sox,1438.67,1149,482,151,618,657,3.87,1.27
2007,141,Toronto Blue Jays,1448.67,1067,479,157,644,699,4.0,1.29
2007,112,Chicago Cubs,1446.67,1211,573,165,650,690,4.04,1.32
2007,114,Cleveland Indians,1462.67,1047,410,146,658,704,4.05,1.32
2007,144,Atlanta Braves,1456.33,1106,537,172,665,733,4.11,1.36
2007,109,Arizona Diamondbacks,1441.0,1088,546,169,662,732,4.13,1.38
2007,142,Minnesota Twins,1436.67,1094,420,185,663,725,4.15,1.34
2007,137,San Francisco Giants,1453.67,1057,593,133,677,720,4.19,1.4
2007,119,Los Angeles Dodgers,1450.0,1184,518,146,677,727,4.2,1.35
2007,108,Los Angeles Angels,1435.0,1156,477,151,674,731,4.23,1.36
2007,121,New York Mets,1452.33,1134,570,165,687,750,4.26,1.37
2007,133,Oakland Athletics,1448.0,1036,530,138,689,758,4.28,1.38
2007,115,Colorado Rockies,1472.0,967,504,164,706,758,4.32,1.36
2007,158,Milwaukee Brewers,1444.33,1174,507,161,708,776,4.41,1.4
2007,118,Kansas City Royals,1437.33,993,520,168,716,778,4.48,1.44
2007,147,New York Yankees,1450.67,1009,578,150,724,777,4.49,1.43
2007,116,Detroit Tigers,1447.33,1047,566,174,735,797,4.57,1.43
2007,120,Washington Nationals,1446.67,931,580,187,736,783,4.58,1.44
2007,138,St. Louis Cardinals,1435.67,945,509,168,741,829,4.65,1.41
2007,117,Houston Astros,1464.67,1109,510,206,761,813,4.68,1.42
2007,136,Seattle Mariners,1434.33,1020,546,147,754,813,4.73,1.48
2007,143,Philadelphia Phillies,1458.33,1050,558,198,767,821,4.73,1.45
2007,140,Texas Rangers,1430.0,976,668,155,755,844,4.75,1.53
2007,145,Chicago White Sox,1440.67,1015,499,174,763,839,4.77,1.43
2007,134,Pittsburgh Pirates,1447.67,997,518,174,793,846,4.93,1.48
2007,113,Cincinnati Reds,1449.67,1068,482,198,796,853,4.94,1.44
2007,146,Florida Marlins,1443.67,1142,661,176,793,891,4.94,1.58
2007,110,Baltimore Orioles,1438.67,1087,696,161,827,868,5.17,1.52
2007,139,Tampa Bay Devil Rays,1429.67,1194,568,199,879,944,5.53,1.55
2008,141,Toronto Blue Jays,1446.67,1184,467,134,561,610,3.49,1.24
2008,119,Los Angeles Dodgers,1447.33,1205,480,123,591,648,3.68,1.29
2008,139,Tampa Bay Rays,1457.67,1143,526,166,618,671,3.82,1.29
2008,158,Milwaukee Brewers,1455.67,1110,528,175,623,689,3.85,1.33
2008,112,Chicago Cubs,1450.67,1264,548,160,624,671,3.87,1.29
2008,143,Philadelphia Phillies,1449.67,1081,533,160,625,680,3.88,1.36
2008,109,Arizona Diamondbacks,1434.67,1229,451,147,635,706,3.98,1.29
2008,108,Los Angeles Angels,1451.33,1106,457,160,644,697,3.99,1.32
2008,111,Boston Red Sox,1446.33,1185,548,147,645,694,4.01,1.33
2008,133,Oakland Athletics,1435.0,1061,576,135,640,690,4.01,1.35
2008,145,Chicago White Sox,1457.67,1147,460,156,658,729,4.06,1.32
2008,121,New York Mets,1464.33,1181,590,163,662,715,4.07,1.37
2008,142,Minnesota Twins,1459.0,995,406,183,675,745,4.16,1.35
2008,138,St. Louis Cardinals,1454.0,957,496,163,677,725,4.19,1.38
2008,147,New York Yankees,1441.67,1141,489,143,685,727,4.28,1.36
2008,117,Houston Astros,1425.33,1095,492,197,691,743,4.36,1.36
2008,137,San Francisco Giants,1442.0,1240,652,147,701,759,4.38,1.43
2008,135,San Diego Padres,1458.33,1100,561,165,714,764,4.41,1.39
2008,146,Florida Marlins,1435.33,1127,586,161,707,767,4.43,1.4
2008,114,Cleveland Indians,1437.0,986,444,170,711,761,4.45,1.37
2008,144,Atlanta Braves,1440.67,1076,586,156,714,778,4.46,1.41
2008,118,Kansas City Royals,1445.67,1085,515,159,720,781,4.48,1.38
2008,113,Cincinnati Reds,1442.33,1227,557,201,729,800,4.55,1.46
2008,120,Washington Nationals,1434.0,1063,588,190,742,825,4.66,1.45
2008,136,Seattle Mariners,1435.33,1016,626,161,754,811,4.73,1.51
2008,115,Colorado Rockies,1446.0,1041,562,148,766,822,4.77,1.46
2008,116,Detroit Tigers,1445.0,991,644,172,786,857,4.9,1.51
2008,134,Pittsburgh Pirates,1455.0,963,657,176,822,884,5.08,1.57
2008,110,Baltimore Orioles,1422.0,922,687,184,810,869,5.13,1.56
2008,140,Texas Rangers,1442.0,963,625,176,860,967,5.37,1.58
2009,119,Los Angeles Dodgers,1473.33,1272,584,127,558,611,3.41,1.25
2009,137,San Francisco Giants,1446.0,1302,584,140,571,611,3.55,1.28
2009,144,Atlanta Braves,1462.67,1232,530,119,581,641,3.57,1.32
2009,138,St. Louis Cardinals,1440.67,1049,460,123,586,640,3.66,1.3
2009,112,Chicago Cubs,1445.33,1272,586,160,616,672,3.84,1.32
2009,136,Seattle Mariners,1452.67,1043,534,172,625,692,3.87,1.3
2009,145,Chicago White Sox,1439.67,1119,507,169,663,732,4.14,1.35
2009,143,Philadelphia Phillies,1455.67,1153,489,189,673,709,4.16,1.35
2009,113,Cincinnati Reds,1458.33,1069,577,188,677,723,4.18,1.37
2009,115,Colorado Rockies,1438.33,1154,528,141,675,715,4.22,1.36
2009,133,Oakland Athletics,1447.33,1124,523,156,685,761,4.26,1.39
2009,147,New York Yankees,1450.0,1260,574,181,687,753,4.26,1.35
2009,116,Detroit Tigers,1447.0,1102,594,182,690,745,4.29,1.41
2009,146,Florida Marlins,1446.33,1248,601,160,690,766,4.29,1.4
2009,139,Tampa Bay Rays,1427.33,1125,515,183,686,754,4.33,1.36
2009,111,Boston Red Sox,1436.67,1230,530,167,695,736,4.35,1.41
2009,135,San Diego Padres,1450.67,1187,603,167,704,769,4.37,1.4
2009,140,Texas Rangers,1434.67,1016,531,171,698,740,4.38,1.37
2009,109,Arizona Diamondbacks,1447.67,1158,525,168,711,782,4.42,1.38
2009,121,New York Mets,1426.0,1031,616,158,705,757,4.45,1.45
2009,108,Los Angeles Angels,1445.0,1062,523,180,715,761,4.45,1.41
2009,141,Toronto Blue Jays,1451.0,1181,551,181,720,771,4.47,1.42
2009,142,Minnesota Twins,1453.0,1052,466,185,726,765,4.5,1.38
2009,117,Houston Astros,1430.0,1144,546,176,722,770,4.54,1.45
2009,134,Pittsburgh Pirates,1418.33,919,563,152,723,768,4.59,1.45
2009,118,Kansas City Royals,1426.0,1153,600,166,765,842,4.83,1.46
2009,158,Milwaukee Brewers,1435.0,1104,607,207,770,818,4.83,1.47
2009,120,Washington Nationals,1424.33,911,629,173,791,874,5.0,1.52
2009,114,Cleveland Indians,1434.0,986,598,183,806,865,5.06,1.51
2009,110,Baltimore Orioles,1429.0,933,546,218,817,876,5.15,1.52
2010,137,San Francisco Giants,1461.0,1331,578,134,546,583,3.36,1.27
2010,135,San Diego Padres,1456.33,1295,517,139,549,581,3.39,1.25
2010,144,Atlanta Braves,1439.33,1241,505,126,569,629,3.56,1.27
2010,133,Oakland Athletics,1431.67,1070,512,153,566,626,3.56,1.28
2010,138,St. Louis Cardinals,1453.67,1094,477,133,577,641,3.57,1.3
2010,143,Philadelphia Phillies,1456.33,1183,416,168,594,640,3.67,1.25
2010,121,New York Mets,1453.0,1106,545,135,597,652,3.7,1.36
2010,139,Tampa Bay Rays,1453.67,1189,478,175,611,649,3.78,1.26
2010,136,Seattle Mariners,1438.0,973,452,157,628,698,3.93,1.29
2010,140,Texas Rangers,1455.33,1181,551,162,636,687,3.93,1.31
2010,142,Minnesota Twins,1452.67,1048,383,155,638,671,3.95,1.29
2010,113,Cincinnati Reds,1453.0,1130,524,158,648,685,4.01,1.33
2010,119,Los Angeles Dodgers,1441.67,1274,539,134,643,692,4.01,1.29
2010,108,Los Angeles Angels,1449.33,1130,565,148,651,702,4.04,1.37
2010,147,New York Yankees,1442.33,1154,540,179,651,693,4.06,1.31
2010,146,Florida Marlins,1438.33,1168,549,134,652,717,4.08,1.38
2010,117,Houston Astros,1439.33,1210,548,140,654,729,4.09,1.39
2010,145,Chicago White Sox,1446.33,1149,490,136,658,704,4.09,1.36
2010,120,Washington Nationals,1435.0,1068,512,151,658,742,4.13,1.38
2010,115,Colorado Rockies,1442.0,1234,525,139,663,717,4.14,1.34
2010,112,Chicago Cubs,1436.67,1268,605,154,668,767,4.18,1.4
2010,111,Boston Red Sox,1456.67,1207,580,152,679,744,4.2,1.36
2010,141,Toronto Blue Jays,1440.67,1184,539,150,676,728,4.22,1.35
2010,114,Cleveland Indians,1433.0,967,572,147,684,752,4.3,1.43
2010,116,Detroit Tigers,1444.33,1056,537,142,690,743,4.3,1.37
2010,158,Milwaukee Brewers,1439.0,1258,582,173,733,804,4.58,1.44
2010,110,Baltimore Orioles,1436.33,1007,520,186,733,785,4.59,1.41
2010,109,Arizona Diamondbacks,1432.0,1070,548,210,765,836,4.81,1.43
2010,118,Kansas City Royals,1436.67,1035,551,176,794,845,4.97,1.46
2010,134,Pittsburgh Pirates,1411.67,1026,538,167,784,866,5.0,1.49
2011,143,Philadelphia Phillies,1477.0,1299,404,120,495,529,3.02,1.17
2011,137,San Francisco Giants,1468.0,1316,559,96,522,578,3.2,1.24
2011,135,San Diego Padres,1449.33,1139,521,125,551,611,3.42,1.27
2011,144,Atlanta Braves,1479.67,1332,521,125,572,605,3.48,1.25
2011,119,Los Angeles Dodgers,1432.0,1265,507,132,563,612,3.54,1.25
2011,108,Los Angeles Angels,1465.0,1058,476,142,581,633,3.57,1.27
2011,120,Washington Nationals,1449.33,1049,477,129,577,643,3.58,1.3
2011,139,Tampa Bay Rays,1449.0,1143,504,161,577,614,3.58,1.22
2011,158,Milwaukee Brewers,1441.67,1257,440,147,582,638,3.63,1.24
2011,133,Oakland Athletics,1447.67,1160,519,136,597,679,3.71,1.31
2011,147,New York Yankees,1458.33,1222,507,152,605,657,3.73,1.32
2011,138,St. Louis Cardinals,1462.0,1098,448,136,608,692,3.74,1.31
2011,140,Texas Rangers,1441.33,1179,461,170,607,677,3.79,1.24
2011,109,Arizona Diamondbacks,1443.33,1058,442,159,609,662,3.8,1.29
2011,136,Seattle Mariners,1433.0,1088,436,145,621,675,3.9,1.26
2011,146,Florida Marlins,1459.67,1218,500,149,640,702,3.95,1.3
2011,134,Pittsburgh Pirates,1449.33,1031,535,152,650,712,4.04,1.41
2011,116,Detroit Tigers,1440.0,1115,492,149,647,711,4.04,1.32
2011,145,Chicago White Sox,1460.0,1220,439,147,665,706,4.1,1.3
2011,113,Cincinnati Reds,1467.67,1112,539,185,678,720,4.16,1.33
2011,121,New York Mets,1448.0,1126,514,147,674,742,4.19,1.38
2011,111,Boston Red Sox,1457.33,1213,540,156,680,737,4.2,1.31
2011,114,Cleveland Indians,1453.33,1024,463,153,683,760,4.23,1.34
2011,141,Toronto Blue Jays,1458.67,1169,540,179,700,761,4.32,1.35
2011,112,Chicago Cubs,1434.33,1224,580,162,690,756,4.33,1.41
2011,115,Colorado Rockies,1447.67,1118,522,176,713,774,4.43,1.38
2011,118,Kansas City Royals,1451.33,1080,557,163,716,762,4.44,1.41
2011,117,Houston Astros,1435.0,1191,560,188,719,796,4.51,1.42
2011,142,Minnesota Twins,1421.67,940,480,161,724,804,4.58,1.44
2011,110,Baltimore Orioles,1446.67,1044,535,210,786,860,4.89,1.45
2012,139,Tampa Bay Rays,1459.67,1383,469,139,518,577,3.19,1.17
2012,120,Washington Nationals,1468.33,1325,497,129,543,594,3.33,1.22
2012,119,Los Angeles Dodgers,1449.67,1276,539,122,538,597,3.34,1.25
2012,113,Cincinnati Reds,1453.0,1248,427,152,540,588,3.34,1.23
2012,144,Atlanta Braves,1445.33,1232,464,145,549,600,3.42,1.23
2012,133,Oakland Athletics,1470.0,1136,462,147,569,614,3.48,1.24
2012,137,San Francisco Giants,1451.0,1237,489,142,593,649,3.68,1.27
2012,138,St. Louis Cardinals,1462.67,1218,436,134,603,648,3.71,1.27
2012,116,Detroit Tigers,1430.67,1318,438,151,596,670,3.75,1.29
2012,136,Seattle Mariners,1456.67,1166,449,166,608,651,3.76,1.24
2012,143,Philadelphia Phillies,1451.33,1385,409,178,618,680,3.83,1.24
2012,147,New York Yankees,1445.33,1318,431,190,617,668,3.84,1.27
2012,134,Pittsburgh Pirates,1433.33,1192,490,153,615,674,3.86,1.29
2012,110,Baltimore Orioles,1483.0,1177,481,184,642,705,3.9,1.29
2012,109,Arizona Diamondbacks,1433.67,1200,417,155,626,688,3.93,1.29
2012,140,Texas Rangers,1442.0,1286,446,175,639,707,3.99,1.26
2012,135,San Diego Padres,1434.67,1205,539,162,640,710,4.01,1.32
2012,108,Los Angeles Angels,1433.33,1157,483,186,640,699,4.02,1.27
2012,145,Chicago White Sox,1445.67,1246,503,186,646,676,4.02,1.29
2012,121,New York Mets,1434.0,1240,488,161,651,709,4.09,1.29
2012,146,Miami Marlins,1440.67,1113,495,133,655,724,4.09,1.35
2012,158,Milwaukee Brewers,1453.67,1402,525,169,682,733,4.22,1.36
2012,118,Kansas City Royals,1451.33,1177,542,163,693,746,4.3,1.41
2012,112,Chicago Cubs,1413.67,1128,573,175,708,759,4.51,1.39
2012,117,Houston Astros,1423.33,1170,540,173,721,794,4.56,1.43
2012,141,Toronto Blue Jays,1443.67,1142,574,204,745,784,4.64,1.39
2012,111,Boston Red Sox,1443.0,1176,529,190,754,806,4.7,1.37
2012,142,Minnesota Twins,1438.67,943,465,198,762,832,4.77,1.39
2012,114,Cleveland Indians,1442.0,1086,543,174,766,845,4.78,1.42
2012,115,Colorado Rockies,1422.0,1144,566,198,824,890,5.22,1.55
2013,144,Atlanta Braves,1450.33,1232,409,127,512,548,3.18,1.2
2013,119,Los Angeles Dodgers,1450.33,1292,460,127,524,582,3.25,1.23
2013,134,Pittsburgh Pirates,1470.67,1261,515,101,533,577,3.26,1.23
2013,113,Cincinnati Reds,1473.67,1296,435,170,554,589,3.38,1.17
2013,138,St. Louis Cardinals,1459.67,1254,451,112,555,596,3.42,1.24
2013,118,Kansas City Royals,1448.33,1208,469,155,556,601,3.46,1.27
2013,133,Oakland Athletics,1452.0,1183,428,163,574,625,3.56,1.22
2013,120,Washington Nationals,1445.67,1236,405,142,576,626,3.59,1.23
2013,116,Detroit Tigers,1462.67,1428,462,128,587,624,3.61,1.25
2013,140,Texas Rangers,1463.33,1309,498,157,589,636,3.62,1.28
2013,146,Miami Marlins,1460.0,1177,526,121,602,646,3.71,1.3
2013,139,Tampa Bay Rays,1464.0,1310,482,153,608,646,3.74,1.23
2013,121,New York Mets,1476.67,1209,458,152,618,684,3.77,1.29
2013,111,Boston Red Sox,1454.0,1294,524,156,613,656,3.79,1.3
2013,114,Cleveland Indians,1441.33,1379,554,147,611,662,3.82,1.33
2013,158,Milwaukee Brewers,1442.67,1125,466,175,615,687,3.84,1.29
2013,109,Arizona Diamondbacks,1495.0,1218,485,176,651,695,3.92,1.3
2013,147,New York Yankees,1447.33,1233,437,171,633,671,3.94,1.31
2013,145,Chicago White Sox,1455.0,1249,509,182,643,723,3.98,1.33
2013,135,San Diego Padres,1455.0,1171,525,156,643,700,3.98,1.33
2013,112,Chicago Cubs,1448.0,1184,540,160,643,689,4.0,1.29
2013,137,San Francisco Giants,1447.33,1256,521,145,643,691,4.0,1.31
2013,110,Baltimore Orioles,1453.0,1169,473,202,678,709,4.2,1.32
2013,108,Los Angeles Angels,1457.67,1200,533,167,685,737,4.23,1.38
2013,141,Toronto Blue Jays,1452.0,1208,500,195,685,756,4.25,1.34
2013,136,Seattle Mariners,1465.0,1297,478,174,702,754,4.31,1.33
2013,143,Philadelphia Phillies,1436.33,1199,506,152,689,749,4.32,1.37
2013,115,Colorado Rockies,1436.0,1064,517,136,708,760,4.44,1.44
2013,142,Minnesota Twins,1450.33,985,458,168,733,788,4.55,1.41
2013,117,Houston Astros,1440.0,1084,616,191,766,848,4.79,1.49
2014,120,Washington Nationals,1470.67,1288,352,110,495,555,3.03,1.16
2014,136,Seattle Mariners,1452.0,1317,463,137,512,554,3.17,1.17
2014,133,Oakland Athletics,1463.33,1244,406,147,524,572,3.22,1.14
2014,135,San Diego Padres,1438.67,1284,462,117,523,577,3.27,1.22
2014,144,Atlanta Braves,1455.0,1301,472,121,547,597,3.38,1.27
2014,119,Los Angeles Dodgers,1464.67,1373,429,142,554,617,3.4,1.21
2014,110,Baltimore Orioles,1461.33,1174,472,151,557,593,3.43,1.24
2014,134,Pittsburgh Pirates,1456.33,1228,499,128,562,631,3.47,1.26
2014,121,New York Mets,1463.67,1303,509,141,568,618,3.49,1.28
2014,137,San Francisco Giants,1449.0,1211,389,133,564,614,3.5,1.17
2014,138,St. Louis Cardinals,1448.67,1221,470,123,564,603,3.5,1.24
2014,118,Kansas City Royals,1450.67,1168,440,128,565,624,3.51,1.26
2014,139,Tampa Bay Rays,1463.67,1437,482,145,579,625,3.56,1.21
2014,114,Cleveland Indians,1468.33,1450,464,135,581,653,3.56,1.27
2014,108,Los Angeles Angels,1482.67,1342,504,126,590,630,3.58,1.22
2014,113,Cincinnati Reds,1446.0,1290,507,163,576,612,3.59,1.24
2014,158,Milwaukee Brewers,1457.67,1246,431,167,594,657,3.67,1.25
2014,147,New York Yankees,1453.0,1370,398,164,605,664,3.75,1.23
2014,146,Miami Marlins,1457.67,1190,458,114,613,674,3.78,1.33
2014,143,Philadelphia Phillies,1468.33,1255,521,134,619,687,3.79,1.31
2014,112,Chicago Cubs,1463.33,1311,504,115,636,707,3.91,1.3
2014,141,Toronto Blue Jays,1443.0,1199,490,151,642,686,4.0,1.31
2014,111,Boston Red Sox,1465.67,1213,482,154,653,715,4.01,1.32
2014,116,Detroit Tigers,1454.0,1244,462,127,648,705,4.01,1.33
2014,117,Houston Astros,1438.67,1137,484,139,657,723,4.11,1.34
2014,109,Arizona Diamondbacks,1444.33,1278,469,154,683,742,4.26,1.34
2014,145,Chicago White Sox,1441.0,1152,557,140,687,758,4.29,1.41
2014,140,Texas Rangers,1426.33,1110,505,160,711,773,4.49,1.41
2014,142,Minnesota Twins,1435.0,1031,408,147,728,777,4.57,1.39
2014,115,Colorado Rockies,1431.0,1074,531,173,770,818,4.84,1.44
2015,138,St. Louis Cardinals,1464.67,1329,477,123,478,525,2.94,1.25
2015,134,Pittsburgh Pirates,1489.67,1338,453,110,532,596,3.21,1.24
2015,112,Chicago Cubs,1461.33,1431,407,134,546,608,3.36,1.15
2015,121,New York Mets,1462.67,1337,383,152,557,613,3.43,1.18
2015,119,Los Angeles Dodgers,1445.67,1396,395,145,553,595,3.44,1.18
2015,117,Houston Astros,1441.0,1280,423,148,572,618,3.57,1.2
2015,120,Washington Nationals,1434.67,1342,364,145,577,635,3.62,1.21
2015,114,Cleveland Indians,1432.67,1407,425,161,584,640,3.67,1.19
2015,137,San Francisco Giants,1444.33,1165,431,155,597,627,3.72,1.23
2015,118,Kansas City Royals,1452.0,1160,489,155,601,641,3.73,1.28
2015,139,Tampa Bay Rays,1453.33,1355,477,175,604,642,3.74,1.23
2015,141,Toronto Blue Jays,1441.0,1117,397,173,609,670,3.8,1.21
2015,108,Los Angeles Angels,1440.67,1221,466,166,630,675,3.94,1.26
2015,145,Chicago White Sox,1452.67,1359,474,162,643,701,3.98,1.32
2015,146,Miami Marlins,1427.0,1152,508,141,638,678,4.02,1.32
2015,147,New York Yankees,1457.67,1370,474,182,652,698,4.03,1.3
2015,109,Arizona Diamondbacks,1466.67,1215,500,182,659,713,4.04,1.33
2015,110,Baltimore Orioles,1434.67,1233,483,174,646,693,4.05,1.32
2015,142,Minnesota Twins,1443.0,1046,413,163,653,700,4.07,1.33
2015,135,San Diego Padres,1440.33,1393,516,171,655,731,4.09,1.31
2015,133,Oakland Athletics,1444.67,1179,474,172,664,729,4.14,1.3
2015,136,Seattle Mariners,1463.0,1283,491,181,677,726,4.16,1.31
2015,140,Texas Rangers,1442.67,1095,508,171,680,733,4.24,1.36
2015,158,Milwaukee Brewers,1435.0,1260,517,176,682,737,4.28,1.36
2015,111,Boston Red Sox,1448.33,1218,478,178,694,753,4.31,1.36
2015,113,Cincinnati Reds,1453.33,1252,544,177,700,754,4.33,1.36
2015,144,Atlanta Braves,1425.33,1148,550,170,698,760,4.41,1.41
2015,116,Detroit Tigers,1447.0,1100,489,193,746,803,4.64,1.37
2015,143,Philadelphia Phillies,1436.33,1153,488,191,749,809,4.69,1.45
2015,115,Colorado Rockies,1426.33,1112,579,183,799,844,5.04,1.51
2016,112,Chicago Cubs,1459.67,1441,495,163,511,556,3.15,1.11
2016,120,Washington Nationals,1459.67,1476,468,155,570,612,3.51,1.19
2016,121,New York Mets,1447.0,1396,439,152,574,617,3.57,1.27
2016,137,San Francisco Giants,1460.33,1309,439,158,593,631,3.65,1.21
2016,119,Los Angeles Dodgers,1453.0,1510,464,165,598,638,3.7,1.19
2016,141,Toronto Blue Jays,1459.33,1314,461,183,613,666,3.78,1.23
2016,114,Cleveland Indians,1445.0,1398,461,186,617,676,3.84,1.24
2016,136,Seattle Mariners,1457.0,1318,460,213,647,707,4.0,1.28
2016,111,Boston Red Sox,1439.67,1362,490,176,640,694,4.0,1.27
2016,146,Miami Marlins,1435.0,1379,595,152,646,682,4.05,1.36
2016,117,Houston Astros,1468.0,1396,453,181,663,701,4.06,1.29
2016,138,St. Louis Cardinals,1448.33,1290,475,159,656,712,4.08,1.32
2016,158,Milwaukee Brewers,1434.33,1175,532,178,650,733,4.08,1.38
2016,145,Chicago White Sox,1446.67,1270,521,185,659,715,4.1,1.34
2016,147,New York Yankees,1428.33,1393,444,214,660,702,4.16,1.26
2016,139,Tampa Bay Rays,1426.33,1357,491,210,665,713,4.2,1.32
2016,118,Kansas City Royals,1440.0,1287,517,206,674,712,4.21,1.35
2016,134,Pittsburgh Pirates,1450.67,1232,533,180,679,758,4.21,1.39
2016,110,Baltimore Orioles,1432.0,1248,545,183,671,715,4.22,1.36
2016,116,Detroit Tigers,1428.0,1232,462,182,672,721,4.24,1.32
2016,108,Los Angeles Angels,1421.33,1136,498,208,676,727,4.28,1.39
2016,140,Texas Rangers,1443.0,1154,534,201,700,757,4.37,1.37
2016,135,San Diego Padres,1440.0,1222,569,183,708,770,4.43,1.38
2016,144,Atlanta Braves,1447.67,1227,547,177,725,779,4.51,1.35
2016,133,Oakland Athletics,1433.33,1188,464,185,718,761,4.51,1.34
2016,143,Philadelphia Phillies,1437.0,1299,466,213,739,796,4.63,1.35
2016,115,Colorado Rockies,1429.33,1223,547,181,779,860,4.91,1.45
2016,113,Cincinnati Reds,1442.0,1241,636,258,786,854,4.91,1.45
2016,142,Minnesota Twins,1443.0,1191,479,221,814,889,5.08,1.45
2016,109,Arizona Diamondbacks,1451.33,1318,603,202,821,890,5.09,1.49
2017,114,Cleveland Indians,1440.67,1614,406,163,529,564,3.3,1.16
2017,119,Los Angeles Dodgers,1444.67,1549,442,184,543,580,3.38,1.15
2017,109,Arizona Diamondbacks,1441.0,1482,516,171,586,659,3.66,1.27
2017,111,Boston Red Sox,1482.33,1580,465,195,610,668,3.7,1.25
2017,147,New York Yankees,1448.67,1560,504,192,599,660,3.72,1.21
2017,120,Washington Nationals,1446.67,1457,495,189,623,672,3.88,1.24
2017,112,Chicago Cubs,1447.33,1439,554,194,636,695,3.95,1.28
2017,139,Tampa Bay Rays,1445.0,1352,503,193,638,704,3.97,1.26
2017,158,Milwaukee Brewers,1445.67,1346,553,185,642,697,4.0,1.34
2017,138,St. Louis Cardinals,1450.33,1351,493,183,646,705,4.01,1.3
2017,117,Houston Astros,1446.0,1593,522,192,662,700,4.12,1.27
2017,108,Los Angeles Angels,1440.67,1312,470,224,672,709,4.2,1.28
2017,134,Pittsburgh Pirates,1440.67,1262,511,182,676,731,4.22,1.37
2017,141,Toronto Blue Jays,1465.0,1372,549,203,720,784,4.42,1.37
2017,136,Seattle Mariners,1440.33,1244,490,237,713,772,4.46,1.31
2017,137,San Francisco Giants,1452.0,1234,496,182,726,776,4.5,1.38
2017,115,Colorado Rockies,1437.67,1270,532,190,721,757,4.51,1.38
2017,143,Philadelphia Phillies,1441.0,1309,527,221,729,782,4.55,1.39
2017,142,Minnesota Twins,1436.0,1166,483,224,732,788,4.59,1.37
2017,118,Kansas City Royals,1437.67,1216,519,196,737,791,4.61,1.39
2017,140,Texas Rangers,1434.33,1107,559,214,742,816,4.66,1.4
2017,135,San Diego Padres,1430.67,1325,554,226,742,816,4.67,1.38
2017,133,Oakland Athletics,1431.0,1202,502,210,743,826,4.67,1.36
2017,144,Atlanta Braves,1441.33,1258,584,192,756,821,4.72,1.42
2017,145,Chicago White Sox,1421.67,1193,632,242,755,820,4.78,1.42
2017,146,Miami Marlins,1442.67,1202,627,193,772,822,4.82,1.44
2017,110,Baltimore Orioles,1441.0,1233,579,242,795,841,4.97,1.45
2017,121,New York Mets,1434.67,1374,593,220,799,863,5.01,1.49
2017,113,Cincinnati Reds,1430.0,1300,631,248,821,869,5.17,1.45
2017,116,Detroit Tigers,1420.33,1202,538,218,846,894,5.36,1.5
2018,117,Houston Astros,1455.0,1687,435,152,503,534,3.11,1.1
2018,119,Los Angeles Dodgers,1476.0,1565,422,179,554,610,3.38,1.15
2018,112,Chicago Cubs,1476.33,1333,622,157,598,645,3.65,1.31
2018,109,Arizona Diamondbacks,1463.0,1448,522,174,605,644,3.72,1.25
2018,158,Milwaukee Brewers,1461.0,1428,553,173,606,659,3.73,1.24
2018,139,Tampa Bay Rays,1448.33,1421,501,164,602,646,3.74,1.2
2018,144,Atlanta Braves,1456.67,1423,635,153,607,657,3.75,1.28
2018,111,Boston Red Sox,1458.67,1558,512,176,608,647,3.75,1.25
2018,114,Cleveland Indians,1457.33,1544,407,200,611,648,3.77,1.2
2018,147,New York Yankees,1456.33,1634,494,177,611,669,3.78,1.24
2018,133,Oakland Athletics,1465.67,1237,474,184,621,674,3.81,1.21
2018,138,St. Louis Cardinals,1455.33,1337,593,144,622,691,3.85,1.34
2018,137,San Francisco Giants,1461.33,1269,524,156,641,699,3.95,1.31
2018,134,Pittsburgh Pirates,1434.0,1336,497,174,637,693,4.0,1.31
2018,120,Washington Nationals,1446.0,1417,487,198,649,682,4.04,1.25
2018,121,New York Mets,1460.67,1446,484,185,661,707,4.07,1.27
2018,136,Seattle Mariners,1448.67,1328,400,195,664,711,4.13,1.24
2018,143,Philadelphia Phillies,1445.67,1465,500,171,665,728,4.14,1.29
2018,108,Los Angeles Angels,1437.33,1386,546,205,662,722,4.15,1.32
2018,115,Colorado Rockies,1452.33,1409,525,184,699,745,4.33,1.31
2018,135,San Diego Padres,1457.0,1399,519,185,713,767,4.4,1.34
2018,142,Minnesota Twins,1443.33,1377,573,198,721,775,4.5,1.38
2018,116,Detroit Tigers,1425.33,1215,491,216,726,796,4.58,1.34
2018,113,Cincinnati Reds,1441.0,1258,532,228,741,819,4.63,1.4
2018,146,Miami Marlins,1442.0,1249,605,192,762,809,4.76,1.38
2018,145,Chicago White Sox,1437.0,1259,653,196,771,848,4.83,1.43
2018,141,Toronto Blue Jays,1433.67,1298,551,208,772,832,4.85,1.41
2018,140,Texas Rangers,1431.0,1121,491,222,783,848,4.92,1.4
2018,118,Kansas City Royals,1432.0,1157,549,205,786,833,4.94,1.46
2018,110,Baltimore Orioles,1431.0,1203,589,234,824,892,5.18,1.5
2019,119,Los Angeles Dodgers,1445.67,1519,392,185,541,613,3.37,1.1
2019,139,Tampa Bay Rays,1474.33,1621,453,181,598,656,3.65,1.17
2019,117,Houston Astros,1462.33,1671,448,230,595,640,3.66,1.13
2019,114,Cleveland Indians,1437.67,1508,450,207,601,657,3.76,1.22
2019,138,St. Louis Cardinals,1444.0,1399,545,191,609,662,3.8,1.27
2019,133,Oakland Athletics,1465.0,1299,477,201,646,680,3.97,1.24
2019,112,Chicago Cubs,1442.0,1444,534,195,657,717,4.1,1.32
2019,113,Cincinnati Reds,1438.0,1552,536,214,668,711,4.18,1.26
2019,142,Minnesota Twins,1463.33,1463,452,198,680,754,4.18,1.3
2019,144,Atlanta Braves,1450.67,1393,548,203,675,743,4.19,1.36
2019,121,New York Mets,1461.0,1520,500,204,688,737,4.24,1.3
2019,109,Arizona Diamondbacks,1465.0,1427,516,220,691,743,4.25,1.31
2019,120,Washington Nationals,1439.33,1511,517,202,683,724,4.27,1.29
2019,147,New York Yankees,1443.0,1534,507,248,691,739,4.31,1.3
2019,137,San Francisco Giants,1469.0,1368,519,227,715,773,4.38,1.3
2019,158,Milwaukee Brewers,1459.33,1497,570,225,713,766,4.4,1.33
2019,143,Philadelphia Phillies,1453.67,1392,546,258,731,794,4.53,1.37
2019,135,San Diego Padres,1432.0,1475,463,215,732,789,4.6,1.3
2019,111,Boston Red Sox,1471.0,1633,605,215,768,828,4.7,1.38
2019,146,Miami Marlins,1444.33,1378,615,236,760,808,4.74,1.35
2019,141,Toronto Blue Jays,1440.33,1332,604,228,767,828,4.79,1.43
2019,145,Chicago White Sox,1412.67,1312,582,238,769,832,4.9,1.43
2019,136,Seattle Mariners,1439.33,1239,505,260,798,893,4.99,1.38
2019,140,Texas Rangers,1438.0,1379,583,241,808,878,5.06,1.46
2019,108,Los Angeles Angels,1442.67,1404,576,267,820,868,5.12,1.38
2019,134,Pittsburgh Pirates,1440.0,1443,584,241,829,911,5.18,1.45
2019,118,Kansas City Royals,1425.0,1230,582,221,824,869,5.2,1.48
2019,116,Detroit Tigers,1433.0,1368,536,250,835,915,5.24,1.46
2019,115,Colorado Rockies,1448.67,1264,589,270,895,958,5.56,1.49
2019,110,Baltimore Orioles,1443.0,1248,561,305,897,981,5.59,1.46
2020,119,Los Angeles Dodgers,538.67,517,145,66,181,213,3.02,1.06
2020,114,Cleveland Indians,536.0,621,157,68,196,209,3.29,1.11
2020,139,Tampa Bay Rays,527.67,552,168,70,209,229,3.56,1.22
2020,142,Minnesota Twins,513.33,535,170,62,204,215,3.58,1.2
2020,133,Oakland Athletics,515.33,506,165,69,216,232,3.77,1.23
2020,145,Chicago White Sox,527.0,523,217,71,223,246,3.81,1.26
2020,113,Cincinnati Reds,504.0,615,213,67,215,243,3.84,1.22
2020,135,San Diego Padres,520.33,565,170,70,223,241,3.86,1.2
2020,138,St. Louis Cardinals,473.0,464,204,69,205,229,3.9,1.23
2020,112,Chicago Cubs,518.33,523,182,74,230,240,3.99,1.22
2020,158,Milwaukee Brewers,517.33,614,189,67,239,264,4.16,1.23
2020,118,Kansas City Royals,517.0,517,211,76,247,272,4.3,1.38
2020,117,Houston Astros,524.0,526,217,70,251,275,4.31,1.31
2020,147,New York Yankees,500.67,528,168,83,242,270,4.35,1.24
2020,144,Atlanta Braves,524.33,506,220,69,257,288,4.41,1.36
2020,110,Baltimore Orioles,518.67,487,192,79,260,294,4.51,1.31
2020,141,Toronto Blue Jays,524.67,519,250,81,268,312,4.6,1.46
2020,137,San Francisco Giants,517.67,488,210,69,267,297,4.64,1.32
2020,134,Pittsburgh Pirates,513.0,536,249,80,267,298,4.68,1.36
2020,109,Arizona Diamondbacks,518.33,524,235,93,279,295,4.84,1.43
2020,146,Miami Marlins,504.0,451,226,82,272,304,4.86,1.45
2020,121,New York Mets,513.33,574,219,81,284,308,4.98,1.42
2020,140,Texas Rangers,516.67,489,236,81,288,312,5.02,1.38
2020,136,Seattle Mariners,516.67,469,230,79,289,303,5.03,1.38
2020,108,Los Angeles Angels,525.33,523,199,82,297,321,5.09,1.32
2020,120,Washington Nationals,503.67,508,216,94,285,301,5.09,1.52
2020,143,Philadelphia Phillies,497.0,532,185,80,284,311,5.14,1.48
2020,111,Boston Red Sox,524.0,537,252,98,325,351,5.58,1.6
2020,115,Colorado Rockies,526.33,393,205,83,327,353,5.59,1.49
2020,116,Detroit Tigers,492.33,444,192,91,308,318,5.63,1.43
2021,119,Los Angeles Dodgers,1452.0,1599,486,161,486,561,3.01,1.1
2021,137,San Francisco Giants,1455.0,1425,416,151,524,594,3.24,1.15
2021,158,Milwaukee Brewers,1436.0,1618,537,168,558,623,3.5,1.18
2021,139,Tampa Bay Rays,1455.67,1478,436,184,593,651,3.67,1.17
2021,145,Chicago White Sox,1403.33,1588,485,182,581,636,3.73,1.2
2021,147,New York Yankees,1435.33,1569,492,196,596,669,3.74,1.21
2021,117,Houston Astros,1445.0,1456,549,187,607,658,3.78,1.23
2021,144,Atlanta Braves,1410.67,1417,516,183,608,656,3.88,1.24
2021,121,New York Mets,1379.33,1453,475,190,597,668,3.9,1.23
2021,141,Toronto Blue Jays,1405.33,1468,473,209,610,663,3.91,1.23
2021,146,Miami Marlins,1415.0,1381,529,162,622,701,3.96,1.28
2021,138,St. Louis Cardinals,1417.0,1225,608,152,626,672,3.98,1.3
2021,133,Oakland Athletics,1433.0,1332,439,191,640,687,4.02,1.26
2021,135,San Diego Padres,1430.0,1517,516,205,651,708,4.1,1.25
2021,111,Boston Red Sox,1419.0,1527,546,176,671,749,4.26,1.38
2021,136,Seattle Mariners,1440.33,1328,485,197,688,748,4.3,1.28
2021,116,Detroit Tigers,1419.67,1259,571,199,681,756,4.32,1.37
2021,114,Cleveland Indians,1408.0,1391,522,216,679,727,4.34,1.28
2021,143,Philadelphia Phillies,1418.67,1480,509,200,692,745,4.39,1.29
2021,113,Cincinnati Reds,1434.33,1524,617,206,702,760,4.4,1.36
2021,118,Kansas City Royals,1417.33,1344,591,189,731,788,4.64,1.39
2021,108,Los Angeles Angels,1421.67,1453,592,188,741,804,4.69,1.38
2021,140,Texas Rangers,1424.33,1239,513,232,758,815,4.79,1.34
2021,120,Washington Nationals,1394.33,1346,548,247,743,820,4.8,1.37
2021,115,Colorado Rockies,1397.0,1269,539,196,748,796,4.82,1.39
2021,142,Minnesota Twins,1419.33,1317,484,239,762,834,4.83,1.32
2021,112,Chicago Cubs,1412.67,1358,596,235,765,839,4.87,1.4
2021,134,Pittsburgh Pirates,1396.33,1312,606,213,788,833,5.08,1.44
2021,109,Arizona Diamondbacks,1417.33,1238,555,232,804,893,5.11,1.44
2021,110,Baltimore Orioles,1402.0,1234,563,258,910,956,5.84,1.48
2022,119,Los Angeles Dodgers,1451.33,1465,407,152,451,513,2.8,1.05
2022,117,Houston Astros,1445.33,1524,458,134,465,518,2.9,1.09
2022,147,New York Yankees,1451.67,1459,444,157,532,567,3.3,1.12
2022,139,Tampa Bay Rays,1435.67,1384,384,172,544,614,3.41,1.15
2022,144,Atlanta Braves,1448.0,1554,500,148,556,609,3.46,1.19
2022,114,Cleveland Guardians,1456.0,1390,435,172,560,634,3.46,1.16
2022,121,New York Mets,1438.67,1565,428,169,570,606,3.57,1.18
2022,136,Seattle Mariners,1447.0,1391,447,186,577,623,3.59,1.19
2022,108,Los Angeles Angels,1435.67,1383,540,168,601,668,3.77,1.24
2022,138,St. Louis Cardinals,1435.67,1177,489,146,605,637,3.79,1.27
2022,135,San Diego Padres,1443.33,1451,468,173,611,660,3.81,1.2
2022,158,Milwaukee Brewers,1446.0,1530,521,190,615,688,3.83,1.22
2022,137,San Francisco Giants,1433.0,1370,441,132,613,697,3.85,1.28
2022,146,Miami Marlins,1437.33,1437,511,173,618,676,3.87,1.27
2022,141,Toronto Blue Jays,1441.33,1390,424,180,620,679,3.87,1.23
2022,145,Chicago White Sox,1447.67,1450,533,166,631,717,3.92,1.29
2022,110,Baltimore Orioles,1433.33,1214,443,171,632,688,3.97,1.29
2022,143,Philadelphia Phillies,1428.33,1423,463,150,630,685,3.97,1.26
2022,142,Minnesota Twins,1437.0,1336,468,184,636,684,3.98,1.24
2022,112,Chicago Cubs,1443.67,1383,540,207,642,731,4.0,1.3
2022,116,Detroit Tigers,1419.67,1195,511,167,637,713,4.04,1.3
2022,140,Texas Rangers,1435.0,1314,581,169,673,743,4.22,1.34
2022,109,Arizona Diamondbacks,1430.0,1216,504,191,676,740,4.25,1.29
2022,133,Oakland Athletics,1426.33,1203,503,195,717,770,4.52,1.33
2022,111,Boston Red Sox,1431.0,1346,526,185,721,787,4.53,1.35
2022,134,Pittsburgh Pirates,1421.0,1250,586,164,735,817,4.66,1.42
2022,118,Kansas City Royals,1416.0,1191,589,173,740,810,4.7,1.47
2022,113,Cincinnati Reds,1423.33,1414,612,213,768,815,4.86,1.39
2022,120,Washington Nationals,1411.67,1220,558,244,785,855,5.0,1.44
2022,115,Colorado Rockies,1425.33,1187,539,184,802,873,5.06,1.44
2023,158,Milwaukee Brewers,1443.0,1425,493,198,595,647,3.71,1.19
2023,135,San Diego Padres,1441.0,1445,557,174,598,648,3.73,1.27
2023,136,Seattle Mariners,1449.33,1459,421,184,602,659,3.74,1.19
2023,141,Toronto Blue Jays,1451.67,1528,488,198,610,671,3.78,1.25
2023,139,Tampa Bay Rays,1442.0,1507,439,177,618,665,3.86,1.18
2023,142,Minnesota Twins,1451.33,1560,443,194,624,659,3.87,1.2
2023,110,Baltimore Orioles,1453.67,1431,473,177,629,678,3.89,1.24
2023,117,Houston Astros,1445.33,1460,537,201,632,698,3.94,1.28
2023,114,Cleveland Guardians,1444.0,1311,534,173,635,697,3.96,1.31
2023,147,New York Yankees,1439.67,1439,508,195,635,698,3.97,1.24
2023,137,San Francisco Giants,1434.67,1359,403,173,641,719,4.02,1.25
2023,143,Philadelphia Phillies,1442.33,1454,470,185,646,715,4.03,1.24
2023,119,Los Angeles Dodgers,1446.33,1388,454,200,652,699,4.06,1.2
2023,112,Chicago Cubs,1435.33,1377,513,179,651,723,4.08,1.28
2023,144,Atlanta Braves,1440.0,1516,534,187,662,716,4.14,1.3
2023,146,Miami Marlins,1435.33,1490,514,191,672,723,4.21,1.29
2023,116,Detroit Tigers,1442.33,1374,476,187,680,740,4.24,1.25
2023,140,Texas Rangers,1436.33,1351,491,198,683,716,4.28,1.27
2023,121,New York Mets,1416.33,1397,595,190,676,729,4.3,1.36
2023,109,Arizona Diamondbacks,1435.33,1351,525,197,714,761,4.48,1.32
2023,111,Boston Red Sox,1430.0,1423,497,208,718,776,4.52,1.34
2023,134,Pittsburgh Pirates,1430.0,1363,596,179,731,790,4.6,1.38
2023,108,Los Angeles Angels,1431.67,1445,636,209,738,829,4.64,1.42
2023,138,St. Louis Cardinals,1428.33,1215,530,179,760,829,4.79,1.46
2023,113,Cincinnati Reds,1439.33,1381,613,222,772,821,4.83,1.42
2023,145,Chicago White Sox,1431.67,1470,654,214,774,841,4.87,1.42
2023,120,Washington Nationals,1428.33,1225,592,245,797,845,5.02,1.47
2023,118,Kansas City Royals,1409.0,1270,553,207,809,859,5.17,1.41
2023,133,Oakland Athletics,1419.67,1300,694,213,865,924,5.48,1.52
2023,115,Colorado Rockies,1414.0,1129,586,234,891,957,5.67,1.55
2024,144,Atlanta Braves,1443.33,1553,449,150,559,607,3.49,1.2
2024,136,Seattle Mariners,1433.0,1416,369,183,556,607,3.49,1.08
2024,114,Cleveland Guardians,1428.0,1410,492,179,572,621,3.61,1.2
2024,116,Detroit Tigers,1447.0,1354,416,159,581,642,3.61,1.16
2024,158,Milwaukee Brewers,1446.0,1373,494,196,586,641,3.65,1.23
2024,117,Houston Astros,1432.0,1479,544,183,595,649,3.74,1.24
2024,147,New York Yankees,1452.67,1457,533,181,604,668,3.74,1.24
2024,118,Kansas City Royals,1428.0,1339,472,146,596,644,3.76,1.24
2024,139,Tampa Bay Rays,1440.67,1406,445,196,604,663,3.77,1.2
2024,112,Chicago Cubs,1432.33,1348,485,181,602,669,3.78,1.25
2024,143,Philadelphia Phillies,1442.67,1433,444,181,617,671,3.85,1.24
2024,135,San Diego Padres,1439.33,1453,462,169,617,669,3.86,1.22
2024,119,Los Angeles Dodgers,1445.67,1390,501,198,626,686,3.9,1.23
2024,110,Baltimore Orioles,1442.0,1380,481,175,632,699,3.94,1.24
2024,121,New York Mets,1442.33,1455,586,165,634,697,3.96,1.26
2024,138,St. Louis Cardinals,1444.0,1308,454,174,648,719,4.04,1.26
2024,111,Boston Red Sox,1452.67,1353,461,189,652,747,4.04,1.26
2024,113,Cincinnati Reds,1428.0,1370,487,196,649,694,4.09,1.25
2024,137,San Francisco Giants,1433.67,1436,526,153,653,699,4.1,1.3
2024,134,Pittsburgh Pirates,1438.67,1356,515,166,664,739,4.15,1.31
2024,142,Minnesota Twins,1440.33,1500,433,190,682,735,4.26,1.23
2024,141,Toronto Blue Jays,1427.33,1314,503,208,681,743,4.29,1.27
2024,120,Washington Nationals,1434.0,1314,473,168,685,764,4.3,1.33
2024,140,Texas Rangers,1427.67,1371,530,198,690,738,4.35,1.3
2024,133,Oakland Athletics,1436.67,1263,530,169,698,764,4.37,1.33
2024,108,Los Angeles Angels,1431.0,1252,601,202,725,797,4.56,1.35
2024,109,Arizona Diamondbacks,1443.33,1313,481,181,741,788,4.62,1.35
2024,145,Chicago White Sox,1420.0,1366,643,201,737,813,4.67,1.44
2024,146,Miami Marlins,1437.33,1317,556,195,755,841,4.73,1.38
2024,115,Colorado Rockies,1426.67,1118,563,221,867,929,5.47,1.52
2025,140,Texas Rangers,1443.0,1344,463,172,557,605,3.47,1.18
2025,158,Milwaukee Brewers,1442.0,1432,534,168,574,634,3.58,1.23
2025,135,San Diego Padres,1433.0,1425,535,178,578,621,3.63,1.21
2025,114,Cleveland Guardians,1442.0,1381,527,169,593,649,3.7,1.26
2025,111,Boston Red Sox,1448.33,1361,530,164,596,676,3.7,1.29
2025,118,Kansas City Royals,1436.67,1271,478,171,596,637,3.73,1.24
2025,134,Pittsburgh Pirates,1430.67,1314,473,153,598,645,3.76,1.22
2025,143,Philadelphia Phillies,1440.33,1471,435,177,607,648,3.79,1.23
2025,112,Chicago Cubs,1435.0,1265,405,202,605,649,3.79,1.18
2025,137,San Francisco Giants,1433.67,1358,506,143,609,684,3.82,1.3
2025,117,Houston Astros,1442.0,1504,508,199,619,665,3.86,1.22
2025,113,Cincinnati Reds,1435.0,1380,494,190,616,681,3.86,1.22
2025,136,Seattle Mariners,1462.67,1426,454,192,629,694,3.87,1.22
2025,147,New York Yankees,1439.67,1440,557,175,625,685,3.91,1.25
2025,139,Tampa Bay Rays,1431.33,1416,474,205,627,683,3.94,1.22
2025,116,Detroit Tigers,1436.33,1375,485,187,630,691,3.95,1.25
2025,119,Los Angeles Dodgers,1441.0,1505,563,175,633,683,3.95,1.26
2025,121,New York Mets,1432.0,1387,556,149,641,715,4.03,1.32
2025,141,Toronto Blue Jays,1438.0,1430,517,209,669,721,4.19,1.27
2025,145,Chicago White Sox,1416.0,1286,595,189,671,742,4.26,1.36
2025,138,St. Louis Cardinals,1432.0,1209,461,170,682,754,4.29,1.32
2025,144,Atlanta Braves,1438.0,1416,530,197,696,734,4.36,1.31
2025,109,Arizona Diamondbacks,1444.0,1288,500,196,721,785,4.49,1.32
2025,142,Minnesota Twins,1426.67,1372,459,194,721,773,4.55,1.31
2025,146,Miami Marlins,1443.33,1294,507,199,737,798,4.6,1.3
2025,110,Baltimore Orioles,1432.67,1351,523,217,733,788,4.6,1.37
2025,133,Athletics,1437.67,1323,570,222,750,817,4.7,1.36
2025,108,Los Angeles Angels,1431.33,1280,620,223,777,837,4.89,1.43
2025,120,Washington Nationals,1423.33,1248,566,214,846,899,5.35,1.45
2025,115,Colorado Rockies,1407.33,1093,554,251,933,1021,5.97,1.58
2026,144,Atlanta Braves,614.67,602,224,72,223,243,3.27,1.17
2026,147,New York Yankees,603.33,583,210,59,225,247,3.36,1.18
2026,119,Los Angeles Dodgers,616.33,624,197,70,230,238,3.36,1.1
2026,158,Milwaukee Brewers,600.33,654,227,62,228,249,3.42,1.21
2026,136,Seattle Mariners,633.0,610,185,69,251,273,3.57,1.18
2026,140,Texas Rangers,603.33,567,213,77,251,269,3.74,1.23
2026,114,Cleveland Guardians,629.33,648,236,83,265,291,3.79,1.26
2026,111,Boston Red Sox,590.33,563,206,72,255,273,3.89,1.28
2026,121,New York Mets,618.67,630,251,65,268,295,3.9,1.28
2026,139,Tampa Bay Rays,593.0,519,199,78,258,289,3.92,1.23
2026,135,San Diego Padres,604.0,573,242,69,265,277,3.95,1.29
2026,116,Detroit Tigers,612.67,561,228,67,270,297,3.97,1.28
2026,143,Philadelphia Phillies,614.33,649,191,70,276,296,4.04,1.3
2026,141,Toronto Blue Jays,619.67,625,229,73,281,304,4.08,1.27
2026,138,St. Louis Cardinals,601.67,518,226,73,274,296,4.1,1.34
2026,146,Miami Marlins,616.0,601,248,66,281,305,4.11,1.25
2026,109,Arizona Diamondbacks,608.67,481,210,81,286,315,4.23,1.28
2026,145,Chicago White Sox,603.67,550,254,72,285,310,4.25,1.3
2026,112,Chicago Cubs,621.33,560,209,103,294,314,4.26,1.24
2026,134,Pittsburgh Pirates,629.67,634,262,64,298,339,4.26,1.31
2026,118,Kansas City Royals,620.33,566,271,87,307,329,4.45,1.39
2026,110,Baltimore Orioles,629.33,544,246,80,317,362,4.53,1.4
2026,137,San Francisco Giants,619.67,550,276,72,314,345,4.56,1.4
2026,133,Athletics,618.33,570,265,93,317,343,4.61,1.41
2026,108,Los Angeles Angels,618.33,621,332,72,319,353,4.64,1.44
2026,120,Washington Nationals,630.67,541,256,101,332,375,4.74,1.39
2026,113,Cincinnati Reds,607.0,532,310,94,320,345,4.74,1.47
2026,142,Minnesota Twins,624.33,576,264,76,334,367,4.81,1.4
2026,117,Houston Astros,626.33,594,332,89,341,361,4.9,1.44
2026,115,Colorado Rockies,615.0,508,235,96,380,403,5.56,1.52
