year,team_id,team,PA,AB,HR,BB,SO,R,AVG,OBP,SLG,OPS
1985,111,Boston Red Sox,6420,5720,162,562,816,800,0.282,0.347,0.429,0.776
1985,141,Toronto Blue Jays,6107,5508,158,503,807,759,0.269,0.331,0.425,0.756
1985,147,New York Yankees,6236,5458,176,620,771,839,0.267,0.344,0.425,0.769
1985,114,Cleveland Indians,6121,5527,116,492,817,729,0.265,0.324,0.385,0.709
1985,138,St. Louis Cardinals,6182,5467,87,586,853,747,0.264,0.335,0.379,0.714
1985,133,Oakland Athletics,6215,5581,155,508,861,757,0.264,0.325,0.401,0.726
1985,142,Minnesota Twins,6128,5509,141,502,779,705,0.264,0.326,0.407,0.733
1985,158,Milwaukee Brewers,6158,5568,101,462,746,690,0.263,0.319,0.379,0.698
1985,110,Baltimore Orioles,6212,5517,214,604,908,818,0.263,0.336,0.43,0.766
1985,117,Houston Astros,6192,5582,121,477,873,706,0.261,0.319,0.388,0.707
1985,119,Los Angeles Dodgers,6224,5502,129,539,846,682,0.261,0.328,0.382,0.71
1985,121,New York Mets,6248,5549,134,546,872,695,0.257,0.323,0.385,0.708
1985,136,Seattle Mariners,6185,5521,171,564,942,719,0.255,0.326,0.412,0.738
1985,135,San Diego Padres,6150,5507,109,513,809,650,0.255,0.32,0.368,0.688
1985,113,Cincinnati Reds,6145,5431,114,576,856,677,0.255,0.327,0.376,0.703
1985,112,Chicago Cubs,6177,5492,150,562,937,686,0.254,0.324,0.39,0.714
1985,116,Detroit Tigers,6223,5575,202,526,926,729,0.253,0.318,0.424,0.742
1985,140,Texas Rangers,6005,5362,129,530,819,617,0.253,0.322,0.381,0.703
1985,145,Chicago White Sox,6089,5470,146,471,843,736,0.253,0.315,0.392,0.707
1985,118,Kansas City Royals,6095,5500,154,473,840,687,0.252,0.313,0.401,0.714
1985,108,California Angels,6263,5442,153,648,902,732,0.251,0.333,0.386,0.719
1985,120,Montreal Expos,6053,5429,118,492,880,633,0.247,0.31,0.375,0.685
1985,134,Pittsburgh Pirates,6099,5436,80,514,842,568,0.247,0.311,0.347,0.658
1985,144,Atlanta Braves,6208,5526,126,553,849,632,0.246,0.315,0.363,0.678
1985,143,Philadelphia Phillies,6122,5477,141,527,1095,667,0.245,0.312,0.383,0.695
1985,137,San Francisco Giants,6063,5419,115,488,962,556,0.233,0.3,0.348,0.648
1986,114,Cleveland Indians,6288,5702,157,456,944,831,0.284,0.337,0.43,0.767
1986,147,New York Yankees,6325,5570,188,645,911,797,0.271,0.347,0.43,0.777
1986,111,Boston Red Sox,6255,5498,144,595,707,794,0.271,0.346,0.415,0.761
1986,141,Toronto Blue Jays,6318,5716,181,496,848,809,0.269,0.329,0.427,0.756
1986,140,Texas Rangers,6148,5529,184,511,1088,771,0.267,0.331,0.428,0.759
1986,121,New York Mets,6349,5558,148,631,968,783,0.263,0.339,0.401,0.74
1986,116,Detroit Tigers,6269,5512,198,613,885,798,0.263,0.338,0.424,0.762
1986,135,San Diego Padres,6118,5515,136,484,917,656,0.261,0.321,0.388,0.709
1986,142,Minnesota Twins,6151,5531,196,501,977,741,0.261,0.325,0.428,0.753
1986,110,Baltimore Orioles,6203,5524,169,563,862,708,0.258,0.327,0.395,0.722
1986,112,Chicago Cubs,6127,5499,155,508,966,680,0.256,0.318,0.398,0.716
1986,108,California Angels,6297,5433,167,671,860,786,0.255,0.338,0.404,0.742
1986,117,Houston Astros,6095,5441,125,536,916,654,0.255,0.322,0.381,0.703
1986,158,Milwaukee Brewers,6126,5461,127,530,986,667,0.255,0.321,0.385,0.706
1986,120,Montreal Expos,6174,5508,110,537,1016,637,0.254,0.322,0.379,0.701
1986,113,Cincinnati Reds,6246,5536,144,586,920,732,0.254,0.325,0.387,0.712
1986,137,San Francisco Giants,6212,5501,114,536,1087,698,0.253,0.322,0.375,0.697
1986,136,Seattle Mariners,6187,5498,158,572,1148,718,0.253,0.326,0.399,0.725
1986,143,Philadelphia Phillies,6229,5483,154,589,1154,739,0.253,0.327,0.4,0.727
1986,118,Kansas City Royals,6128,5561,137,474,919,654,0.252,0.313,0.39,0.703
1986,133,Oakland Athletics,6127,5435,163,553,983,731,0.252,0.322,0.39,0.712
1986,119,Los Angeles Dodgers,6101,5471,130,478,966,638,0.251,0.313,0.37,0.683
1986,144,Atlanta Braves,6069,5384,138,538,904,615,0.25,0.319,0.381,0.7
1986,134,Pittsburgh Pirates,6164,5456,111,569,929,663,0.25,0.321,0.374,0.695
1986,145,Chicago White Sox,6030,5406,121,487,940,644,0.247,0.31,0.363,0.673
1986,138,St. Louis Cardinals,6122,5378,58,568,905,601,0.236,0.309,0.327,0.636
1987,111,Boston Red Sox,6359,5586,174,606,825,842,0.278,0.352,0.43,0.782
1987,158,Milwaukee Brewers,6370,5625,163,598,1040,862,0.276,0.346,0.428,0.774
1987,136,Seattle Mariners,6145,5508,161,500,863,760,0.272,0.335,0.428,0.763
1987,116,Detroit Tigers,6444,5649,225,653,913,896,0.272,0.349,0.451,0.8
1987,141,Toronto Blue Jays,6295,5635,215,555,970,845,0.269,0.336,0.446,0.782
1987,121,New York Mets,6335,5601,192,592,1012,823,0.268,0.339,0.434,0.773
1987,113,Cincinnati Reds,6196,5560,192,514,928,783,0.266,0.33,0.427,0.757
1987,140,Texas Rangers,6248,5564,194,567,1081,823,0.266,0.333,0.43,0.763
1987,120,Montreal Expos,6162,5527,120,501,918,741,0.265,0.328,0.401,0.729
1987,134,Pittsburgh Pirates,6225,5536,131,535,914,723,0.264,0.33,0.403,0.733
1987,112,Chicago Cubs,6197,5583,209,504,1064,720,0.264,0.326,0.432,0.758
1987,138,St. Louis Cardinals,6299,5500,94,644,933,798,0.263,0.34,0.378,0.718
1987,114,Cleveland Indians,6212,5606,187,489,977,742,0.263,0.324,0.422,0.746
1987,118,Kansas City Royals,6128,5499,168,523,1034,715,0.262,0.328,0.412,0.74
1987,147,New York Yankees,6222,5511,196,604,949,788,0.262,0.336,0.418,0.754
1987,142,Minnesota Twins,6090,5441,196,523,898,786,0.261,0.328,0.43,0.758
1987,135,San Diego Padres,6177,5456,113,577,993,668,0.26,0.332,0.378,0.71
1987,137,San Francisco Giants,6250,5608,205,511,1094,783,0.26,0.324,0.43,0.754
1987,133,Oakland Athletics,6238,5511,199,593,1056,806,0.26,0.333,0.428,0.761
1987,144,Atlanta Braves,6227,5428,152,641,834,747,0.258,0.339,0.403,0.742
1987,110,Baltimore Orioles,6185,5576,211,524,939,729,0.258,0.322,0.418,0.74
1987,145,Chicago White Sox,6164,5538,173,487,971,748,0.258,0.319,0.415,0.734
1987,143,Philadelphia Phillies,6190,5475,169,587,1109,702,0.254,0.327,0.41,0.737
1987,117,Houston Astros,6149,5485,122,526,936,648,0.253,0.318,0.373,0.691
1987,108,California Angels,6301,5570,172,590,926,770,0.252,0.326,0.401,0.727
1987,119,Los Angeles Dodgers,6114,5517,125,445,923,635,0.252,0.309,0.371,0.68
1988,111,Boston Red Sox,6334,5545,124,623,728,813,0.283,0.357,0.42,0.777
1988,142,Minnesota Twins,6181,5510,151,528,832,759,0.274,0.34,0.421,0.761
1988,141,Toronto Blue Jays,6194,5557,158,521,935,763,0.268,0.332,0.419,0.751
1988,133,Oakland Athletics,6356,5602,156,580,926,800,0.263,0.336,0.399,0.735
1988,147,New York Yankees,6297,5592,148,588,935,772,0.263,0.333,0.395,0.728
1988,108,California Angels,6215,5582,124,469,819,714,0.261,0.321,0.385,0.706
1988,112,Chicago Cubs,6203,5675,113,403,910,660,0.261,0.31,0.383,0.693
1988,114,Cleveland Indians,6046,5505,134,416,866,666,0.261,0.314,0.387,0.701
1988,118,Kansas City Royals,6086,5469,121,486,944,704,0.259,0.321,0.391,0.712
1988,136,Seattle Mariners,6018,5436,148,461,787,664,0.257,0.317,0.398,0.715
1988,158,Milwaukee Brewers,6066,5488,113,439,911,682,0.257,0.314,0.375,0.689
1988,121,New York Mets,6105,5408,152,544,842,703,0.256,0.325,0.396,0.721
1988,140,Texas Rangers,6157,5479,112,542,1022,637,0.252,0.32,0.368,0.688
1988,120,Montreal Expos,6170,5573,107,454,1053,628,0.251,0.309,0.373,0.682
1988,116,Detroit Tigers,6153,5433,143,588,841,703,0.25,0.324,0.378,0.702
1988,138,St. Louis Cardinals,6177,5518,71,484,827,578,0.249,0.309,0.337,0.646
1988,137,San Francisco Giants,6178,5450,113,550,1023,670,0.248,0.318,0.368,0.686
1988,119,Los Angeles Dodgers,6045,5431,99,437,947,628,0.248,0.305,0.352,0.657
1988,135,San Diego Padres,6032,5366,94,494,892,594,0.247,0.31,0.351,0.661
1988,134,Pittsburgh Pirates,6091,5379,110,553,947,651,0.247,0.317,0.369,0.686
1988,113,Cincinnati Reds,6063,5426,122,479,922,641,0.246,0.309,0.368,0.677
1988,117,Houston Astros,6127,5494,96,474,840,617,0.244,0.306,0.351,0.657
1988,145,Chicago White Sox,6039,5449,132,446,908,631,0.244,0.303,0.37,0.673
1988,144,Atlanta Braves,6013,5440,96,432,848,555,0.242,0.298,0.348,0.646
1988,143,Philadelphia Phillies,6055,5403,106,489,981,597,0.239,0.306,0.355,0.661
1988,110,Baltimore Orioles,5979,5358,137,504,869,550,0.238,0.305,0.359,0.664
1989,111,Boston Red Sox,6455,5666,108,643,755,774,0.277,0.351,0.403,0.754
1989,142,Minnesota Twins,6207,5581,117,478,743,740,0.276,0.334,0.402,0.736
1989,145,Chicago White Sox,6132,5504,94,464,873,693,0.271,0.328,0.383,0.711
1989,147,New York Yankees,6096,5458,130,502,831,698,0.269,0.331,0.391,0.722
1989,140,Texas Rangers,6099,5458,122,503,989,695,0.263,0.326,0.394,0.72
1989,133,Oakland Athletics,6110,5416,127,562,855,712,0.261,0.331,0.381,0.712
1989,112,Chicago Cubs,6141,5513,124,472,921,702,0.261,0.319,0.387,0.706
1989,118,Kansas City Royals,6151,5475,101,554,897,690,0.261,0.329,0.373,0.702
1989,141,Toronto Blue Jays,6216,5581,142,521,923,731,0.26,0.323,0.398,0.721
1989,158,Milwaukee Brewers,6085,5473,126,455,791,707,0.259,0.318,0.382,0.7
1989,138,St. Louis Cardinals,6141,5492,73,507,848,632,0.258,0.321,0.363,0.684
1989,136,Seattle Mariners,6134,5512,134,489,838,694,0.257,0.32,0.384,0.704
1989,108,California Angels,6102,5545,145,429,1011,669,0.256,0.311,0.386,0.697
1989,110,Baltimore Orioles,6173,5440,129,593,957,708,0.252,0.326,0.379,0.705
1989,135,San Diego Padres,6120,5422,120,552,1013,642,0.251,0.319,0.369,0.688
1989,137,San Francisco Giants,6139,5469,141,508,1071,699,0.25,0.316,0.39,0.706
1989,120,Montreal Expos,6207,5482,100,572,958,632,0.247,0.319,0.361,0.68
1989,113,Cincinnati Reds,6158,5520,128,493,1028,632,0.247,0.309,0.37,0.679
1989,121,New York Mets,6131,5489,147,504,934,683,0.246,0.311,0.385,0.696
1989,114,Cleveland Indians,6111,5463,127,499,934,604,0.245,0.31,0.365,0.675
1989,143,Philadelphia Phillies,6128,5447,123,558,926,629,0.243,0.314,0.364,0.678
1989,116,Detroit Tigers,6133,5432,116,585,899,617,0.242,0.318,0.351,0.669
1989,134,Pittsburgh Pirates,6261,5539,95,563,914,637,0.241,0.311,0.359,0.67
1989,119,Los Angeles Dodgers,6124,5465,89,507,885,554,0.24,0.306,0.339,0.645
1989,117,Houston Astros,6200,5516,97,530,860,647,0.239,0.306,0.345,0.651
1989,144,Atlanta Braves,6079,5463,128,485,996,584,0.234,0.298,0.35,0.648
1990,111,Boston Red Sox,6234,5516,106,598,795,699,0.272,0.344,0.395,0.739
1990,114,Cleveland Indians,6087,5485,110,458,836,732,0.267,0.324,0.391,0.715
1990,118,Kansas City Royals,6099,5488,100,498,879,707,0.267,0.328,0.395,0.723
1990,113,Cincinnati Reds,6163,5525,125,466,913,693,0.265,0.325,0.399,0.724
1990,142,Minnesota Twins,6086,5499,100,445,749,666,0.265,0.324,0.385,0.709
1990,141,Toronto Blue Jays,6223,5589,167,526,970,767,0.265,0.328,0.419,0.747
1990,112,Chicago Cubs,6149,5600,136,406,869,690,0.263,0.314,0.392,0.706
1990,137,San Francisco Giants,6216,5573,152,488,973,719,0.262,0.323,0.396,0.719
1990,119,Los Angeles Dodgers,6179,5491,129,538,952,728,0.262,0.328,0.382,0.71
1990,108,California Angels,6267,5570,147,566,1000,690,0.26,0.329,0.391,0.72
1990,136,Seattle Mariners,6207,5474,107,596,749,640,0.259,0.333,0.373,0.706
1990,140,Texas Rangers,6177,5469,110,575,1054,676,0.259,0.331,0.376,0.707
1990,134,Pittsburgh Pirates,6161,5388,138,582,914,733,0.259,0.33,0.405,0.735
1990,116,Detroit Tigers,6224,5479,172,634,952,750,0.259,0.337,0.409,0.746
1990,145,Chicago White Sox,6038,5402,106,478,903,682,0.258,0.32,0.379,0.699
1990,135,San Diego Padres,6218,5554,123,509,902,673,0.257,0.32,0.38,0.7
1990,121,New York Mets,6182,5504,172,536,851,775,0.256,0.323,0.408,0.731
1990,138,St. Louis Cardinals,6127,5462,73,517,844,599,0.256,0.32,0.358,0.678
1990,158,Milwaukee Brewers,6185,5503,128,519,821,732,0.256,0.32,0.384,0.704
1990,143,Philadelphia Phillies,6245,5535,103,582,915,646,0.255,0.327,0.363,0.69
1990,133,Oakland Athletics,6240,5433,164,651,992,733,0.254,0.336,0.391,0.727
1990,144,Atlanta Braves,6084,5504,162,473,1010,682,0.25,0.311,0.396,0.707
1990,120,Montreal Expos,6189,5453,114,576,1024,662,0.25,0.322,0.37,0.692
1990,110,Baltimore Orioles,6223,5410,132,660,962,669,0.245,0.33,0.37,0.7
1990,117,Houston Astros,6076,5379,94,548,997,573,0.242,0.313,0.345,0.658
1990,147,New York Yankees,6037,5483,147,427,1027,603,0.241,0.3,0.366,0.666
1991,142,Minnesota Twins,6218,5556,140,526,747,776,0.28,0.344,0.42,0.764
1991,158,Milwaukee Brewers,6311,5611,116,556,802,799,0.271,0.336,0.396,0.732
1991,140,Texas Rangers,6441,5703,177,596,1039,829,0.27,0.341,0.424,0.765
1991,111,Boston Red Sox,6259,5530,126,593,820,731,0.269,0.34,0.401,0.741
1991,118,Kansas City Royals,6244,5584,117,523,969,727,0.264,0.328,0.394,0.722
1991,134,Pittsburgh Pirates,6269,5449,126,620,901,768,0.263,0.338,0.398,0.736
1991,145,Chicago White Sox,6360,5594,139,610,896,758,0.262,0.336,0.391,0.727
1991,113,Cincinnati Reds,6134,5501,164,488,1006,689,0.258,0.32,0.403,0.723
1991,144,Atlanta Braves,6182,5456,141,563,906,749,0.258,0.328,0.393,0.721
1991,141,Toronto Blue Jays,6167,5489,133,499,1043,684,0.257,0.322,0.4,0.722
1991,147,New York Yankees,6140,5541,147,473,861,674,0.256,0.316,0.387,0.703
1991,108,California Angels,6050,5470,115,448,928,653,0.255,0.314,0.374,0.688
1991,136,Seattle Mariners,6237,5494,126,588,811,702,0.255,0.328,0.383,0.711
1991,138,St. Louis Cardinals,6020,5362,68,532,857,651,0.255,0.322,0.357,0.679
1991,114,Cleveland Indians,6070,5470,79,449,888,576,0.254,0.313,0.35,0.663
1991,110,Baltimore Orioles,6257,5604,170,528,974,686,0.254,0.319,0.401,0.72
1991,112,Chicago Cubs,6130,5522,159,442,879,695,0.253,0.309,0.39,0.699
1991,119,Los Angeles Dodgers,6159,5408,108,583,957,665,0.253,0.326,0.359,0.685
1991,133,Oakland Athletics,6192,5410,159,642,981,760,0.248,0.331,0.389,0.72
1991,116,Detroit Tigers,6359,5547,209,699,1185,817,0.247,0.333,0.416,0.749
1991,137,San Francisco Giants,6098,5463,141,471,973,649,0.246,0.309,0.381,0.69
1991,120,Montreal Expos,6035,5411,95,484,1056,579,0.246,0.308,0.357,0.665
1991,117,Houston Astros,6147,5504,79,502,1027,605,0.244,0.309,0.347,0.656
1991,135,San Diego Padres,6057,5408,121,501,1069,636,0.244,0.31,0.362,0.672
1991,121,New York Mets,6077,5359,117,578,789,640,0.244,0.317,0.365,0.682
1991,143,Philadelphia Phillies,6133,5521,111,490,1026,629,0.241,0.303,0.358,0.661
1992,142,Minnesota Twins,6267,5582,104,527,834,747,0.277,0.341,0.391,0.732
1992,158,Milwaukee Brewers,6183,5504,82,511,779,740,0.268,0.33,0.375,0.705
1992,114,Cleveland Indians,6201,5620,127,448,885,674,0.266,0.323,0.383,0.706
1992,136,Seattle Mariners,6180,5564,149,474,841,679,0.263,0.323,0.402,0.725
1992,141,Toronto Blue Jays,6224,5536,163,561,933,780,0.263,0.333,0.414,0.747
1992,138,St. Louis Cardinals,6230,5594,94,495,996,631,0.262,0.323,0.375,0.698
1992,147,New York Yankees,6262,5593,163,536,903,733,0.261,0.328,0.406,0.734
1992,145,Chicago White Sox,6267,5498,110,622,784,738,0.261,0.336,0.383,0.719
1992,113,Cincinnati Reds,6162,5460,99,563,888,660,0.26,0.328,0.382,0.71
1992,110,Baltimore Orioles,6292,5485,148,647,827,705,0.259,0.34,0.398,0.738
1992,133,Oakland Athletics,6275,5387,142,707,831,745,0.258,0.346,0.386,0.732
1992,118,Kansas City Royals,6084,5501,75,439,741,610,0.256,0.315,0.364,0.679
1992,116,Detroit Tigers,6310,5515,182,675,1055,791,0.256,0.337,0.407,0.744
1992,135,San Diego Padres,6074,5476,135,453,864,617,0.255,0.313,0.386,0.699
1992,134,Pittsburgh Pirates,6269,5527,106,569,872,693,0.255,0.324,0.381,0.705
1992,112,Chicago Cubs,6156,5590,104,417,816,593,0.254,0.307,0.364,0.671
1992,144,Atlanta Braves,6143,5480,138,493,924,682,0.254,0.316,0.388,0.704
1992,143,Philadelphia Phillies,6172,5500,118,509,1059,686,0.253,0.32,0.377,0.697
1992,120,Montreal Expos,6120,5477,102,463,976,648,0.252,0.313,0.37,0.683
1992,140,Texas Rangers,6238,5537,159,550,1036,682,0.25,0.321,0.393,0.714
1992,119,Los Angeles Dodgers,6038,5368,72,503,899,548,0.248,0.313,0.339,0.652
1992,117,Houston Astros,6163,5480,96,506,1025,608,0.246,0.313,0.359,0.672
1992,111,Boston Red Sox,6187,5461,84,591,865,599,0.246,0.321,0.347,0.668
1992,137,San Francisco Giants,6070,5456,105,435,1067,574,0.244,0.302,0.355,0.657
1992,108,California Angels,5917,5364,88,416,882,579,0.243,0.301,0.338,0.639
1992,121,New York Mets,6061,5340,93,572,956,599,0.235,0.31,0.342,0.652
1993,147,New York Yankees,6359,5615,178,629,910,821,0.279,0.353,0.435,0.788
1993,141,Toronto Blue Jays,6319,5579,159,588,861,847,0.279,0.35,0.436,0.786
1993,137,San Francisco Giants,6271,5557,168,516,930,808,0.276,0.34,0.427,0.767
1993,114,Cleveland Indians,6267,5619,141,488,843,790,0.275,0.335,0.409,0.744
1993,116,Detroit Tigers,6505,5620,178,765,1122,899,0.275,0.362,0.434,0.796
1993,143,Philadelphia Phillies,6527,5685,156,665,1049,877,0.274,0.351,0.426,0.777
1993,115,Colorado Rockies,6073,5517,142,388,944,758,0.273,0.323,0.422,0.745
1993,138,St. Louis Cardinals,6279,5551,118,588,882,758,0.272,0.341,0.395,0.736
1993,112,Chicago Cubs,6217,5627,161,446,923,738,0.27,0.325,0.414,0.739
1993,140,Texas Rangers,6166,5510,181,483,984,835,0.267,0.329,0.431,0.76
1993,134,Pittsburgh Pirates,6269,5550,110,536,972,707,0.267,0.335,0.393,0.728
1993,117,Houston Astros,6136,5464,138,497,911,716,0.267,0.33,0.409,0.739
1993,110,Baltimore Orioles,6310,5508,157,655,930,786,0.267,0.346,0.413,0.759
1993,145,Chicago White Sox,6253,5483,162,604,834,776,0.265,0.338,0.411,0.749
1993,142,Minnesota Twins,6209,5601,121,493,850,693,0.264,0.327,0.385,0.712
1993,113,Cincinnati Reds,6164,5517,137,485,1025,722,0.264,0.324,0.396,0.72
1993,111,Boston Red Sox,6196,5496,114,508,871,686,0.264,0.33,0.395,0.725
1993,118,Kansas City Royals,6101,5522,125,428,936,675,0.263,0.32,0.397,0.717
1993,144,Atlanta Braves,6234,5515,169,560,946,767,0.262,0.331,0.408,0.739
1993,119,Los Angeles Dodgers,6261,5588,130,492,937,675,0.261,0.321,0.383,0.704
1993,136,Seattle Mariners,6288,5494,161,624,901,734,0.26,0.339,0.406,0.745
1993,108,California Angels,6089,5391,114,564,930,684,0.26,0.331,0.38,0.711
1993,158,Milwaukee Brewers,6222,5525,125,555,932,733,0.258,0.328,0.378,0.706
1993,120,Montreal Expos,6233,5493,122,542,860,732,0.257,0.326,0.386,0.712
1993,133,Oakland Athletics,6295,5543,158,622,1048,715,0.254,0.33,0.394,0.724
1993,135,San Diego Padres,6137,5503,153,443,1046,679,0.252,0.312,0.389,0.701
1993,121,New York Mets,6057,5448,158,448,879,672,0.248,0.305,0.39,0.695
1993,146,Florida Marlins,6127,5475,94,498,1054,581,0.248,0.314,0.346,0.66
1994,147,New York Yankees,4611,3986,139,530,660,670,0.29,0.374,0.462,0.836
1994,114,Cleveland Indians,4493,4022,167,382,629,679,0.29,0.351,0.484,0.835
1994,145,Chicago White Sox,4556,3942,121,497,568,633,0.287,0.366,0.444,0.81
1994,113,Cincinnati Reds,4512,3999,124,388,738,609,0.286,0.35,0.449,0.799
1994,140,Texas Rangers,4531,3983,124,437,730,613,0.28,0.353,0.436,0.789
1994,117,Houston Astros,4500,3955,120,394,718,602,0.278,0.347,0.445,0.792
1994,120,Montreal Expos,4514,4000,108,379,669,585,0.278,0.343,0.435,0.778
1994,142,Minnesota Twins,4409,3952,103,359,635,594,0.276,0.34,0.427,0.767
1994,135,San Diego Padres,4519,4068,92,319,762,479,0.275,0.33,0.401,0.731
1994,115,Colorado Rockies,4493,4006,125,378,761,573,0.274,0.337,0.439,0.776
1994,110,Baltimore Orioles,4386,3856,139,438,655,589,0.272,0.349,0.438,0.787
1994,119,Los Angeles Dodgers,4371,3904,115,366,687,532,0.27,0.333,0.414,0.747
1994,136,Seattle Mariners,4361,3883,153,372,652,569,0.269,0.335,0.451,0.786
1994,118,Kansas City Royals,4391,3911,100,376,698,574,0.269,0.335,0.419,0.754
1994,141,Toronto Blue Jays,4462,3962,115,387,691,566,0.269,0.336,0.424,0.76
1994,144,Atlanta Braves,4349,3861,137,377,668,542,0.267,0.333,0.434,0.767
1994,146,Florida Marlins,4387,3926,94,349,746,468,0.266,0.33,0.396,0.726
1994,116,Detroit Tigers,4574,3955,161,520,897,652,0.265,0.352,0.454,0.806
1994,108,California Angels,4443,3943,120,402,715,543,0.264,0.334,0.409,0.743
1994,111,Boston Red Sox,4446,3940,120,404,723,552,0.263,0.334,0.421,0.755
1994,138,St. Louis Cardinals,4450,3902,108,434,686,535,0.263,0.339,0.414,0.753
1994,158,Milwaukee Brewers,4494,3978,99,417,680,547,0.263,0.335,0.408,0.743
1994,143,Philadelphia Phillies,4436,3927,80,396,711,521,0.262,0.332,0.39,0.722
1994,133,Oakland Athletics,4396,3885,113,417,686,549,0.26,0.33,0.399,0.729
1994,112,Chicago Cubs,4386,3918,109,364,750,500,0.259,0.325,0.404,0.729
1994,134,Pittsburgh Pirates,4301,3864,80,349,725,466,0.259,0.322,0.384,0.706
1994,121,New York Mets,4348,3869,117,336,807,506,0.25,0.316,0.394,0.71
1994,137,San Francisco Giants,4364,3869,123,364,719,504,0.249,0.318,0.402,0.72
1995,114,Cleveland Indians,5686,5028,207,542,766,840,0.291,0.361,0.479,0.84
1995,115,Colorado Rockies,5647,4994,200,484,943,785,0.282,0.35,0.471,0.821
1995,145,Chicago White Sox,5770,5060,146,576,767,755,0.28,0.354,0.431,0.785
1995,111,Boston Red Sox,5716,4997,175,560,923,791,0.28,0.357,0.455,0.812
1995,142,Minnesota Twins,5588,5005,120,471,916,703,0.279,0.346,0.419,0.765
1995,108,California Angels,5690,5019,186,564,889,801,0.277,0.352,0.448,0.8
1995,147,New York Yankees,5699,4947,122,625,851,749,0.276,0.357,0.42,0.777
1995,136,Seattle Mariners,5671,4996,182,549,871,796,0.276,0.35,0.448,0.798
1995,117,Houston Astros,5857,5097,109,566,992,747,0.275,0.353,0.399,0.752
1995,135,San Diego Padres,5527,4950,116,447,872,668,0.272,0.334,0.397,0.731
1995,113,Cincinnati Reds,5575,4903,161,519,946,747,0.27,0.342,0.44,0.782
1995,121,New York Mets,5581,4958,125,446,994,657,0.267,0.33,0.4,0.73
1995,158,Milwaukee Brewers,5631,5000,128,502,800,740,0.266,0.336,0.409,0.745
1995,140,Texas Rangers,5566,4913,138,526,877,691,0.265,0.338,0.41,0.748
1995,112,Chicago Cubs,5543,4963,158,440,953,693,0.265,0.327,0.43,0.757
1995,133,Oakland Athletics,5617,4915,169,565,911,730,0.264,0.341,0.421,0.762
1995,119,Los Angeles Dodgers,5544,4942,140,468,1023,634,0.264,0.329,0.4,0.729
1995,110,Baltimore Orioles,5531,4837,173,574,803,704,0.262,0.342,0.428,0.77
1995,143,Philadelphia Phillies,5613,4950,94,497,884,615,0.262,0.332,0.384,0.716
1995,146,Florida Marlins,5569,4886,144,517,916,673,0.262,0.335,0.406,0.741
1995,118,Kansas City Royals,5528,4903,119,475,849,629,0.26,0.328,0.396,0.724
1995,141,Toronto Blue Jays,5650,5036,140,492,906,642,0.26,0.328,0.409,0.737
1995,134,Pittsburgh Pirates,5501,4937,125,456,972,629,0.259,0.323,0.396,0.719
1995,120,Montreal Expos,5452,4905,118,400,901,621,0.259,0.32,0.394,0.714
1995,137,San Francisco Giants,5603,4971,152,472,1060,652,0.253,0.323,0.404,0.727
1995,144,Atlanta Braves,5464,4814,168,520,933,645,0.25,0.326,0.409,0.735
1995,116,Detroit Tigers,5535,4865,159,551,987,654,0.247,0.327,0.404,0.731
1995,138,St. Louis Cardinals,5349,4779,107,436,920,563,0.247,0.314,0.374,0.688
1996,114,Cleveland Indians,6486,5681,218,671,844,952,0.293,0.369,0.475,0.844
1996,147,New York Yankees,6414,5628,162,632,909,871,0.288,0.36,0.436,0.796
1996,142,Minnesota Twins,6403,5673,118,576,958,877,0.288,0.357,0.425,0.782
1996,115,Colorado Rockies,6333,5590,221,527,1108,961,0.287,0.355,0.472,0.827
1996,136,Seattle Mariners,6518,5668,245,670,1052,993,0.287,0.366,0.484,0.85
1996,140,Texas Rangers,6494,5702,221,660,1041,928,0.284,0.358,0.469,0.827
1996,111,Boston Red Sox,6545,5756,209,642,1020,928,0.283,0.359,0.457,0.816
1996,145,Chicago White Sox,6497,5644,195,701,927,898,0.281,0.36,0.447,0.807
1996,158,Milwaukee Brewers,6434,5662,178,624,986,894,0.279,0.353,0.441,0.794
1996,108,California Angels,6320,5686,192,527,974,762,0.276,0.339,0.431,0.77
1996,110,Baltimore Orioles,6494,5689,257,645,915,949,0.274,0.35,0.472,0.822
1996,144,Atlanta Braves,6293,5614,197,530,1032,773,0.27,0.333,0.432,0.765
1996,121,New York Mets,6220,5618,147,445,1069,746,0.27,0.324,0.412,0.736
1996,138,St. Louis Cardinals,6177,5502,142,495,1089,759,0.267,0.33,0.407,0.737
1996,118,Kansas City Royals,6229,5542,123,529,943,746,0.267,0.332,0.398,0.73
1996,134,Pittsburgh Pirates,6336,5665,138,510,989,776,0.266,0.329,0.407,0.736
1996,135,San Diego Padres,6419,5655,147,601,1014,771,0.265,0.338,0.402,0.74
1996,133,Oakland Athletics,6402,5630,243,640,1114,861,0.265,0.344,0.452,0.796
1996,117,Houston Astros,6270,5508,129,554,1057,753,0.262,0.336,0.397,0.733
1996,120,Montreal Expos,6171,5505,148,492,1077,741,0.262,0.327,0.406,0.733
1996,141,Toronto Blue Jays,6295,5599,177,529,1105,766,0.259,0.331,0.42,0.751
1996,146,Florida Marlins,6194,5498,150,553,1122,688,0.257,0.329,0.393,0.722
1996,113,Cincinnati Reds,6213,5455,191,604,1134,778,0.256,0.331,0.422,0.753
1996,116,Detroit Tigers,6203,5530,204,546,1268,783,0.256,0.323,0.42,0.743
1996,143,Philadelphia Phillies,6171,5499,132,536,1092,650,0.256,0.325,0.387,0.712
1996,137,San Francisco Giants,6316,5533,153,615,1189,752,0.253,0.331,0.388,0.719
1996,119,Los Angeles Dodgers,6185,5538,150,516,1190,703,0.252,0.316,0.384,0.7
1996,112,Chicago Cubs,6229,5531,175,523,1090,772,0.251,0.32,0.401,0.721
1997,111,Boston Red Sox,6430,5781,185,514,1044,851,0.291,0.352,0.463,0.815
1997,115,Colorado Rockies,6338,5603,239,562,1060,923,0.288,0.357,0.478,0.835
1997,147,New York Yankees,6527,5710,161,676,954,891,0.287,0.362,0.436,0.798
1997,114,Cleveland Indians,6304,5556,220,617,955,868,0.286,0.358,0.467,0.825
1997,136,Seattle Mariners,6385,5614,264,626,1110,925,0.28,0.355,0.485,0.84
1997,140,Texas Rangers,6266,5651,187,500,1116,807,0.274,0.334,0.438,0.772
1997,145,Chicago White Sox,6201,5491,158,569,901,779,0.273,0.341,0.417,0.758
1997,108,Anaheim Angels,6387,5628,161,617,953,829,0.272,0.346,0.416,0.762
1997,135,San Diego Padres,6373,5609,152,604,1129,795,0.271,0.342,0.407,0.749
1997,142,Minnesota Twins,6267,5634,132,495,1121,772,0.27,0.333,0.409,0.742
1997,144,Atlanta Braves,6315,5528,174,597,1160,791,0.27,0.343,0.426,0.769
1997,119,Los Angeles Dodgers,6216,5544,174,498,1079,742,0.268,0.33,0.418,0.748
1997,110,Baltimore Orioles,6340,5584,196,586,952,812,0.268,0.341,0.429,0.77
1997,118,Kansas City Royals,6295,5599,158,561,1061,747,0.264,0.333,0.407,0.74
1997,112,Chicago Cubs,6098,5489,127,451,1003,687,0.263,0.321,0.396,0.717
1997,121,New York Mets,6248,5524,153,550,1029,777,0.262,0.332,0.405,0.737
1997,134,Pittsburgh Pirates,6201,5503,129,481,1161,725,0.262,0.329,0.404,0.733
1997,158,Milwaukee Brewers,6097,5444,135,494,967,681,0.26,0.325,0.398,0.723
1997,133,Oakland Athletics,6369,5589,197,642,1181,764,0.26,0.339,0.423,0.762
1997,117,Houston Astros,6363,5502,133,633,1085,777,0.259,0.344,0.403,0.747
1997,146,Florida Marlins,6300,5439,136,686,1074,740,0.259,0.346,0.395,0.741
1997,116,Detroit Tigers,6190,5481,176,578,1164,784,0.258,0.332,0.415,0.747
1997,137,San Francisco Giants,6296,5485,172,642,1120,784,0.258,0.337,0.414,0.751
1997,120,Montreal Expos,6131,5526,172,420,1084,691,0.258,0.316,0.425,0.741
1997,143,Philadelphia Phillies,6130,5443,116,519,1032,668,0.255,0.322,0.385,0.707
1997,138,St. Louis Cardinals,6212,5524,144,543,1191,689,0.255,0.324,0.396,0.72
1997,113,Cincinnati Reds,6153,5484,142,518,1113,651,0.253,0.321,0.389,0.71
1997,141,Toronto Blue Jays,6109,5473,147,487,1138,654,0.244,0.31,0.389,0.699
1998,115,Colorado Rockies,6277,5632,183,469,949,826,0.291,0.347,0.461,0.808
1998,140,Texas Rangers,6401,5672,201,595,1045,940,0.289,0.357,0.462,0.819
1998,147,New York Yankees,6444,5643,207,653,1025,965,0.288,0.364,0.46,0.824
1998,111,Boston Red Sox,6302,5601,205,541,1049,876,0.28,0.348,0.463,0.811
1998,117,Houston Astros,6441,5641,166,621,1122,874,0.28,0.356,0.436,0.792
1998,136,Seattle Mariners,6327,5628,234,558,1081,859,0.276,0.345,0.468,0.813
1998,137,San Francisco Giants,6484,5628,161,678,1040,845,0.274,0.353,0.421,0.774
1998,110,Baltimore Orioles,6304,5565,214,593,903,817,0.273,0.347,0.447,0.794
1998,114,Cleveland Indians,6376,5616,198,630,1061,850,0.272,0.347,0.448,0.795
1998,108,Anaheim Angels,6280,5630,147,510,1028,787,0.272,0.335,0.415,0.75
1998,144,Atlanta Braves,6217,5484,215,548,1062,826,0.272,0.342,0.453,0.795
1998,145,Chicago White Sox,6281,5585,198,551,916,861,0.271,0.339,0.444,0.783
1998,142,Minnesota Twins,6263,5641,115,506,915,734,0.266,0.328,0.389,0.717
1998,141,Toronto Blue Jays,6323,5580,221,564,1132,816,0.266,0.34,0.448,0.788
1998,112,Chicago Cubs,6394,5649,212,601,1223,831,0.264,0.337,0.433,0.77
1998,143,Philadelphia Phillies,6300,5617,126,508,1080,713,0.264,0.326,0.395,0.721
1998,116,Detroit Tigers,6243,5664,165,455,1070,722,0.264,0.323,0.415,0.738
1998,118,Kansas City Royals,6191,5546,134,475,984,714,0.263,0.324,0.399,0.723
1998,113,Cincinnati Reds,6269,5496,138,608,1107,750,0.262,0.337,0.402,0.739
1998,139,Tampa Bay Devil Rays,6157,5555,111,473,1107,620,0.261,0.321,0.385,0.706
1998,158,Milwaukee Brewers,6232,5541,152,532,1039,707,0.26,0.33,0.396,0.726
1998,121,New York Mets,6257,5510,136,572,1049,706,0.259,0.33,0.394,0.724
1998,138,St. Louis Cardinals,6413,5593,223,676,1179,810,0.258,0.341,0.441,0.782
1998,133,Oakland Athletics,6283,5490,149,633,1122,804,0.257,0.338,0.397,0.735
1998,134,Pittsburgh Pirates,6113,5493,107,393,1060,650,0.254,0.311,0.374,0.685
1998,135,San Diego Padres,6245,5490,167,604,1072,749,0.253,0.33,0.409,0.739
1998,119,Los Angeles Dodgers,6077,5459,159,447,1056,669,0.252,0.31,0.387,0.697
1998,120,Montreal Expos,6042,5418,147,439,1058,644,0.249,0.31,0.394,0.704
1998,146,Florida Marlins,6228,5558,114,525,1120,667,0.248,0.317,0.373,0.69
1998,109,Arizona Diamondbacks,6116,5491,159,489,1239,665,0.246,0.314,0.393,0.707
1999,140,Texas Rangers,6389,5651,230,611,937,945,0.293,0.361,0.479,0.84
1999,114,Cleveland Indians,6554,5634,209,743,1099,1009,0.289,0.373,0.467,0.84
1999,115,Colorado Rockies,6369,5717,223,508,863,906,0.288,0.348,0.472,0.82
1999,118,Kansas City Royals,6325,5624,151,535,932,856,0.282,0.348,0.433,0.781
1999,147,New York Yankees,6416,5568,193,718,978,900,0.282,0.366,0.453,0.819
1999,141,Toronto Blue Jays,6370,5642,212,578,1077,883,0.28,0.352,0.457,0.809
1999,110,Baltimore Orioles,6409,5637,203,615,890,851,0.279,0.353,0.447,0.8
1999,121,New York Mets,6454,5572,181,717,994,853,0.279,0.363,0.434,0.797
1999,111,Boston Red Sox,6321,5579,176,597,928,836,0.278,0.35,0.448,0.798
1999,145,Chicago White Sox,6264,5644,162,499,810,777,0.277,0.337,0.429,0.766
1999,109,Arizona Diamondbacks,6415,5658,216,588,1045,908,0.277,0.347,0.459,0.806
1999,143,Philadelphia Phillies,6386,5598,161,631,1081,841,0.275,0.351,0.431,0.782
1999,139,Tampa Bay Devil Rays,6272,5586,145,544,1042,772,0.274,0.343,0.411,0.754
1999,158,Milwaukee Brewers,6433,5582,165,658,1065,815,0.273,0.353,0.426,0.779
1999,113,Cincinnati Reds,6378,5649,209,569,1125,865,0.272,0.341,0.451,0.792
1999,137,San Francisco Giants,6449,5563,188,696,1028,872,0.271,0.356,0.434,0.79
1999,136,Seattle Mariners,6310,5572,244,610,1095,859,0.269,0.343,0.455,0.798
1999,117,Houston Astros,6403,5485,168,728,1138,823,0.267,0.355,0.42,0.775
1999,144,Atlanta Braves,6351,5569,197,608,962,840,0.266,0.341,0.436,0.777
1999,119,Los Angeles Dodgers,6338,5567,187,594,1030,793,0.266,0.339,0.42,0.759
1999,120,Montreal Expos,6151,5559,163,438,939,718,0.265,0.323,0.427,0.75
1999,142,Minnesota Twins,6124,5495,105,500,978,686,0.264,0.328,0.384,0.712
1999,146,Florida Marlins,6216,5578,128,479,1145,691,0.263,0.325,0.395,0.72
1999,138,St. Louis Cardinals,6354,5570,194,613,1202,809,0.262,0.338,0.426,0.764
1999,116,Detroit Tigers,6096,5481,212,458,1049,747,0.261,0.326,0.443,0.769
1999,134,Pittsburgh Pirates,6234,5468,171,573,1197,775,0.259,0.334,0.419,0.753
1999,133,Oakland Athletics,6442,5519,235,770,1129,893,0.259,0.355,0.446,0.801
1999,112,Chicago Cubs,6201,5482,189,571,1170,747,0.257,0.329,0.42,0.749
1999,108,Anaheim Angels,6132,5494,158,511,1022,711,0.256,0.322,0.395,0.717
1999,135,San Diego Padres,6136,5394,153,631,1169,710,0.252,0.332,0.393,0.725
2000,115,Colorado Rockies,6453,5660,161,601,907,968,0.294,0.362,0.455,0.817
2000,114,Cleveland Indians,6512,5683,221,685,1057,950,0.288,0.367,0.47,0.837
2000,118,Kansas City Royals,6394,5709,150,511,840,879,0.288,0.348,0.425,0.773
2000,145,Chicago White Sox,6410,5646,216,591,960,978,0.286,0.356,0.47,0.826
2000,140,Texas Rangers,6364,5648,173,580,922,848,0.283,0.352,0.446,0.798
2000,108,Anaheim Angels,6373,5628,236,608,1024,864,0.28,0.352,0.472,0.824
2000,137,San Francisco Giants,6418,5519,226,709,1032,925,0.278,0.362,0.472,0.834
2000,117,Houston Astros,6444,5570,249,673,1129,938,0.278,0.361,0.477,0.838
2000,147,New York Yankees,6311,5556,205,631,1007,871,0.277,0.354,0.45,0.804
2000,116,Detroit Tigers,6343,5644,177,562,982,823,0.275,0.343,0.438,0.781
2000,141,Toronto Blue Jays,6326,5677,244,526,1026,861,0.275,0.341,0.469,0.81
2000,113,Cincinnati Reds,6373,5635,200,559,995,825,0.274,0.343,0.447,0.79
2000,110,Baltimore Orioles,6238,5549,184,558,900,794,0.272,0.341,0.435,0.776
2000,144,Atlanta Braves,6275,5489,179,595,1010,810,0.271,0.346,0.429,0.775
2000,138,St. Louis Cardinals,6369,5478,235,675,1253,887,0.27,0.356,0.455,0.811
2000,142,Minnesota Twins,6283,5615,116,556,1021,748,0.27,0.337,0.407,0.744
2000,133,Oakland Athletics,6432,5560,239,750,1159,947,0.27,0.36,0.458,0.818
2000,136,Seattle Mariners,6444,5497,198,775,1073,907,0.269,0.361,0.442,0.803
2000,111,Boston Red Sox,6371,5630,167,611,1019,792,0.267,0.341,0.423,0.764
2000,134,Pittsburgh Pirates,6369,5643,168,564,1032,793,0.267,0.339,0.424,0.763
2000,120,Montreal Expos,6153,5535,178,476,1048,738,0.266,0.326,0.432,0.758
2000,109,Arizona Diamondbacks,6241,5527,179,535,975,792,0.265,0.333,0.429,0.762
2000,121,New York Mets,6328,5486,198,675,1037,807,0.263,0.346,0.43,0.776
2000,146,Florida Marlins,6203,5509,160,540,1184,731,0.262,0.331,0.409,0.74
2000,119,Los Angeles Dodgers,6312,5481,211,668,1083,798,0.257,0.341,0.431,0.772
2000,139,Tampa Bay Devil Rays,6206,5505,162,558,1022,733,0.257,0.329,0.399,0.728
2000,112,Chicago Cubs,6397,5577,183,632,1120,764,0.256,0.335,0.411,0.746
2000,135,San Diego Padres,6291,5560,157,602,1177,752,0.254,0.33,0.402,0.732
2000,143,Philadelphia Phillies,6273,5511,144,611,1117,708,0.251,0.329,0.4,0.729
2000,158,Milwaukee Brewers,6355,5563,177,620,1245,740,0.246,0.325,0.403,0.728
2001,115,Colorado Rockies,6394,5690,213,511,1027,923,0.292,0.354,0.483,0.837
2001,136,Seattle Mariners,6474,5680,169,614,989,927,0.288,0.36,0.445,0.805
2001,114,Cleveland Indians,6357,5600,212,577,1076,897,0.278,0.35,0.458,0.808
2001,140,Texas Rangers,6388,5685,246,548,1093,890,0.275,0.344,0.471,0.815
2001,142,Minnesota Twins,6185,5560,164,495,1083,771,0.272,0.337,0.433,0.77
2001,117,Houston Astros,6325,5528,208,581,1119,847,0.271,0.347,0.451,0.798
2001,138,St. Louis Cardinals,6177,5450,199,529,1089,814,0.27,0.339,0.441,0.78
2001,145,Chicago White Sox,6151,5464,214,520,998,798,0.268,0.334,0.451,0.785
2001,109,Arizona Diamondbacks,6349,5595,208,587,1052,818,0.267,0.341,0.442,0.783
2001,147,New York Yankees,6233,5577,203,519,1035,804,0.267,0.334,0.435,0.769
2001,111,Boston Red Sox,6264,5605,198,520,1131,772,0.266,0.334,0.439,0.773
2001,118,Kansas City Royals,6176,5643,152,406,898,729,0.266,0.318,0.409,0.727
2001,137,San Francisco Giants,6408,5612,235,625,1090,799,0.266,0.342,0.46,0.802
2001,146,Florida Marlins,6184,5542,166,470,1145,742,0.264,0.326,0.423,0.749
2001,133,Oakland Athletics,6385,5573,199,640,1021,884,0.264,0.345,0.439,0.784
2001,141,Toronto Blue Jays,6284,5663,195,470,1094,767,0.263,0.325,0.43,0.755
2001,113,Cincinnati Reds,6222,5583,176,468,1172,735,0.262,0.324,0.419,0.743
2001,108,Anaheim Angels,6226,5551,158,494,1001,691,0.261,0.327,0.405,0.732
2001,112,Chicago Cubs,6219,5406,194,577,1077,777,0.261,0.336,0.43,0.766
2001,144,Atlanta Braves,6152,5498,174,493,1039,729,0.26,0.324,0.412,0.736
2001,143,Philadelphia Phillies,6219,5497,164,551,1125,746,0.26,0.329,0.414,0.743
2001,116,Detroit Tigers,6145,5537,139,466,972,724,0.26,0.32,0.409,0.729
2001,139,Tampa Bay Devil Rays,6104,5524,121,456,1116,672,0.258,0.32,0.388,0.708
2001,119,Los Angeles Dodgers,6169,5493,206,519,1062,758,0.255,0.323,0.425,0.748
2001,120,Montreal Expos,6026,5379,131,478,1071,670,0.253,0.319,0.396,0.715
2001,135,San Diego Padres,6278,5482,161,678,1273,789,0.252,0.336,0.399,0.735
2001,158,Milwaukee Brewers,6148,5488,209,488,1399,740,0.251,0.319,0.426,0.745
2001,121,New York Mets,6156,5459,147,545,1062,642,0.249,0.323,0.387,0.71
2001,110,Baltimore Orioles,6151,5472,136,514,989,687,0.248,0.319,0.38,0.699
2001,134,Pittsburgh Pirates,6027,5398,161,467,1106,657,0.247,0.313,0.393,0.706
2002,108,Anaheim Angels,6327,5678,152,462,805,851,0.282,0.341,0.433,0.774
2002,111,Boston Red Sox,6332,5640,177,545,944,859,0.277,0.345,0.444,0.789
2002,147,New York Yankees,6377,5601,223,640,1171,897,0.275,0.354,0.455,0.809
2002,136,Seattle Mariners,6362,5569,152,629,1003,814,0.275,0.35,0.419,0.769
2002,115,Colorado Rockies,6165,5512,152,497,1043,778,0.274,0.337,0.423,0.76
2002,142,Minnesota Twins,6196,5582,167,472,1089,768,0.272,0.332,0.437,0.769
2002,140,Texas Rangers,6332,5618,230,554,1055,843,0.269,0.338,0.455,0.793
2002,145,Chicago White Sox,6208,5502,217,555,952,856,0.268,0.338,0.449,0.787
2002,138,St. Louis Cardinals,6246,5505,175,542,927,787,0.268,0.338,0.425,0.763
2002,109,Arizona Diamondbacks,6318,5508,165,643,1016,819,0.267,0.346,0.423,0.769
2002,137,San Francisco Giants,6298,5497,198,616,961,783,0.267,0.344,0.442,0.786
2002,119,Los Angeles Dodgers,6146,5554,155,428,940,713,0.264,0.32,0.409,0.729
2002,117,Houston Astros,6252,5503,167,589,1120,749,0.262,0.338,0.417,0.755
2002,120,Montreal Expos,6250,5479,162,575,1104,735,0.261,0.334,0.418,0.752
2002,141,Toronto Blue Jays,6230,5581,187,522,1142,813,0.261,0.327,0.43,0.757
2002,133,Oakland Athletics,6291,5558,205,609,1008,800,0.261,0.339,0.432,0.771
2002,146,Florida Marlins,6263,5496,146,595,1130,699,0.261,0.337,0.403,0.74
2002,144,Atlanta Braves,6224,5495,164,558,1028,708,0.26,0.331,0.409,0.74
2002,143,Philadelphia Phillies,6323,5523,165,640,1095,710,0.259,0.339,0.422,0.761
2002,121,New York Mets,6150,5496,160,486,1044,690,0.256,0.322,0.395,0.717
2002,118,Kansas City Royals,6206,5535,140,524,921,737,0.256,0.323,0.398,0.721
2002,113,Cincinnati Reds,6254,5470,169,583,1188,709,0.253,0.33,0.408,0.738
2002,139,Tampa Bay Devil Rays,6198,5604,133,456,1115,673,0.253,0.314,0.39,0.704
2002,158,Milwaukee Brewers,6083,5415,139,500,1125,627,0.253,0.32,0.39,0.71
2002,135,San Diego Padres,6178,5515,136,547,1062,662,0.253,0.321,0.381,0.702
2002,114,Cleveland Indians,6099,5423,192,542,1000,739,0.249,0.321,0.412,0.733
2002,116,Detroit Tigers,5920,5406,124,363,1035,575,0.248,0.3,0.379,0.679
2002,110,Baltimore Orioles,6096,5491,165,452,993,667,0.246,0.309,0.403,0.712
2002,112,Chicago Cubs,6242,5496,200,585,1269,706,0.246,0.321,0.413,0.734
2002,134,Pittsburgh Pirates,6049,5330,142,537,1109,641,0.244,0.319,0.381,0.7
2003,111,Boston Red Sox,6530,5769,238,620,943,961,0.289,0.36,0.491,0.851
2003,144,Atlanta Braves,6378,5670,235,545,933,907,0.284,0.349,0.475,0.824
2003,141,Toronto Blue Jays,6364,5661,190,546,1081,894,0.279,0.349,0.455,0.804
2003,138,St. Louis Cardinals,6466,5672,196,580,952,876,0.279,0.35,0.454,0.804
2003,142,Minnesota Twins,6324,5655,155,512,1027,801,0.277,0.341,0.431,0.772
2003,118,Kansas City Royals,6239,5568,162,476,926,836,0.274,0.336,0.427,0.763
2003,136,Seattle Mariners,6281,5561,139,586,989,795,0.271,0.344,0.41,0.754
2003,147,New York Yankees,6431,5605,230,684,1042,877,0.271,0.356,0.453,0.809
2003,108,Anaheim Angels,6119,5487,150,476,838,736,0.268,0.33,0.413,0.743
2003,110,Baltimore Orioles,6241,5665,152,431,902,743,0.268,0.323,0.405,0.728
2003,134,Pittsburgh Pirates,6315,5581,163,529,1049,753,0.267,0.338,0.42,0.758
2003,115,Colorado Rockies,6283,5518,198,619,1134,853,0.267,0.344,0.445,0.789
2003,140,Texas Rangers,6293,5664,239,488,1052,826,0.266,0.33,0.454,0.784
2003,146,Florida Marlins,6186,5490,157,515,978,751,0.266,0.333,0.421,0.754
2003,139,Tampa Bay Devil Rays,6212,5654,137,420,1030,715,0.265,0.32,0.404,0.724
2003,137,San Francisco Giants,6204,5456,180,593,980,755,0.264,0.338,0.425,0.763
2003,109,Arizona Diamondbacks,6261,5570,152,531,1006,717,0.263,0.33,0.417,0.747
2003,145,Chicago White Sox,6148,5487,220,519,916,791,0.263,0.331,0.446,0.777
2003,117,Houston Astros,6320,5583,191,557,1021,805,0.263,0.336,0.431,0.767
2003,143,Philadelphia Phillies,6333,5543,166,651,1155,791,0.261,0.343,0.419,0.762
2003,135,San Diego Padres,6246,5531,128,565,1073,678,0.261,0.333,0.388,0.721
2003,112,Chicago Cubs,6187,5519,172,492,1158,724,0.259,0.323,0.416,0.739
2003,120,Montreal Expos,6116,5437,144,522,990,711,0.258,0.326,0.401,0.727
2003,158,Milwaukee Brewers,6270,5548,196,547,1221,714,0.256,0.329,0.419,0.748
2003,133,Oakland Athletics,6189,5497,176,556,898,768,0.254,0.327,0.417,0.744
2003,114,Cleveland Indians,6188,5572,158,466,1062,699,0.254,0.316,0.401,0.717
2003,121,New York Mets,6007,5341,124,489,1035,642,0.247,0.314,0.374,0.688
2003,113,Cincinnati Reds,6211,5509,182,524,1326,694,0.245,0.318,0.395,0.713
2003,119,Los Angeles Dodgers,6036,5458,124,407,985,574,0.243,0.303,0.368,0.671
2003,116,Detroit Tigers,6071,5466,153,443,1099,591,0.24,0.3,0.375,0.675
2004,108,Anaheim Angels,6296,5675,162,450,942,836,0.282,0.341,0.429,0.77
2004,111,Boston Red Sox,6515,5720,222,659,1189,949,0.282,0.36,0.472,0.832
2004,110,Baltimore Orioles,6431,5736,169,528,949,842,0.281,0.345,0.432,0.777
2004,138,St. Louis Cardinals,6297,5555,214,548,1085,855,0.278,0.344,0.46,0.804
2004,114,Cleveland Indians,6452,5676,184,606,1009,858,0.276,0.351,0.444,0.795
2004,115,Colorado Rockies,6333,5577,202,568,1181,833,0.275,0.345,0.455,0.8
2004,135,San Diego Padres,6313,5573,139,566,910,768,0.273,0.342,0.414,0.756
2004,116,Detroit Tigers,6285,5623,201,518,1144,827,0.272,0.337,0.449,0.786
2004,137,San Francisco Giants,6466,5546,183,705,874,850,0.27,0.357,0.438,0.795
2004,144,Atlanta Braves,6339,5570,178,587,1158,803,0.27,0.343,0.434,0.777
2004,136,Seattle Mariners,6362,5722,136,492,1058,698,0.27,0.331,0.396,0.727
2004,133,Oakland Athletics,6459,5728,189,608,1061,793,0.27,0.343,0.433,0.776
2004,147,New York Yankees,6364,5527,242,670,982,897,0.268,0.353,0.458,0.811
2004,112,Chicago Cubs,6281,5628,235,489,1080,789,0.268,0.328,0.458,0.786
2004,145,Chicago White Sox,6197,5534,242,499,1030,865,0.268,0.333,0.457,0.79
2004,143,Philadelphia Phillies,6456,5643,215,645,1133,840,0.267,0.345,0.443,0.788
2004,117,Houston Astros,6269,5468,187,590,999,803,0.267,0.342,0.436,0.778
2004,140,Texas Rangers,6256,5615,227,500,1099,860,0.266,0.329,0.457,0.786
2004,142,Minnesota Twins,6286,5623,191,513,982,780,0.266,0.332,0.431,0.763
2004,146,Florida Marlins,6160,5486,148,499,968,718,0.264,0.329,0.406,0.735
2004,119,Los Angeles Dodgers,6244,5542,203,536,1092,761,0.262,0.332,0.423,0.755
2004,134,Pittsburgh Pirates,6115,5483,142,415,1066,680,0.26,0.321,0.401,0.722
2004,141,Toronto Blue Jays,6178,5531,145,513,1083,719,0.26,0.328,0.403,0.731
2004,118,Kansas City Royals,6153,5538,150,461,1057,720,0.259,0.322,0.397,0.719
2004,139,Tampa Bay Devil Rays,6098,5483,145,469,944,714,0.258,0.32,0.405,0.725
2004,109,Arizona Diamondbacks,6114,5544,135,441,1022,615,0.253,0.31,0.393,0.703
2004,113,Cincinnati Reds,6278,5518,194,599,1335,750,0.25,0.331,0.418,0.749
2004,121,New York Mets,6209,5532,185,512,1159,684,0.249,0.317,0.409,0.726
2004,120,Montreal Expos,6138,5474,151,496,925,635,0.249,0.313,0.392,0.705
2004,158,Milwaukee Brewers,6195,5483,135,540,1312,634,0.248,0.321,0.387,0.708
2005,111,Boston Red Sox,6403,5626,199,653,1044,910,0.281,0.357,0.454,0.811
2005,147,New York Yankees,6406,5624,229,637,989,886,0.276,0.355,0.45,0.805
2005,139,Tampa Bay Devil Rays,6120,5552,157,412,990,750,0.274,0.329,0.425,0.754
2005,146,Florida Marlins,6214,5502,128,512,918,717,0.272,0.339,0.409,0.748
2005,116,Detroit Tigers,6136,5602,168,384,1038,723,0.272,0.321,0.428,0.749
2005,114,Cleveland Indians,6255,5609,207,503,1093,790,0.271,0.334,0.453,0.787
2005,108,Los Angeles Angels,6186,5624,147,447,848,761,0.27,0.325,0.409,0.734
2005,138,St. Louis Cardinals,6246,5538,170,534,947,805,0.27,0.339,0.423,0.762
2005,112,Chicago Cubs,6161,5584,194,419,920,703,0.27,0.324,0.44,0.764
2005,143,Philadelphia Phillies,6345,5542,167,639,1083,807,0.27,0.348,0.423,0.771
2005,110,Baltimore Orioles,6134,5551,189,447,902,729,0.269,0.327,0.434,0.761
2005,140,Texas Rangers,6301,5716,260,495,1112,865,0.267,0.329,0.468,0.797
2005,115,Colorado Rockies,6238,5542,150,509,1103,740,0.267,0.333,0.411,0.744
2005,141,Toronto Blue Jays,6233,5581,136,486,955,775,0.265,0.331,0.407,0.738
2005,144,Atlanta Braves,6186,5486,184,534,1084,769,0.265,0.333,0.435,0.768
2005,118,Kansas City Royals,6086,5503,126,424,1008,701,0.263,0.32,0.396,0.716
2005,133,Oakland Athletics,6275,5627,155,537,819,772,0.262,0.33,0.407,0.737
2005,145,Chicago White Sox,6146,5529,200,435,1002,741,0.262,0.322,0.425,0.747
2005,137,San Francisco Giants,6077,5462,128,431,901,649,0.261,0.319,0.396,0.715
2005,113,Cincinnati Reds,6321,5565,222,611,1303,820,0.261,0.339,0.446,0.785
2005,158,Milwaukee Brewers,6156,5448,175,531,1162,726,0.259,0.331,0.423,0.754
2005,134,Pittsburgh Pirates,6221,5573,139,471,1092,680,0.259,0.322,0.4,0.722
2005,142,Minnesota Twins,6192,5564,134,485,978,688,0.259,0.323,0.391,0.714
2005,121,New York Mets,6146,5505,175,486,1075,722,0.258,0.322,0.416,0.738
2005,135,San Diego Padres,6271,5502,130,600,977,684,0.257,0.333,0.391,0.724
2005,117,Houston Astros,6139,5462,161,481,1037,693,0.256,0.322,0.408,0.73
2005,109,Arizona Diamondbacks,6327,5550,191,606,1094,696,0.256,0.332,0.421,0.753
2005,136,Seattle Mariners,6095,5507,130,466,986,699,0.256,0.317,0.391,0.708
2005,119,Los Angeles Dodgers,6134,5433,149,541,1094,685,0.253,0.326,0.395,0.721
2005,120,Washington Nationals,6142,5426,117,491,1090,639,0.252,0.322,0.386,0.708
2006,142,Minnesota Twins,6228,5602,143,490,872,801,0.287,0.347,0.425,0.772
2006,147,New York Yankees,6455,5651,210,649,1053,930,0.285,0.363,0.461,0.824
2006,141,Toronto Blue Jays,6241,5596,199,514,906,809,0.284,0.348,0.463,0.811
2006,114,Cleveland Indians,6303,5619,196,556,1204,870,0.28,0.349,0.457,0.806
2006,145,Chicago White Sox,6318,5657,236,502,1056,868,0.28,0.342,0.464,0.806
2006,140,Texas Rangers,6273,5659,183,505,1061,835,0.278,0.338,0.446,0.784
2006,110,Baltimore Orioles,6240,5610,164,474,878,768,0.277,0.339,0.424,0.763
2006,119,Los Angeles Dodgers,6394,5628,153,601,959,820,0.276,0.348,0.432,0.78
2006,108,Los Angeles Angels,6221,5609,159,486,914,766,0.274,0.334,0.425,0.759
2006,116,Detroit Tigers,6198,5642,203,430,1133,822,0.274,0.329,0.449,0.778
2006,136,Seattle Mariners,6213,5670,172,404,974,756,0.272,0.325,0.424,0.749
2006,118,Kansas City Royals,6229,5589,124,474,1040,757,0.271,0.332,0.411,0.743
2006,144,Atlanta Braves,6284,5583,222,526,1169,849,0.27,0.337,0.455,0.792
2006,115,Colorado Rockies,6348,5562,157,561,1108,813,0.27,0.341,0.433,0.774
2006,138,St. Louis Cardinals,6225,5522,184,531,922,781,0.269,0.337,0.431,0.768
2006,111,Boston Red Sox,6435,5619,192,672,1056,820,0.269,0.351,0.435,0.786
2006,112,Chicago Cubs,6147,5587,166,395,928,716,0.268,0.319,0.422,0.741
2006,143,Philadelphia Phillies,6509,5687,216,626,1203,865,0.267,0.347,0.447,0.794
2006,109,Arizona Diamondbacks,6330,5645,160,504,965,773,0.267,0.331,0.424,0.755
2006,121,New York Mets,6291,5558,200,547,1071,834,0.264,0.334,0.445,0.779
2006,146,Florida Marlins,6191,5502,182,497,1249,758,0.264,0.331,0.435,0.766
2006,134,Pittsburgh Pirates,6218,5558,141,459,1200,691,0.263,0.327,0.397,0.724
2006,135,San Diego Padres,6287,5576,161,564,1104,731,0.263,0.332,0.416,0.748
2006,120,Washington Nationals,6283,5495,164,594,1156,746,0.262,0.338,0.418,0.756
2006,133,Oakland Athletics,6281,5500,175,650,976,771,0.26,0.34,0.412,0.752
2006,137,San Francisco Giants,6136,5472,163,494,891,746,0.259,0.324,0.422,0.746
2006,158,Milwaukee Brewers,6130,5433,180,502,1233,730,0.258,0.327,0.42,0.747
2006,113,Cincinnati Reds,6296,5515,217,614,1192,749,0.257,0.336,0.432,0.768
2006,117,Houston Astros,6326,5521,174,585,1076,735,0.255,0.332,0.409,0.741
2006,139,Tampa Bay Devil Rays,6041,5474,190,441,1106,689,0.255,0.314,0.42,0.734
2007,147,New York Yankees,6528,5717,201,637,991,968,0.29,0.366,0.463,0.829
2007,116,Detroit Tigers,6364,5757,177,474,1054,887,0.287,0.345,0.458,0.803
2007,136,Seattle Mariners,6209,5684,153,389,861,794,0.287,0.337,0.425,0.762
2007,108,Los Angeles Angels,6198,5554,123,507,883,822,0.284,0.345,0.417,0.762
2007,115,Colorado Rockies,6498,5691,171,622,1152,860,0.28,0.354,0.437,0.791
2007,111,Boston Red Sox,6426,5589,166,689,1042,867,0.279,0.362,0.444,0.806
2007,121,New York Mets,6344,5605,177,549,981,804,0.275,0.342,0.432,0.774
2007,119,Los Angeles Dodgers,6282,5613,129,511,864,735,0.275,0.337,0.406,0.743
2007,144,Atlanta Braves,6374,5689,176,534,1149,810,0.275,0.339,0.435,0.774
2007,143,Philadelphia Phillies,6537,5688,213,641,1205,892,0.274,0.354,0.458,0.812
2007,138,St. Louis Cardinals,6211,5529,141,506,909,725,0.274,0.337,0.405,0.742
2007,110,Baltimore Orioles,6264,5631,142,500,939,756,0.272,0.333,0.412,0.745
2007,112,Chicago Cubs,6268,5643,151,500,1054,752,0.271,0.333,0.422,0.755
2007,114,Cleveland Indians,6367,5604,178,590,1202,811,0.268,0.343,0.428,0.771
2007,139,Tampa Bay Devil Rays,6280,5593,187,545,1324,782,0.268,0.336,0.433,0.769
2007,146,Florida Marlins,6344,5627,201,521,1332,790,0.267,0.336,0.448,0.784
2007,113,Cincinnati Reds,6332,5607,204,536,1113,783,0.267,0.335,0.436,0.771
2007,142,Minnesota Twins,6161,5522,118,512,839,718,0.264,0.33,0.391,0.721
2007,140,Texas Rangers,6214,5555,179,503,1224,816,0.263,0.328,0.426,0.754
2007,134,Pittsburgh Pirates,6214,5569,148,463,1135,724,0.263,0.325,0.411,0.736
2007,158,Milwaukee Brewers,6238,5554,231,501,1137,801,0.262,0.329,0.456,0.785
2007,118,Kansas City Royals,6140,5534,102,428,1069,706,0.261,0.322,0.388,0.71
2007,117,Houston Astros,6324,5605,167,547,1043,723,0.26,0.33,0.412,0.742
2007,141,Toronto Blue Jays,6197,5536,165,533,1044,753,0.259,0.327,0.419,0.746
2007,133,Oakland Athletics,6365,5577,171,664,1119,741,0.256,0.338,0.407,0.745
2007,120,Washington Nationals,6201,5520,123,524,1128,673,0.256,0.325,0.39,0.715
2007,137,San Francisco Giants,6213,5538,131,532,907,683,0.254,0.322,0.387,0.709
2007,135,San Diego Padres,6326,5612,171,557,1229,741,0.251,0.322,0.411,0.733
2007,109,Arizona Diamondbacks,6101,5398,171,532,1111,712,0.25,0.321,0.413,0.734
2007,145,Chicago White Sox,6103,5441,190,532,1149,693,0.246,0.318,0.404,0.722
2008,140,Texas Rangers,6478,5728,194,595,1207,901,0.283,0.354,0.462,0.816
2008,138,St. Louis Cardinals,6370,5636,174,577,985,779,0.281,0.35,0.433,0.783
2008,111,Boston Red Sox,6402,5596,173,646,1068,845,0.28,0.358,0.447,0.805
2008,142,Minnesota Twins,6331,5641,111,529,979,829,0.279,0.34,0.408,0.748
2008,112,Chicago Cubs,6384,5588,184,636,1186,855,0.278,0.354,0.443,0.797
2008,147,New York Yankees,6257,5572,180,535,1015,789,0.271,0.342,0.427,0.769
2008,116,Detroit Tigers,6331,5641,200,572,1076,821,0.271,0.34,0.444,0.784
2008,144,Atlanta Braves,6368,5604,130,618,1023,753,0.27,0.345,0.408,0.753
2008,118,Kansas City Royals,6118,5608,120,392,1005,691,0.269,0.32,0.397,0.717
2008,108,Los Angeles Angels,6155,5540,159,481,987,765,0.268,0.33,0.413,0.743
2008,110,Baltimore Orioles,6211,5559,172,533,990,782,0.267,0.333,0.429,0.762
2008,121,New York Mets,6388,5606,172,619,1024,799,0.266,0.34,0.42,0.76
2008,136,Seattle Mariners,6176,5643,124,417,890,671,0.265,0.318,0.389,0.707
2008,119,Los Angeles Dodgers,6194,5506,137,543,1032,700,0.264,0.333,0.399,0.732
2008,141,Toronto Blue Jays,6191,5503,126,521,938,714,0.264,0.331,0.399,0.73
2008,115,Colorado Rockies,6312,5557,160,570,1209,747,0.263,0.336,0.415,0.751
2008,117,Houston Astros,6051,5451,167,449,1051,712,0.263,0.323,0.415,0.738
2008,145,Chicago White Sox,6231,5553,235,540,1016,811,0.263,0.332,0.448,0.78
2008,114,Cleveland Indians,6299,5543,171,560,1213,805,0.262,0.339,0.424,0.763
2008,137,San Francisco Giants,6145,5543,94,452,1044,640,0.262,0.321,0.382,0.703
2008,139,Tampa Bay Rays,6312,5541,180,626,1224,774,0.26,0.34,0.422,0.762
2008,134,Pittsburgh Pirates,6278,5628,153,474,1039,735,0.258,0.32,0.403,0.723
2008,143,Philadelphia Phillies,6273,5509,214,586,1117,799,0.255,0.332,0.438,0.77
2008,146,Florida Marlins,6206,5499,208,543,1371,770,0.254,0.326,0.433,0.759
2008,158,Milwaukee Brewers,6252,5535,198,550,1203,750,0.253,0.325,0.431,0.756
2008,120,Washington Nationals,6192,5491,117,534,1095,641,0.251,0.323,0.373,0.696
2008,109,Arizona Diamondbacks,6156,5409,159,587,1287,720,0.251,0.327,0.415,0.742
2008,135,San Diego Padres,6244,5568,154,518,1259,637,0.25,0.317,0.39,0.707
2008,113,Cincinnati Reds,6188,5465,187,560,1125,704,0.247,0.321,0.408,0.729
2008,133,Oakland Athletics,6138,5451,125,574,1226,646,0.242,0.318,0.369,0.687
2009,108,Los Angeles Angels,6305,5622,173,547,1054,883,0.285,0.35,0.441,0.791
2009,147,New York Yankees,6449,5660,244,663,1014,915,0.283,0.362,0.478,0.84
2009,142,Minnesota Twins,6346,5608,172,585,1021,817,0.274,0.345,0.429,0.774
2009,119,Los Angeles Dodgers,6385,5592,145,607,1068,780,0.27,0.346,0.412,0.758
2009,121,New York Mets,6159,5453,95,526,928,671,0.27,0.335,0.394,0.729
2009,111,Boston Red Sox,6344,5543,212,659,1120,872,0.27,0.352,0.454,0.806
2009,110,Baltimore Orioles,6233,5618,160,517,1013,741,0.268,0.332,0.415,0.747
2009,146,Florida Marlins,6312,5572,159,568,1226,772,0.268,0.34,0.416,0.756
2009,141,Toronto Blue Jays,6362,5696,209,548,1028,798,0.266,0.333,0.44,0.773
2009,114,Cleveland Indians,6320,5568,161,582,1211,773,0.264,0.339,0.417,0.756
2009,144,Atlanta Braves,6335,5539,149,602,1064,735,0.263,0.339,0.405,0.744
2009,138,St. Louis Cardinals,6168,5465,160,528,1041,730,0.263,0.332,0.415,0.747
2009,158,Milwaukee Brewers,6296,5510,182,610,1231,785,0.263,0.341,0.426,0.767
2009,139,Tampa Bay Rays,6223,5462,199,642,1229,803,0.263,0.343,0.439,0.782
2009,133,Oakland Athletics,6247,5584,135,527,1046,759,0.262,0.328,0.397,0.725
2009,115,Colorado Rockies,6241,5398,190,660,1277,804,0.261,0.343,0.441,0.784
2009,116,Detroit Tigers,6234,5540,183,540,1114,743,0.26,0.331,0.416,0.747
2009,117,Houston Astros,6040,5436,142,448,990,643,0.26,0.319,0.4,0.719
2009,140,Texas Rangers,6127,5526,224,472,1253,784,0.26,0.32,0.445,0.765
2009,118,Kansas City Royals,6103,5532,144,457,1091,686,0.259,0.318,0.405,0.723
2009,145,Chicago White Sox,6132,5463,184,534,1022,724,0.258,0.329,0.411,0.74
2009,136,Seattle Mariners,6113,5543,160,421,1093,640,0.258,0.314,0.402,0.716
2009,143,Philadelphia Phillies,6338,5578,224,589,1155,820,0.258,0.334,0.447,0.781
2009,120,Washington Nationals,6273,5493,156,617,1208,710,0.258,0.337,0.406,0.743
2009,137,San Francisco Giants,6057,5493,122,392,1158,657,0.257,0.309,0.389,0.698
2009,112,Chicago Cubs,6244,5486,161,592,1185,707,0.255,0.332,0.407,0.739
2009,109,Arizona Diamondbacks,6269,5565,173,571,1298,720,0.253,0.324,0.418,0.742
2009,134,Pittsburgh Pirates,6058,5417,125,499,1142,636,0.252,0.318,0.387,0.705
2009,113,Cincinnati Reds,6187,5462,158,531,1129,673,0.247,0.318,0.394,0.712
2009,135,San Diego Padres,6179,5425,141,586,1182,638,0.242,0.321,0.381,0.702
2010,140,Texas Rangers,6302,5635,162,511,986,787,0.276,0.338,0.419,0.757
2010,118,Kansas City Royals,6209,5604,121,471,905,676,0.274,0.331,0.399,0.73
2010,142,Minnesota Twins,6257,5568,142,559,967,781,0.273,0.341,0.422,0.763
2010,113,Cincinnati Reds,6285,5579,188,522,1218,790,0.272,0.338,0.436,0.774
2010,116,Detroit Tigers,6312,5643,152,546,1147,751,0.268,0.335,0.415,0.75
2010,111,Boston Red Sox,6356,5646,211,587,1140,818,0.268,0.339,0.451,0.79
2010,145,Chicago White Sox,6118,5484,177,467,922,752,0.268,0.332,0.42,0.752
2010,147,New York Yankees,6379,5567,201,662,1136,859,0.267,0.35,0.436,0.786
2010,138,St. Louis Cardinals,6241,5542,150,541,1027,736,0.263,0.332,0.402,0.734
2010,115,Colorado Rockies,6265,5530,173,585,1274,770,0.263,0.336,0.425,0.761
2010,158,Milwaukee Brewers,6304,5606,182,546,1216,750,0.262,0.335,0.424,0.759
2010,143,Philadelphia Phillies,6291,5581,166,560,1064,772,0.26,0.332,0.413,0.745
2010,110,Baltimore Orioles,6109,5554,133,424,1056,613,0.259,0.316,0.386,0.702
2010,144,Atlanta Braves,6252,5463,139,634,1140,738,0.258,0.339,0.401,0.74
2010,137,San Francisco Giants,6143,5488,162,487,1099,697,0.257,0.321,0.408,0.729
2010,112,Chicago Cubs,6140,5512,149,479,1236,685,0.257,0.32,0.401,0.721
2010,133,Oakland Athletics,6117,5448,109,527,1061,663,0.256,0.324,0.378,0.702
2010,146,Florida Marlins,6194,5531,152,514,1375,719,0.254,0.321,0.403,0.724
2010,119,Los Angeles Dodgers,6140,5426,120,533,1184,667,0.252,0.322,0.379,0.701
2010,120,Washington Nationals,6100,5418,149,503,1220,655,0.25,0.318,0.39,0.708
2010,109,Arizona Diamondbacks,6183,5473,180,589,1529,713,0.25,0.325,0.416,0.741
2010,121,New York Mets,6144,5465,128,502,1095,656,0.249,0.314,0.383,0.697
2010,108,Los Angeles Angels,6089,5488,155,466,1070,681,0.248,0.311,0.39,0.701
2010,141,Toronto Blue Jays,6072,5495,257,471,1164,755,0.248,0.312,0.454,0.766
2010,114,Cleveland Indians,6165,5487,128,545,1184,646,0.248,0.322,0.378,0.7
2010,117,Houston Astros,6005,5452,108,415,1025,611,0.247,0.303,0.362,0.665
2010,139,Tampa Bay Rays,6270,5439,160,672,1292,802,0.247,0.333,0.403,0.736
2010,135,San Diego Padres,6148,5434,132,538,1183,665,0.246,0.317,0.371,0.688
2010,134,Pittsburgh Pirates,5974,5386,126,463,1207,587,0.242,0.304,0.373,0.677
2010,136,Seattle Mariners,5989,5409,101,459,1184,513,0.236,0.298,0.339,0.637
2011,140,Texas Rangers,6261,5659,210,475,930,855,0.283,0.34,0.46,0.8
2011,111,Boston Red Sox,6414,5710,203,578,1108,875,0.28,0.349,0.461,0.81
2011,116,Detroit Tigers,6231,5563,169,521,1143,787,0.277,0.34,0.434,0.774
2011,118,Kansas City Royals,6267,5672,129,442,1006,730,0.275,0.329,0.415,0.744
2011,138,St. Louis Cardinals,6242,5532,162,542,978,762,0.273,0.341,0.425,0.766
2011,121,New York Mets,6335,5600,108,571,1085,718,0.264,0.335,0.391,0.726
2011,147,New York Yankees,6306,5518,222,627,1138,867,0.263,0.343,0.444,0.787
2011,158,Milwaukee Brewers,6113,5447,185,481,1083,721,0.261,0.325,0.425,0.75
2011,115,Colorado Rockies,6275,5544,163,555,1201,735,0.258,0.329,0.41,0.739
2011,117,Houston Astros,6150,5598,95,401,1164,615,0.258,0.311,0.374,0.685
2011,110,Baltimore Orioles,6156,5585,191,452,1120,708,0.257,0.316,0.413,0.729
2011,119,Los Angeles Dodgers,6094,5436,117,498,1087,644,0.257,0.322,0.375,0.697
2011,112,Chicago Cubs,6130,5549,148,425,1202,654,0.256,0.314,0.401,0.715
2011,113,Cincinnati Reds,6329,5612,183,535,1250,735,0.256,0.326,0.408,0.734
2011,108,Los Angeles Angels,6088,5513,155,442,1086,667,0.253,0.313,0.402,0.715
2011,143,Philadelphia Phillies,6279,5579,153,539,1024,713,0.253,0.323,0.395,0.718
2011,145,Chicago White Sox,6159,5502,154,475,989,654,0.252,0.319,0.388,0.707
2011,114,Cleveland Indians,6142,5509,154,494,1269,704,0.25,0.317,0.396,0.713
2011,109,Arizona Diamondbacks,6096,5421,172,531,1249,731,0.25,0.322,0.413,0.735
2011,141,Toronto Blue Jays,6210,5559,186,525,1184,743,0.249,0.317,0.413,0.73
2011,142,Minnesota Twins,6020,5487,103,440,1048,619,0.247,0.306,0.36,0.666
2011,146,Florida Marlins,6232,5508,149,542,1244,625,0.247,0.318,0.388,0.706
2011,134,Pittsburgh Pirates,6064,5421,107,489,1308,610,0.244,0.309,0.368,0.677
2011,133,Oakland Athletics,6104,5452,114,509,1094,645,0.244,0.311,0.369,0.68
2011,139,Tampa Bay Rays,6152,5436,172,571,1193,707,0.244,0.322,0.402,0.724
2011,144,Atlanta Braves,6169,5528,173,504,1260,641,0.243,0.308,0.387,0.695
2011,120,Washington Nationals,6090,5441,154,470,1323,624,0.242,0.309,0.383,0.692
2011,137,San Francisco Giants,6091,5486,121,448,1122,570,0.242,0.303,0.368,0.671
2011,135,San Diego Padres,6074,5417,91,501,1320,593,0.237,0.305,0.349,0.654
2011,136,Seattle Mariners,5972,5421,109,435,1280,556,0.233,0.292,0.348,0.64
2012,108,Los Angeles Angels,6121,5536,187,449,1113,767,0.274,0.332,0.433,0.765
2012,115,Colorado Rockies,6183,5577,166,450,1213,758,0.274,0.33,0.436,0.766
2012,140,Texas Rangers,6216,5590,200,478,1103,808,0.273,0.334,0.446,0.78
2012,138,St. Louis Cardinals,6326,5622,159,533,1192,765,0.271,0.338,0.421,0.759
2012,137,San Francisco Giants,6200,5558,103,483,1097,718,0.269,0.327,0.397,0.724
2012,116,Detroit Tigers,6119,5476,163,511,1103,726,0.268,0.335,0.422,0.757
2012,118,Kansas City Royals,6149,5636,131,404,1032,676,0.265,0.317,0.4,0.717
2012,147,New York Yankees,6231,5524,245,565,1176,804,0.265,0.337,0.453,0.79
2012,120,Washington Nationals,6221,5615,194,479,1325,731,0.261,0.322,0.428,0.75
2012,111,Boston Red Sox,6166,5604,165,428,1197,734,0.26,0.315,0.415,0.73
2012,142,Minnesota Twins,6209,5562,131,505,1069,701,0.26,0.325,0.39,0.715
2012,158,Milwaukee Brewers,6224,5557,202,466,1240,776,0.259,0.325,0.437,0.762
2012,109,Arizona Diamondbacks,6150,5462,165,539,1266,734,0.259,0.328,0.418,0.746
2012,145,Chicago White Sox,6111,5518,211,461,1203,748,0.255,0.318,0.422,0.74
2012,143,Philadelphia Phillies,6172,5544,158,454,1094,684,0.255,0.317,0.4,0.717
2012,119,Los Angeles Dodgers,6091,5438,116,481,1156,637,0.252,0.317,0.374,0.691
2012,113,Cincinnati Reds,6115,5477,172,481,1266,669,0.251,0.315,0.411,0.726
2012,114,Cleveland Indians,6195,5525,136,555,1087,667,0.251,0.324,0.381,0.705
2012,121,New York Mets,6091,5450,139,503,1250,650,0.249,0.316,0.386,0.702
2012,110,Baltimore Orioles,6160,5560,214,480,1315,712,0.247,0.311,0.417,0.728
2012,144,Atlanta Braves,6126,5425,149,567,1289,700,0.247,0.32,0.389,0.709
2012,135,San Diego Padres,6112,5422,121,539,1238,651,0.247,0.319,0.38,0.699
2012,141,Toronto Blue Jays,6094,5487,198,473,1251,716,0.245,0.309,0.407,0.716
2012,146,Miami Marlins,6057,5437,137,484,1228,609,0.244,0.308,0.382,0.69
2012,134,Pittsburgh Pirates,6014,5412,170,444,1354,651,0.243,0.304,0.395,0.699
2012,112,Chicago Cubs,5967,5411,137,447,1235,613,0.24,0.302,0.378,0.68
2012,139,Tampa Bay Rays,6105,5398,175,571,1323,697,0.24,0.317,0.394,0.711
2012,133,Oakland Athletics,6183,5527,195,550,1387,713,0.238,0.31,0.404,0.714
2012,117,Houston Astros,6014,5407,146,463,1365,583,0.236,0.302,0.371,0.673
2012,136,Seattle Mariners,6057,5494,149,466,1259,619,0.234,0.296,0.369,0.665
2013,116,Detroit Tigers,6388,5735,176,531,1073,796,0.283,0.346,0.434,0.78
2013,111,Boston Red Sox,6382,5651,178,581,1308,853,0.277,0.349,0.446,0.795
2013,115,Colorado Rockies,6152,5599,159,427,1204,706,0.27,0.323,0.418,0.741
2013,138,St. Louis Cardinals,6202,5557,125,481,1110,783,0.269,0.332,0.401,0.733
2013,108,Los Angeles Angels,6260,5588,164,523,1221,733,0.264,0.329,0.414,0.743
2013,119,Los Angeles Dodgers,6145,5491,138,476,1146,649,0.264,0.326,0.396,0.722
2013,140,Texas Rangers,6196,5585,176,462,1067,730,0.262,0.323,0.412,0.735
2013,137,San Francisco Giants,6168,5552,107,469,1078,629,0.26,0.32,0.381,0.701
2013,118,Kansas City Royals,6093,5549,112,422,1048,648,0.26,0.315,0.379,0.694
2013,110,Baltimore Orioles,6144,5620,212,416,1125,745,0.26,0.313,0.431,0.744
2013,109,Arizona Diamondbacks,6334,5676,130,519,1142,685,0.259,0.323,0.391,0.714
2013,139,Tampa Bay Rays,6242,5538,165,589,1171,700,0.257,0.329,0.408,0.737
2013,114,Cleveland Indians,6165,5465,171,562,1283,745,0.255,0.327,0.41,0.737
2013,133,Oakland Athletics,6209,5521,186,573,1178,767,0.254,0.327,0.419,0.746
2013,141,Toronto Blue Jays,6152,5537,185,510,1123,712,0.252,0.318,0.411,0.729
2013,158,Milwaukee Brewers,6064,5474,157,407,1183,640,0.252,0.311,0.398,0.709
2013,120,Washington Nationals,6047,5436,161,464,1192,656,0.251,0.313,0.398,0.711
2013,113,Cincinnati Reds,6293,5499,155,585,1245,698,0.249,0.327,0.391,0.718
2013,145,Chicago White Sox,6077,5563,148,411,1207,598,0.249,0.302,0.378,0.68
2013,144,Atlanta Braves,6133,5441,181,542,1384,688,0.249,0.321,0.402,0.723
2013,143,Philadelphia Phillies,6014,5456,140,417,1205,610,0.248,0.306,0.384,0.69
2013,134,Pittsburgh Pirates,6135,5486,161,469,1330,634,0.245,0.313,0.396,0.709
2013,135,San Diego Padres,6122,5517,146,467,1309,618,0.245,0.308,0.378,0.686
2013,147,New York Yankees,6045,5449,144,466,1214,650,0.242,0.307,0.376,0.683
2013,142,Minnesota Twins,6212,5564,151,533,1430,614,0.242,0.312,0.38,0.692
2013,117,Houston Astros,6020,5457,148,426,1535,610,0.24,0.299,0.375,0.674
2013,112,Chicago Cubs,6079,5498,172,439,1230,602,0.238,0.3,0.392,0.692
2013,136,Seattle Mariners,6172,5558,188,529,1353,624,0.237,0.306,0.39,0.696
2013,121,New York Mets,6207,5559,130,512,1384,619,0.237,0.306,0.366,0.672
2013,146,Miami Marlins,6021,5449,95,432,1232,513,0.231,0.293,0.335,0.628
2014,116,Detroit Tigers,6202,5630,155,443,1144,757,0.277,0.331,0.426,0.757
2014,115,Colorado Rockies,6164,5612,186,397,1281,755,0.276,0.327,0.445,0.772
2014,119,Los Angeles Dodgers,6231,5560,134,519,1246,718,0.265,0.333,0.406,0.739
2014,118,Kansas City Royals,6058,5545,95,380,985,651,0.263,0.314,0.376,0.69
2014,134,Pittsburgh Pirates,6224,5536,156,520,1244,682,0.259,0.33,0.404,0.734
2014,108,Los Angeles Angels,6285,5652,155,492,1266,773,0.259,0.322,0.406,0.728
2014,141,Toronto Blue Jays,6167,5549,177,502,1151,723,0.259,0.323,0.414,0.737
2014,140,Texas Rangers,6026,5460,111,417,1162,637,0.256,0.314,0.375,0.689
2014,110,Baltimore Orioles,6130,5596,211,401,1285,705,0.256,0.311,0.422,0.733
2014,137,San Francisco Giants,6087,5523,132,427,1245,665,0.255,0.311,0.388,0.699
2014,142,Minnesota Twins,6233,5567,128,544,1329,715,0.254,0.324,0.389,0.713
2014,120,Washington Nationals,6216,5542,152,517,1304,686,0.253,0.321,0.393,0.714
2014,114,Cleveland Indians,6222,5575,142,504,1189,669,0.253,0.317,0.389,0.706
2014,138,St. Louis Cardinals,6086,5426,105,471,1133,619,0.253,0.32,0.369,0.689
2014,146,Miami Marlins,6185,5538,122,501,1419,645,0.253,0.317,0.378,0.695
2014,145,Chicago White Sox,6077,5543,155,417,1362,660,0.253,0.31,0.398,0.708
2014,158,Milwaukee Brewers,6065,5462,150,423,1197,650,0.25,0.311,0.397,0.708
2014,109,Arizona Diamondbacks,6089,5552,118,398,1165,615,0.248,0.302,0.376,0.678
2014,139,Tampa Bay Rays,6205,5516,117,527,1124,612,0.247,0.317,0.367,0.684
2014,147,New York Yankees,6082,5497,147,452,1133,633,0.245,0.307,0.38,0.687
2014,133,Oakland Athletics,6245,5545,146,586,1104,729,0.244,0.32,0.381,0.701
2014,111,Boston Red Sox,6226,5551,123,535,1337,634,0.244,0.316,0.369,0.685
2014,136,Seattle Mariners,5977,5450,136,396,1232,634,0.244,0.3,0.376,0.676
2014,143,Philadelphia Phillies,6198,5603,125,443,1306,619,0.242,0.302,0.363,0.665
2014,117,Houston Astros,6055,5447,163,495,1442,629,0.242,0.309,0.383,0.692
2014,144,Atlanta Braves,6064,5468,123,472,1369,573,0.241,0.305,0.36,0.665
2014,112,Chicago Cubs,6102,5508,157,442,1477,614,0.239,0.3,0.385,0.685
2014,121,New York Mets,6145,5472,125,516,1264,629,0.239,0.308,0.364,0.672
2014,113,Cincinnati Reds,5978,5395,131,415,1252,595,0.238,0.296,0.365,0.661
2014,135,San Diego Padres,5905,5294,109,468,1294,535,0.226,0.292,0.342,0.634
2015,116,Detroit Tigers,6159,5605,151,455,1259,689,0.27,0.328,0.42,0.748
2015,141,Toronto Blue Jays,6232,5509,232,570,1151,891,0.269,0.34,0.457,0.797
2015,118,Kansas City Royals,6116,5575,139,383,973,724,0.269,0.322,0.412,0.734
2015,137,San Francisco Giants,6153,5565,136,457,1159,696,0.267,0.326,0.406,0.732
2015,115,Colorado Rockies,6071,5572,186,388,1283,737,0.265,0.315,0.432,0.747
2015,111,Boston Red Sox,6237,5640,161,478,1148,748,0.265,0.325,0.415,0.74
2015,109,Arizona Diamondbacks,6276,5649,154,490,1312,720,0.264,0.324,0.414,0.738
2015,146,Miami Marlins,5988,5463,120,375,1150,613,0.26,0.31,0.384,0.694
2015,134,Pittsburgh Pirates,6285,5631,140,461,1322,697,0.26,0.323,0.396,0.719
2015,140,Texas Rangers,6187,5511,172,503,1233,751,0.257,0.325,0.413,0.738
2015,114,Cleveland Indians,6109,5439,141,533,1157,669,0.256,0.325,0.401,0.726
2015,138,St. Louis Cardinals,6139,5484,137,506,1267,647,0.253,0.321,0.394,0.715
2015,139,Tampa Bay Rays,6071,5485,167,436,1310,644,0.252,0.314,0.406,0.72
2015,158,Milwaukee Brewers,6024,5480,145,412,1299,655,0.251,0.307,0.393,0.7
2015,144,Atlanta Braves,6034,5420,100,471,1107,573,0.251,0.314,0.359,0.673
2015,120,Washington Nationals,6117,5428,177,539,1344,703,0.251,0.321,0.403,0.724
2015,147,New York Yankees,6268,5567,212,554,1227,764,0.251,0.323,0.421,0.744
2015,133,Oakland Athletics,6171,5600,146,475,1119,694,0.251,0.312,0.395,0.707
2015,119,Los Angeles Dodgers,6090,5385,187,563,1258,667,0.25,0.326,0.413,0.739
2015,110,Baltimore Orioles,6007,5485,217,418,1331,713,0.25,0.307,0.421,0.728
2015,117,Houston Astros,6073,5459,230,486,1392,729,0.25,0.315,0.437,0.752
2015,145,Chicago White Sox,6070,5533,136,404,1231,622,0.25,0.306,0.38,0.686
2015,136,Seattle Mariners,6131,5544,198,478,1336,656,0.249,0.311,0.411,0.722
2015,143,Philadelphia Phillies,6053,5529,130,387,1274,626,0.249,0.303,0.382,0.685
2015,113,Cincinnati Reds,6196,5571,167,496,1255,640,0.248,0.312,0.394,0.706
2015,142,Minnesota Twins,6017,5467,156,439,1264,696,0.247,0.305,0.399,0.704
2015,108,Los Angeles Angels,5990,5417,176,435,1150,661,0.246,0.307,0.396,0.703
2015,121,New York Mets,6145,5527,177,488,1290,683,0.244,0.312,0.4,0.712
2015,112,Chicago Cubs,6200,5491,171,567,1518,689,0.244,0.321,0.398,0.719
2015,135,San Diego Padres,6019,5457,148,426,1327,650,0.243,0.3,0.385,0.685
2016,111,Boston Red Sox,6320,5670,208,558,1160,878,0.282,0.348,0.461,0.809
2016,115,Colorado Rockies,6236,5614,204,494,1330,845,0.275,0.336,0.457,0.793
2016,116,Detroit Tigers,6127,5526,211,493,1303,750,0.267,0.331,0.438,0.769
2016,146,Miami Marlins,6134,5547,128,447,1213,655,0.263,0.322,0.394,0.716
2016,140,Texas Rangers,6089,5525,215,436,1220,765,0.262,0.322,0.433,0.755
2016,114,Cleveland Indians,6155,5484,185,531,1246,777,0.262,0.329,0.43,0.759
2016,118,Kansas City Royals,6052,5552,147,382,1224,675,0.261,0.312,0.4,0.712
2016,109,Arizona Diamondbacks,6260,5665,190,463,1427,752,0.261,0.32,0.432,0.752
2016,108,Los Angeles Angels,6041,5431,156,471,991,717,0.26,0.322,0.405,0.727
2016,136,Seattle Mariners,6227,5583,223,506,1288,768,0.259,0.326,0.43,0.756
2016,137,San Francisco Giants,6271,5565,130,572,1107,715,0.258,0.329,0.398,0.727
2016,134,Pittsburgh Pirates,6261,5542,153,561,1334,729,0.257,0.332,0.402,0.734
2016,145,Chicago White Sox,6131,5550,168,455,1285,686,0.257,0.317,0.41,0.727
2016,112,Chicago Cubs,6335,5503,199,656,1339,808,0.256,0.343,0.429,0.772
2016,110,Baltimore Orioles,6089,5524,253,468,1324,744,0.256,0.317,0.443,0.76
2016,113,Cincinnati Reds,6094,5487,164,452,1284,716,0.256,0.316,0.408,0.724
2016,120,Washington Nationals,6201,5490,203,536,1252,763,0.256,0.326,0.426,0.752
2016,138,St. Louis Cardinals,6223,5548,225,526,1318,779,0.255,0.325,0.442,0.767
2016,144,Atlanta Braves,6192,5514,122,502,1240,649,0.255,0.321,0.384,0.705
2016,147,New York Yankees,6059,5458,183,475,1188,680,0.252,0.315,0.405,0.72
2016,142,Minnesota Twins,6245,5618,200,513,1426,722,0.251,0.316,0.421,0.737
2016,119,Los Angeles Dodgers,6164,5518,189,525,1321,725,0.249,0.319,0.409,0.728
2016,141,Toronto Blue Jays,6233,5479,221,632,1362,759,0.248,0.33,0.426,0.756
2016,117,Houston Astros,6204,5545,198,554,1452,724,0.247,0.319,0.417,0.736
2016,121,New York Mets,6115,5459,218,517,1302,671,0.246,0.316,0.417,0.733
2016,133,Oakland Athletics,6022,5500,169,442,1145,653,0.246,0.304,0.395,0.699
2016,158,Milwaukee Brewers,6061,5330,194,599,1543,671,0.244,0.322,0.407,0.729
2016,139,Tampa Bay Rays,6046,5481,216,449,1482,672,0.243,0.307,0.426,0.733
2016,143,Philadelphia Phillies,5992,5434,161,424,1376,610,0.24,0.301,0.384,0.685
2016,135,San Diego Padres,6001,5419,177,449,1500,686,0.235,0.299,0.39,0.689
2017,117,Houston Astros,6271,5611,238,509,1087,896,0.282,0.346,0.478,0.824
2017,115,Colorado Rockies,6201,5534,192,519,1408,824,0.273,0.338,0.444,0.782
2017,146,Miami Marlins,6248,5602,194,486,1282,778,0.267,0.331,0.431,0.762
2017,120,Washington Nationals,6214,5553,215,542,1327,819,0.266,0.332,0.449,0.781
2017,114,Cleveland Indians,6234,5511,212,604,1153,818,0.263,0.339,0.449,0.788
2017,144,Atlanta Braves,6216,5584,165,474,1184,732,0.263,0.326,0.412,0.738
2017,147,New York Yankees,6354,5594,241,616,1386,858,0.262,0.339,0.447,0.786
2017,110,Baltimore Orioles,6140,5650,232,392,1412,743,0.26,0.312,0.435,0.747
2017,142,Minnesota Twins,6261,5557,206,593,1342,815,0.26,0.334,0.434,0.768
2017,118,Kansas City Royals,6027,5536,193,390,1166,702,0.259,0.311,0.42,0.731
2017,136,Seattle Mariners,6166,5551,200,487,1267,750,0.259,0.325,0.424,0.749
2017,116,Detroit Tigers,6150,5556,187,503,1313,735,0.258,0.324,0.424,0.748
2017,111,Boston Red Sox,6338,5669,168,571,1224,785,0.258,0.329,0.407,0.736
2017,138,St. Louis Cardinals,6219,5470,196,593,1348,761,0.256,0.334,0.426,0.76
2017,145,Chicago White Sox,6059,5513,186,401,1397,706,0.256,0.314,0.417,0.731
2017,112,Chicago Cubs,6283,5496,223,622,1401,822,0.255,0.338,0.437,0.775
2017,109,Arizona Diamondbacks,6224,5525,220,578,1456,812,0.254,0.329,0.445,0.774
2017,113,Cincinnati Reds,6213,5484,219,565,1329,753,0.253,0.329,0.433,0.762
2017,121,New York Mets,6169,5510,224,529,1291,735,0.25,0.32,0.434,0.754
2017,143,Philadelphia Phillies,6133,5535,174,494,1417,690,0.25,0.315,0.409,0.724
2017,158,Milwaukee Brewers,6135,5467,224,547,1571,732,0.249,0.322,0.429,0.751
2017,119,Los Angeles Dodgers,6191,5408,221,649,1380,770,0.249,0.334,0.437,0.771
2017,137,San Francisco Giants,6137,5551,128,467,1204,639,0.249,0.309,0.38,0.689
2017,133,Oakland Athletics,6126,5464,234,565,1491,739,0.246,0.319,0.436,0.755
2017,139,Tampa Bay Rays,6147,5478,228,545,1538,694,0.245,0.317,0.422,0.739
2017,140,Texas Rangers,6122,5430,237,544,1493,799,0.244,0.32,0.43,0.75
2017,134,Pittsburgh Pirates,6136,5458,151,519,1213,668,0.244,0.318,0.386,0.704
2017,108,Los Angeles Angels,6073,5415,186,523,1198,710,0.243,0.315,0.397,0.712
2017,141,Toronto Blue Jays,6154,5499,222,542,1327,693,0.24,0.312,0.412,0.724
2017,135,San Diego Padres,5954,5356,189,460,1499,604,0.234,0.299,0.393,0.692
2018,111,Boston Red Sox,6302,5623,208,569,1253,876,0.268,0.339,0.453,0.792
2018,114,Cleveland Indians,6300,5595,216,554,1189,818,0.259,0.332,0.434,0.766
2018,139,Tampa Bay Rays,6195,5475,150,540,1388,716,0.258,0.333,0.406,0.739
2018,112,Chicago Cubs,6369,5624,167,576,1388,761,0.258,0.333,0.41,0.743
2018,144,Atlanta Braves,6251,5582,175,511,1290,759,0.257,0.324,0.417,0.741
2018,115,Colorado Rockies,6178,5541,210,507,1397,780,0.256,0.322,0.435,0.757
2018,117,Houston Astros,6146,5453,205,565,1197,797,0.255,0.329,0.425,0.754
2018,136,Seattle Mariners,6087,5513,176,430,1221,677,0.254,0.314,0.408,0.722
2018,120,Washington Nationals,6288,5517,191,631,1289,771,0.254,0.335,0.419,0.754
2018,113,Cincinnati Reds,6240,5532,172,559,1376,696,0.254,0.328,0.401,0.729
2018,134,Pittsburgh Pirates,6066,5447,157,474,1229,692,0.254,0.317,0.407,0.724
2018,158,Milwaukee Brewers,6210,5542,218,537,1458,754,0.252,0.323,0.424,0.747
2018,133,Oakland Athletics,6255,5579,227,550,1381,813,0.252,0.325,0.439,0.764
2018,119,Los Angeles Dodgers,6358,5572,235,647,1436,804,0.25,0.333,0.442,0.775
2018,142,Minnesota Twins,6154,5526,166,534,1328,738,0.25,0.318,0.405,0.723
2018,147,New York Yankees,6271,5515,267,625,1421,851,0.249,0.329,0.451,0.78
2018,138,St. Louis Cardinals,6200,5498,205,525,1380,759,0.249,0.321,0.409,0.73
2018,118,Kansas City Royals,6063,5505,155,427,1310,638,0.245,0.305,0.392,0.697
2018,141,Toronto Blue Jays,6076,5477,217,499,1387,709,0.244,0.312,0.427,0.739
2018,108,Los Angeles Angels,6108,5472,214,514,1300,721,0.242,0.313,0.413,0.726
2018,116,Detroit Tigers,6029,5494,135,428,1341,630,0.241,0.3,0.38,0.68
2018,145,Chicago White Sox,6071,5523,182,425,1594,656,0.241,0.302,0.401,0.703
2018,140,Texas Rangers,6163,5453,194,555,1484,737,0.24,0.318,0.404,0.722
2018,110,Baltimore Orioles,6034,5507,188,422,1412,622,0.239,0.298,0.391,0.689
2018,137,San Francisco Giants,6113,5541,133,448,1467,603,0.239,0.3,0.368,0.668
2018,146,Miami Marlins,6083,5488,128,455,1384,589,0.237,0.303,0.357,0.66
2018,109,Arizona Diamondbacks,6157,5460,176,560,1460,693,0.235,0.31,0.397,0.707
2018,135,San Diego Padres,6059,5486,162,471,1523,617,0.235,0.297,0.38,0.677
2018,121,New York Mets,6177,5468,170,566,1404,676,0.234,0.312,0.389,0.701
2018,143,Philadelphia Phillies,6136,5424,186,582,1520,677,0.234,0.314,0.393,0.707
2019,117,Houston Astros,6394,5613,288,645,1166,920,0.274,0.352,0.495,0.847
2019,142,Minnesota Twins,6392,5732,307,525,1334,939,0.27,0.338,0.494,0.832
2019,111,Boston Red Sox,6475,5770,245,590,1382,901,0.269,0.34,0.466,0.806
2019,147,New York Yankees,6245,5583,306,569,1437,943,0.267,0.339,0.49,0.829
2019,115,Colorado Rockies,6288,5660,224,489,1503,835,0.265,0.326,0.456,0.782
2019,120,Washington Nationals,6267,5512,231,584,1308,873,0.265,0.342,0.454,0.796
2019,134,Pittsburgh Pirates,6228,5657,163,425,1213,758,0.265,0.321,0.42,0.741
2019,145,Chicago White Sox,6042,5529,182,378,1549,708,0.261,0.314,0.414,0.728
2019,144,Atlanta Braves,6302,5560,249,619,1467,855,0.258,0.336,0.452,0.788
2019,119,Los Angeles Dodgers,6282,5493,279,607,1356,886,0.257,0.338,0.472,0.81
2019,121,New York Mets,6290,5624,242,516,1384,791,0.257,0.328,0.442,0.77
2019,139,Tampa Bay Rays,6285,5628,217,542,1493,769,0.254,0.325,0.431,0.756
2019,112,Chicago Cubs,6195,5461,256,581,1460,814,0.252,0.331,0.452,0.783
2019,109,Arizona Diamondbacks,6315,5633,220,540,1360,813,0.252,0.323,0.434,0.757
2019,114,Cleveland Indians,6124,5425,223,563,1332,769,0.25,0.323,0.432,0.755
2019,133,Oakland Athletics,6269,5561,257,578,1338,845,0.249,0.327,0.448,0.775
2019,140,Texas Rangers,6204,5540,223,534,1578,810,0.248,0.319,0.431,0.75
2019,108,Los Angeles Angels,6251,5542,220,586,1276,769,0.247,0.324,0.422,0.746
2019,118,Kansas City Royals,6080,5496,162,456,1405,691,0.247,0.309,0.401,0.71
2019,158,Milwaukee Brewers,6309,5542,250,629,1563,769,0.246,0.329,0.438,0.767
2019,110,Baltimore Orioles,6189,5596,213,462,1435,729,0.246,0.31,0.415,0.725
2019,143,Philadelphia Phillies,6261,5571,215,562,1453,774,0.246,0.319,0.427,0.746
2019,138,St. Louis Cardinals,6167,5449,210,561,1420,764,0.245,0.322,0.415,0.737
2019,113,Cincinnati Reds,6100,5450,227,492,1436,701,0.244,0.315,0.422,0.737
2019,146,Miami Marlins,6045,5512,146,395,1469,615,0.241,0.298,0.375,0.673
2019,116,Detroit Tigers,6039,5549,149,391,1595,582,0.24,0.294,0.388,0.682
2019,137,San Francisco Giants,6170,5579,167,475,1435,678,0.239,0.302,0.392,0.694
2019,135,San Diego Padres,6019,5391,219,504,1581,682,0.238,0.308,0.41,0.718
2019,136,Seattle Mariners,6199,5500,239,588,1581,758,0.237,0.316,0.424,0.74
2019,141,Toronto Blue Jays,6091,5493,247,509,1514,726,0.236,0.305,0.428,0.733
2020,121,New York Mets,2279,2023,86,197,498,286,0.272,0.348,0.459,0.807
2020,144,Atlanta Braves,2344,2074,103,239,573,348,0.268,0.349,0.483,0.832
2020,111,Boston Red Sox,2304,2083,81,187,545,292,0.265,0.33,0.445,0.775
2020,120,Washington Nationals,2218,1968,66,192,451,293,0.264,0.336,0.433,0.769
2020,137,San Francisco Giants,2259,2019,81,195,499,299,0.263,0.335,0.451,0.786
2020,145,Chicago White Sox,2267,2047,96,179,571,306,0.261,0.326,0.453,0.779
2020,110,Baltimore Orioles,2242,2026,77,164,514,274,0.258,0.321,0.429,0.75
2020,115,Colorado Rockies,2257,2057,63,161,543,275,0.257,0.311,0.405,0.716
2020,143,Philadelphia Phillies,2223,1948,82,229,480,306,0.257,0.342,0.439,0.781
2020,135,San Diego Padres,2231,1972,95,204,479,325,0.257,0.333,0.466,0.799
2020,119,Los Angeles Dodgers,2316,2042,118,228,471,349,0.256,0.338,0.483,0.821
2020,141,Toronto Blue Jays,2263,2023,88,203,508,302,0.255,0.325,0.441,0.766
2020,108,Los Angeles Angels,2308,2020,85,239,490,294,0.248,0.332,0.43,0.762
2020,147,New York Yankees,2210,1915,94,251,480,315,0.247,0.342,0.447,0.789
2020,116,Detroit Tigers,2076,1893,62,147,567,249,0.245,0.303,0.397,0.7
2020,118,Kansas City Royals,2200,1988,68,172,527,248,0.244,0.309,0.402,0.711
2020,146,Miami Marlins,2167,1935,60,191,537,263,0.244,0.319,0.384,0.703
2020,142,Minnesota Twins,2168,1937,91,186,528,269,0.242,0.315,0.427,0.742
2020,109,Arizona Diamondbacks,2238,1997,58,181,461,269,0.241,0.312,0.391,0.703
2020,117,Houston Astros,2229,1992,69,192,440,279,0.24,0.312,0.408,0.72
2020,139,Tampa Bay Rays,2261,1975,80,243,608,289,0.238,0.328,0.425,0.753
2020,138,St. Louis Cardinals,2011,1752,51,205,477,240,0.234,0.323,0.371,0.694
2020,114,Cleveland Indians,2247,1959,59,239,517,248,0.228,0.317,0.372,0.689
2020,136,Seattle Mariners,2181,1929,60,207,545,254,0.226,0.309,0.37,0.679
2020,133,Oakland Athletics,2201,1908,71,238,524,274,0.225,0.322,0.396,0.718
2020,158,Milwaukee Brewers,2188,1920,75,221,582,247,0.223,0.313,0.389,0.702
2020,112,Chicago Cubs,2214,1918,74,229,568,265,0.22,0.318,0.387,0.705
2020,134,Pittsburgh Pirates,2134,1932,59,167,521,219,0.22,0.284,0.357,0.641
2020,140,Texas Rangers,2147,1936,62,167,548,224,0.217,0.285,0.364,0.649
2020,113,Cincinnati Reds,2123,1842,90,239,534,243,0.212,0.312,0.403,0.715
2021,117,Houston Astros,6291,5593,221,569,1222,863,0.267,0.339,0.444,0.783
2021,141,Toronto Blue Jays,6070,5476,262,496,1218,846,0.266,0.33,0.466,0.796
2021,111,Boston Red Sox,6122,5495,219,512,1386,829,0.261,0.328,0.449,0.777
2021,120,Washington Nationals,6113,5385,182,573,1303,724,0.258,0.337,0.417,0.754
2021,145,Chicago White Sox,6084,5357,190,586,1389,796,0.256,0.336,0.422,0.758
2021,113,Cincinnati Reds,6162,5423,222,553,1425,786,0.249,0.328,0.431,0.759
2021,137,San Francisco Giants,6196,5462,241,602,1461,804,0.249,0.329,0.44,0.769
2021,115,Colorado Rockies,6007,5374,182,491,1356,739,0.249,0.317,0.414,0.731
2021,118,Kansas City Royals,5993,5427,163,421,1258,686,0.249,0.306,0.396,0.702
2021,108,Los Angeles Angels,6016,5437,190,464,1394,723,0.245,0.31,0.407,0.717
2021,119,Los Angeles Dodgers,6239,5445,237,613,1408,830,0.244,0.33,0.429,0.759
2021,144,Atlanta Braves,6056,5363,239,549,1453,790,0.244,0.319,0.435,0.754
2021,138,St. Louis Cardinals,6001,5351,198,478,1341,706,0.244,0.313,0.412,0.725
2021,139,Tampa Bay Rays,6213,5507,222,585,1542,857,0.243,0.321,0.429,0.75
2021,135,San Diego Padres,6119,5384,180,586,1324,729,0.242,0.321,0.401,0.722
2021,116,Detroit Tigers,5979,5376,179,490,1514,697,0.242,0.308,0.399,0.707
2021,142,Minnesota Twins,6078,5431,228,525,1405,729,0.241,0.314,0.423,0.737
2021,143,Philadelphia Phillies,6089,5366,198,564,1402,734,0.24,0.318,0.408,0.726
2021,110,Baltimore Orioles,5983,5420,195,451,1454,659,0.239,0.304,0.402,0.706
2021,121,New York Mets,5856,5210,176,495,1392,636,0.239,0.315,0.391,0.706
2021,133,Oakland Athletics,6104,5395,199,545,1349,743,0.238,0.317,0.406,0.723
2021,114,Cleveland Indians,5907,5332,203,453,1387,717,0.238,0.303,0.407,0.71
2021,147,New York Yankees,6060,5331,222,621,1482,711,0.237,0.322,0.407,0.729
2021,112,Chicago Cubs,5972,5306,210,502,1596,705,0.237,0.312,0.407,0.719
2021,134,Pittsburgh Pirates,5983,5336,124,529,1328,609,0.236,0.309,0.364,0.673
2021,109,Arizona Diamondbacks,6144,5489,144,537,1465,679,0.236,0.309,0.382,0.691
2021,158,Milwaukee Brewers,6099,5362,194,586,1465,738,0.233,0.317,0.396,0.713
2021,146,Miami Marlins,5929,5348,158,450,1553,623,0.233,0.298,0.372,0.67
2021,140,Texas Rangers,5943,5405,167,433,1381,625,0.232,0.294,0.375,0.669
2021,136,Seattle Mariners,6010,5355,199,535,1492,697,0.226,0.303,0.385,0.688
2022,141,Toronto Blue Jays,6158,5555,200,500,1242,775,0.264,0.329,0.431,0.76
2022,121,New York Mets,6176,5489,171,510,1217,772,0.259,0.332,0.412,0.744
2022,111,Boston Red Sox,6144,5539,155,478,1373,735,0.258,0.321,0.409,0.73
2022,119,Los Angeles Dodgers,6247,5526,212,607,1374,847,0.257,0.333,0.442,0.775
2022,145,Chicago White Sox,6123,5611,149,388,1269,686,0.256,0.31,0.387,0.697
2022,115,Colorado Rockies,6105,5540,149,453,1330,698,0.254,0.315,0.398,0.713
2022,114,Cleveland Guardians,6163,5558,127,450,1122,698,0.254,0.316,0.383,0.699
2022,143,Philadelphia Phillies,6077,5496,205,478,1363,747,0.253,0.317,0.422,0.739
2022,144,Atlanta Braves,6082,5509,243,470,1498,789,0.253,0.317,0.443,0.76
2022,138,St. Louis Cardinals,6165,5496,197,537,1226,772,0.252,0.325,0.42,0.745
2022,120,Washington Nationals,5998,5434,136,442,1221,603,0.249,0.31,0.377,0.687
2022,117,Houston Astros,6054,5409,214,528,1179,737,0.248,0.319,0.424,0.743
2022,142,Minnesota Twins,6113,5476,178,518,1353,696,0.248,0.317,0.401,0.718
2022,118,Kansas City Royals,6010,5437,138,460,1287,640,0.244,0.306,0.38,0.686
2022,147,New York Yankees,6172,5422,254,620,1391,807,0.241,0.325,0.426,0.751
2022,135,San Diego Padres,6175,5468,153,574,1327,705,0.241,0.318,0.382,0.7
2022,139,Tampa Bay Rays,6008,5412,139,500,1395,666,0.239,0.309,0.377,0.686
2022,140,Texas Rangers,6029,5478,198,456,1446,707,0.239,0.301,0.395,0.696
2022,112,Chicago Cubs,6072,5425,159,507,1448,657,0.238,0.311,0.387,0.698
2022,110,Baltimore Orioles,6049,5429,171,476,1390,674,0.236,0.305,0.39,0.695
2022,113,Cincinnati Reds,5978,5380,156,452,1430,648,0.235,0.304,0.372,0.676
2022,158,Milwaukee Brewers,6122,5417,219,577,1464,725,0.235,0.315,0.409,0.724
2022,137,San Francisco Giants,6117,5392,183,571,1462,716,0.234,0.315,0.389,0.704
2022,108,Los Angeles Angels,5977,5423,190,449,1539,623,0.233,0.297,0.39,0.687
2022,116,Detroit Tigers,5870,5378,110,380,1413,557,0.231,0.286,0.346,0.632
2022,109,Arizona Diamondbacks,6027,5351,173,531,1341,702,0.23,0.304,0.385,0.689
2022,146,Miami Marlins,5949,5395,144,436,1429,586,0.23,0.294,0.363,0.657
2022,136,Seattle Mariners,6117,5375,197,596,1397,690,0.23,0.315,0.39,0.705
2022,134,Pittsburgh Pirates,5912,5331,158,476,1497,591,0.222,0.291,0.364,0.655
2022,133,Oakland Athletics,5863,5314,137,433,1389,568,0.216,0.281,0.346,0.627
2023,144,Atlanta Braves,6249,5597,307,538,1289,947,0.276,0.344,0.501,0.845
2023,140,Texas Rangers,6306,5595,233,599,1416,881,0.263,0.337,0.452,0.789
2023,139,Tampa Bay Rays,6164,5511,230,514,1420,860,0.26,0.331,0.445,0.776
2023,146,Miami Marlins,6043,5497,166,430,1287,666,0.259,0.316,0.405,0.721
2023,117,Houston Astros,6253,5567,222,550,1241,827,0.259,0.331,0.437,0.768
2023,111,Boston Red Sox,6174,5562,182,486,1372,772,0.258,0.324,0.424,0.748
2023,119,Los Angeles Dodgers,6333,5524,249,644,1359,906,0.257,0.34,0.455,0.795
2023,141,Toronto Blue Jays,6220,5562,188,550,1303,746,0.256,0.329,0.417,0.746
2023,143,Philadelphia Phillies,6207,5541,220,539,1481,796,0.256,0.327,0.438,0.765
2023,110,Baltimore Orioles,6123,5495,183,512,1370,807,0.255,0.321,0.421,0.742
2023,112,Chicago Cubs,6220,5504,196,570,1391,819,0.254,0.33,0.421,0.751
2023,120,Washington Nationals,6085,5522,151,423,1149,700,0.254,0.314,0.396,0.71
2023,114,Cleveland Guardians,6096,5513,124,471,1142,662,0.25,0.313,0.381,0.694
2023,109,Arizona Diamondbacks,6124,5436,166,540,1247,746,0.25,0.322,0.408,0.73
2023,138,St. Louis Cardinals,6204,5510,209,570,1326,719,0.25,0.326,0.416,0.742
2023,113,Cincinnati Reds,6195,5499,198,556,1500,783,0.249,0.327,0.42,0.747
2023,115,Colorado Rockies,6055,5496,163,447,1543,721,0.249,0.31,0.405,0.715
2023,108,Los Angeles Angels,6145,5489,231,518,1524,739,0.245,0.317,0.426,0.743
2023,118,Kansas City Royals,5985,5428,163,411,1396,676,0.244,0.303,0.398,0.701
2023,135,San Diego Padres,6180,5401,205,653,1311,752,0.244,0.329,0.413,0.742
2023,142,Minnesota Twins,6219,5489,233,594,1654,778,0.243,0.326,0.428,0.754
2023,136,Seattle Mariners,6201,5500,210,548,1603,758,0.242,0.321,0.413,0.734
2023,158,Milwaukee Brewers,6084,5386,165,591,1412,728,0.24,0.319,0.385,0.704
2023,134,Pittsburgh Pirates,6089,5406,159,556,1464,692,0.239,0.315,0.392,0.707
2023,121,New York Mets,6056,5363,215,525,1331,717,0.238,0.316,0.407,0.723
2023,145,Chicago White Sox,5980,5501,171,377,1424,641,0.238,0.291,0.384,0.675
2023,116,Detroit Tigers,6080,5478,165,508,1473,661,0.236,0.305,0.382,0.687
2023,137,San Francisco Giants,6095,5412,174,544,1492,674,0.235,0.312,0.383,0.695
2023,147,New York Yankees,5973,5323,219,557,1427,673,0.227,0.304,0.397,0.701
2023,133,Oakland Athletics,5966,5311,171,498,1496,585,0.223,0.298,0.37,0.668
2024,135,San Diego Padres,6103,5526,190,458,1077,760,0.263,0.324,0.42,0.744
2024,109,Arizona Diamondbacks,6284,5522,211,569,1265,886,0.263,0.337,0.44,0.777
2024,117,Houston Astros,6107,5530,190,448,1176,740,0.262,0.322,0.418,0.74
2024,119,Los Angeles Dodgers,6255,5522,233,602,1336,842,0.258,0.335,0.446,0.781
2024,143,Philadelphia Phillies,6166,5534,198,515,1370,784,0.257,0.325,0.425,0.75
2024,111,Boston Red Sox,6192,5577,194,493,1570,751,0.252,0.319,0.423,0.742
2024,110,Baltimore Orioles,6176,5567,235,489,1359,786,0.25,0.315,0.435,0.75
2024,158,Milwaukee Brewers,6170,5472,177,597,1459,777,0.248,0.326,0.403,0.729
2024,147,New York Yankees,6245,5450,237,672,1326,815,0.248,0.333,0.429,0.762
2024,118,Kansas City Royals,5982,5421,170,429,1161,735,0.248,0.306,0.403,0.709
2024,138,St. Louis Cardinals,6114,5507,165,478,1318,672,0.248,0.312,0.392,0.704
2024,121,New York Mets,6166,5510,207,514,1382,768,0.246,0.319,0.415,0.734
2024,142,Minnesota Twins,6123,5490,183,473,1306,742,0.246,0.315,0.411,0.726
2024,146,Miami Marlins,6048,5522,150,403,1410,637,0.244,0.3,0.378,0.678
2024,144,Atlanta Braves,6075,5481,213,485,1461,704,0.243,0.309,0.415,0.724
2024,120,Washington Nationals,5971,5374,135,456,1220,660,0.243,0.309,0.375,0.684
2024,112,Chicago Cubs,6116,5441,170,546,1362,736,0.242,0.317,0.393,0.71
2024,115,Colorado Rockies,6026,5454,179,453,1617,682,0.242,0.304,0.4,0.704
2024,141,Toronto Blue Jays,6060,5410,156,510,1233,671,0.241,0.313,0.389,0.702
2024,137,San Francisco Giants,6062,5460,177,492,1452,693,0.239,0.305,0.396,0.701
2024,140,Texas Rangers,6053,5472,176,490,1284,683,0.238,0.305,0.38,0.685
2024,114,Cleveland Guardians,5927,5310,185,466,1196,708,0.238,0.307,0.395,0.702
2024,134,Pittsburgh Pirates,6086,5477,160,485,1506,665,0.234,0.301,0.371,0.672
2024,116,Detroit Tigers,6021,5442,162,476,1461,682,0.234,0.3,0.385,0.685
2024,133,Oakland Athletics,6034,5432,196,493,1502,643,0.233,0.301,0.393,0.694
2024,113,Cincinnati Reds,5970,5325,174,496,1459,699,0.231,0.305,0.388,0.693
2024,139,Tampa Bay Rays,6006,5389,147,493,1485,604,0.23,0.302,0.366,0.668
2024,108,Los Angeles Angels,5975,5357,165,482,1416,635,0.229,0.301,0.369,0.67
2024,136,Seattle Mariners,6067,5330,185,571,1625,676,0.224,0.311,0.376,0.687
2024,145,Chicago White Sox,5869,5383,133,395,1403,507,0.221,0.278,0.34,0.618
2025,141,Toronto Blue Jays,6180,5507,191,520,1099,798,0.265,0.333,0.427,0.76
2025,143,Philadelphia Phillies,6166,5517,212,528,1337,778,0.258,0.328,0.431,0.759
2025,158,Milwaukee Brewers,6227,5510,166,564,1266,806,0.258,0.332,0.403,0.735
2025,111,Boston Red Sox,6206,5562,186,518,1419,786,0.254,0.324,0.421,0.745
2025,133,Athletics,6151,5547,219,502,1406,733,0.253,0.318,0.431,0.749
2025,119,Los Angeles Dodgers,6187,5481,244,580,1353,825,0.253,0.327,0.441,0.768
2025,135,San Diego Padres,6087,5424,152,510,1161,702,0.252,0.321,0.39,0.711
2025,109,Arizona Diamondbacks,6210,5480,214,545,1316,791,0.251,0.325,0.433,0.758
2025,139,Tampa Bay Rays,6045,5470,182,468,1397,714,0.251,0.313,0.401,0.714
2025,147,New York Yankees,6235,5471,274,639,1463,849,0.251,0.332,0.455,0.787
2025,146,Miami Marlins,6142,5543,154,482,1247,709,0.25,0.314,0.393,0.707
2025,117,Houston Astros,6087,5490,182,471,1301,686,0.25,0.315,0.399,0.714
2025,112,Chicago Cubs,6162,5495,223,554,1277,793,0.249,0.32,0.43,0.75
2025,121,New York Mets,6178,5457,224,563,1325,766,0.249,0.326,0.427,0.753
2025,118,Kansas City Royals,6008,5431,159,435,1096,651,0.247,0.309,0.397,0.706
2025,116,Detroit Tigers,6093,5456,198,511,1454,758,0.247,0.316,0.413,0.729
2025,138,St. Louis Cardinals,6069,5433,148,478,1321,689,0.245,0.314,0.379,0.693
2025,144,Atlanta Braves,6186,5508,190,575,1371,724,0.245,0.32,0.399,0.719
2025,113,Cincinnati Reds,6082,5448,167,527,1415,716,0.245,0.315,0.391,0.706
2025,136,Seattle Mariners,6200,5502,238,544,1446,766,0.244,0.32,0.42,0.74
2025,120,Washington Nationals,5982,5422,161,443,1351,687,0.242,0.304,0.389,0.693
2025,142,Minnesota Twins,6059,5432,191,495,1372,678,0.238,0.31,0.397,0.707
2025,115,Colorado Rockies,5908,5408,160,395,1531,597,0.237,0.293,0.386,0.679
2025,110,Baltimore Orioles,6020,5416,191,484,1457,677,0.235,0.305,0.394,0.699
2025,137,San Francisco Giants,6072,5375,173,556,1380,705,0.235,0.311,0.386,0.697
2025,140,Texas Rangers,6046,5443,175,486,1327,684,0.234,0.302,0.381,0.683
2025,145,Chicago White Sox,5987,5377,165,498,1364,647,0.232,0.302,0.373,0.675
2025,134,Pittsburgh Pirates,6008,5375,117,530,1422,583,0.231,0.305,0.35,0.655
2025,114,Cleveland Guardians,5943,5310,168,494,1344,643,0.226,0.296,0.373,0.669
2025,108,Los Angeles Angels,6000,5374,226,484,1627,673,0.225,0.298,0.397,0.695
2026,119,Los Angeles Dodgers,2695,2348,94,281,543,375,0.262,0.345,0.439,0.784
2026,137,San Francisco Giants,2641,2429,72,160,550,290,0.258,0.307,0.417,0.724
2026,139,Tampa Bay Rays,2530,2218,54,244,483,300,0.257,0.336,0.384,0.72
2026,144,Atlanta Braves,2617,2349,93,215,542,355,0.256,0.323,0.427,0.75
2026,158,Milwaukee Brewers,2624,2279,58,292,546,358,0.254,0.34,0.39,0.73
2026,134,Pittsburgh Pirates,2744,2415,84,273,647,354,0.253,0.334,0.405,0.739
2026,141,Toronto Blue Jays,2613,2350,67,198,509,289,0.25,0.314,0.388,0.702
2026,115,Colorado Rockies,2648,2370,68,215,631,301,0.248,0.318,0.395,0.713
2026,133,Athletics,2664,2355,89,260,595,304,0.247,0.327,0.411,0.738
2026,146,Miami Marlins,2617,2308,58,239,568,304,0.246,0.324,0.383,0.707
2026,111,Boston Red Sox,2515,2254,55,194,552,268,0.245,0.314,0.382,0.696
2026,120,Washington Nationals,2707,2402,91,243,579,374,0.244,0.321,0.418,0.739
2026,138,St. Louis Cardinals,2570,2263,77,225,544,306,0.244,0.323,0.394,0.717
2026,145,Chicago White Sox,2600,2262,92,251,618,326,0.243,0.329,0.413,0.742
2026,117,Houston Astros,2694,2389,92,243,590,325,0.243,0.319,0.411,0.73
2026,147,New York Yankees,2580,2250,98,294,590,347,0.242,0.331,0.432,0.763
2026,110,Baltimore Orioles,2699,2367,84,278,635,338,0.242,0.324,0.403,0.727
2026,118,Kansas City Royals,2643,2334,63,243,563,277,0.24,0.315,0.377,0.692
2026,142,Minnesota Twins,2679,2373,82,235,604,327,0.239,0.316,0.396,0.712
2026,112,Chicago Cubs,2734,2373,80,299,582,322,0.238,0.331,0.391,0.722
2026,109,Arizona Diamondbacks,2560,2285,60,212,522,294,0.238,0.306,0.384,0.69
2026,136,Seattle Mariners,2691,2376,93,243,608,307,0.238,0.318,0.401,0.719
2026,140,Texas Rangers,2575,2279,68,234,582,276,0.237,0.316,0.382,0.698
2026,108,Los Angeles Angels,2658,2346,79,241,659,312,0.235,0.317,0.388,0.705
2026,116,Detroit Tigers,2629,2317,76,262,597,287,0.234,0.315,0.391,0.706
2026,114,Cleveland Guardians,2665,2333,65,276,552,286,0.231,0.317,0.372,0.689
2026,113,Cincinnati Reds,2604,2293,86,269,634,288,0.23,0.314,0.394,0.708
2026,121,New York Mets,2550,2302,74,190,563,279,0.228,0.292,0.37,0.662
2026,143,Philadelphia Phillies,2553,2297,86,208,593,276,0.226,0.296,0.385,0.681
2026,135,San Diego Padres,2476,2215,67,217,573,258,0.218,0.291,0.359,0.65
